COMPLAINT_NO,ACCOUNT_NO,REMARKS,COMPLAINT_DATE,RESOLVED_DATE,STATUS,SUBSTATION,SUBDIVISION,DIVISION,ZONE,CIRCLE,COMPLAINT_TYPE,OFFICER
KS06012611712,1075343807,"line ka fuse udh gaya tez hawa mein, dobara nahi laga abhi tak",2026-06-01 00:10,2026-06-02 08:10,CLOSED,KAKADEO,KAKADEO SUBDIVISION,DIVISION-4,ZONE-2,CIRCLE-2,Fuse Off Call (FOC),A. Hussain
KS06012611700,1013175375,temporary connection ki application pending hai construction site ke liye,2026-06-01 03:19,,PENDING,ARYA NAGAR,ARYA NAGAR SUBDIVISION,DIVISION-2,ZONE-1,CIRCLE-1,New Connection,D. Yadav
KS06012611515,1052461235,"transformer bahut garam ho raha hai aur buzzing sound aa rahi hai, overload lag raha hai",2026-06-01 04:50,2026-06-01 21:50,CLOSED,HARRISGANJ,HARRISGANJ SUBDIVISION,DIVISION-1,ZONE-1,CIRCLE-1,Overloading,L. Awasthi
KS06012610977,1074060385,"high tension line mein kharabi hai, JE sahab abhi tak nahi aaye",2026-06-01 05:08,2026-06-01 09:08,CLOSED,VIKAS NAGAR,VIKAS NAGAR SUBDIVISION,DIVISION-5,ZONE-2,CIRCLE-3,11KV Line Fault,B. Gupta
KS06012612143,1067353386,"do mahine ka combined bill aaya hai, samajh nahi aa raha calculation",2026-06-01 05:28,2026-06-06 07:28,CLOSED,PANKI,PANKI SUBDIVISION,DIVISION-5,ZONE-2,CIRCLE-3,Billing Related,V. Mishra
KS06012611087,1042450859,"bill time par nahi mila is baar, late fee lag gayi hai bina wajah",2026-06-01 06:05,2026-06-07 09:05,CLOSED,PANKI,PANKI SUBDIVISION,DIVISION-5,ZONE-2,CIRCLE-3,Billing Related,D. Yadav
KS06012612140,1026120970,temporary connection ki application pending hai construction site ke liye,2026-06-01 06:20,,PENDING,VIKAS NAGAR,VIKAS NAGAR SUBDIVISION,DIVISION-5,ZONE-2,CIRCLE-3,New Connection,K. Pandey
KS06012612368,1095500158,"11KV line mein fault aa gaya hai, 6 ghante se bijli band hai poore ilake mein",2026-06-01 06:28,2026-06-01 08:28,CLOSED,RING ROAD,RING ROAD SUBDIVISION,DIVISION-1,ZONE-1,CIRCLE-1,11KV Line Fault,V. Mishra
KS06012611608,1035902811,"voltage bahut kam hai, sirf 180 volt aa raha hai, AC aur fridge kharab ho gaye",2026-06-01 06:55,,PENDING,YASHODA NAGAR,YASHODA NAGAR SUBDIVISION,DIVISION-4,ZONE-2,CIRCLE-2,Voltage Fluctuation,J. Singh
KS06012611471,1030945892,"aspatal mein 20 ghante se bijli nahi hai, generator ka diesel bhi khatam hone wala hai",2026-06-01 07:25,2026-06-01 21:25,CLOSED,ARYA NAGAR,ARYA NAGAR SUBDIVISION,DIVISION-2,ZONE-1,CIRCLE-1,Supply Related (Miscellaneous),P. Kumar
KS06012610568,1072144598,line fault ke karan pura substation area mein supply thap ho gayi hai,2026-06-01 07:40,2026-06-02 07:40,CLOSED,ARYA NAGAR,ARYA NAGAR SUBDIVISION,DIVISION-2,ZONE-1,CIRCLE-1,11KV Line Fault,K. Pandey
KS06012610711,1091055806,"digital meter display kaam nahi kar raha, kuch bhi nahi dikh raha screen par",2026-06-01 07:42,2026-06-03 07:42,CLOSED,GOVIND NAGAR,GOVIND NAGAR SUBDIVISION,DIVISION-4,ZONE-2,CIRCLE-2,Meter Related,A. Hussain
KS06012611776,1052886009,"pichle bill mein galat amount charge hua hai, correction chahiye",2026-06-01 08:45,,PENDING,ARYA NAGAR,ARYA NAGAR SUBDIVISION,DIVISION-2,ZONE-1,CIRCLE-1,Billing Related,M. Verma
KS06012610542,1030929771,"bill time par nahi mila is baar, late fee lag gayi hai bina wajah",2026-06-01 08:47,2026-06-09 10:47,CLOSED,PANKI,PANKI SUBDIVISION,DIVISION-5,ZONE-2,CIRCLE-3,Billing Related,N. Srivastava
KS06012610115,1087663372,temporary connection ki application pending hai construction site ke liye,2026-06-01 08:56,2026-06-10 08:56,CLOSED,VIKAS NAGAR,VIKAS NAGAR SUBDIVISION,DIVISION-5,ZONE-2,CIRCLE-3,New Connection,A. Hussain
KS06012612410,1032930654,naya meter lagne ke baad se reading galat aa rahi hai har mahine,2026-06-01 08:59,2026-06-03 11:59,CLOSED,ARYA NAGAR,ARYA NAGAR SUBDIVISION,DIVISION-2,ZONE-1,CIRCLE-1,Meter Related,J. Singh
KS06012611567,1074625799,"transformer mein aag lag gayi aur dhuaan nikal raha hai, poori colony andhere mein hai",2026-06-01 09:00,2026-06-01 10:00,CLOSED,SWAROOP NAGAR,SWAROOP NAGAR SUBDIVISION,DIVISION-2,ZONE-1,CIRCLE-1,DT Damaged/DT Fuse Burnt/Fire on DT,P. Kumar
KS06012611078,1064355019,"digital meter display kaam nahi kar raha, kuch bhi nahi dikh raha screen par",2026-06-01 09:19,,PENDING,RING ROAD,RING ROAD SUBDIVISION,DIVISION-1,ZONE-1,CIRCLE-1,Meter Related,L. Awasthi
KS06012612174,1058897825,"high tension line mein kharabi hai, JE sahab abhi tak nahi aaye",2026-06-01 09:52,2026-06-02 09:52,CLOSED,ARYA NAGAR,ARYA NAGAR SUBDIVISION,DIVISION-2,ZONE-1,CIRCLE-1,11KV Line Fault,K. Pandey
KS06012612203,1092190645,"aspatal mein 20 ghante se bijli nahi hai, generator ka diesel bhi khatam hone wala hai",2026-06-01 09:56,,PENDING,VIKAS NAGAR,VIKAS NAGAR SUBDIVISION,DIVISION-5,ZONE-2,CIRCLE-3,Supply Related (Miscellaneous),N. Srivastava
KS06012611582,1079373048,line fault ke karan pura substation area mein supply thap ho gayi hai,2026-06-01 09:58,2026-06-02 10:58,CLOSED,RING ROAD,RING ROAD SUBDIVISION,DIVISION-1,ZONE-1,CIRCLE-1,11KV Line Fault,R. Kashyap
KS06012610673,1057917378,"do mahine ka combined bill aaya hai, samajh nahi aa raha calculation",2026-06-01 10:03,,PENDING,GOVIND NAGAR,GOVIND NAGAR SUBDIVISION,DIVISION-4,ZONE-2,CIRCLE-2,Billing Related,V. Mishra
KS06012610740,1059392818,"DT mein blast ho gaya, chingari nikal rahi hai, log dar ke maare ghar se bahar hain",2026-06-01 10:16,2026-06-01 14:16,CLOSED,RING ROAD,RING ROAD SUBDIVISION,DIVISION-1,ZONE-1,CIRCLE-1,DT Damaged/DT Fuse Burnt/Fire on DT,A. Hussain
KS06012611463,1049986788,"11KV line mein fault aa gaya hai, 6 ghante se bijli band hai poore ilake mein",2026-06-01 10:32,2026-06-02 00:32,CLOSED,PANKI,PANKI SUBDIVISION,DIVISION-5,ZONE-2,CIRCLE-3,11KV Line Fault,N. Srivastava
KS06012610928,1078248625,naya meter lagne ke baad se reading galat aa rahi hai har mahine,2026-06-01 10:46,2026-06-03 18:46,CLOSED,COLONELGANJ,COLONELGANJ SUBDIVISION,DIVISION-1,ZONE-1,CIRCLE-1,Meter Related,K. Pandey
KS06012612039,1012789530,"do mahine ka combined bill aaya hai, samajh nahi aa raha calculation",2026-06-01 10:52,2026-06-02 10:52,CLOSED,JAJMAU,JAJMAU SUBDIVISION,DIVISION-3,ZONE-2,CIRCLE-2,Billing Related,S. Tiwari
KS06012612495,1037800303,"voltage up-down ho raha hai lagatar, appliances damage ho rahe hain",2026-06-01 10:54,2026-06-03 04:54,CLOSED,ARYA NAGAR,ARYA NAGAR SUBDIVISION,DIVISION-2,ZONE-1,CIRCLE-1,Voltage Fluctuation,R. Kashyap
KS06012610168,1059512209,"11KV line mein fault aa gaya hai, 6 ghante se bijli band hai poore ilake mein",2026-06-01 10:59,2026-06-02 03:59,CLOSED,ARYA NAGAR,ARYA NAGAR SUBDIVISION,DIVISION-2,ZONE-1,CIRCLE-1,11KV Line Fault,N. Srivastava
KS06012610033,1051734775,"high tension line mein kharabi hai, JE sahab abhi tak nahi aaye",2026-06-01 11:18,2026-06-02 04:18,CLOSED,RING ROAD,RING ROAD SUBDIVISION,DIVISION-1,ZONE-1,CIRCLE-1,11KV Line Fault,P. Kumar
KS06012610556,1088776502,"transformer bahut garam ho raha hai aur buzzing sound aa rahi hai, overload lag raha hai",2026-06-01 11:33,2026-06-02 10:33,CLOSED,JAJMAU,JAJMAU SUBDIVISION,DIVISION-3,ZONE-2,CIRCLE-2,Overloading,K. Pandey
KS06012612256,1086634097,temporary connection ki application pending hai construction site ke liye,2026-06-01 11:38,2026-06-08 09:38,CLOSED,TATMILL,TATMILL SUBDIVISION,DIVISION-3,ZONE-2,CIRCLE-2,New Connection,J. Singh
KS06012610728,1079437812,"voltage up-down ho raha hai lagatar, appliances damage ho rahe hain",2026-06-01 11:43,2026-06-01 20:43,CLOSED,VIKAS NAGAR,VIKAS NAGAR SUBDIVISION,DIVISION-5,ZONE-2,CIRCLE-3,Voltage Fluctuation,K. Pandey
KS06012611033,1071047954,"naye ghar ke liye connection application diye hue ek mahina ho gaya hai, abhi tak survey nahi hua",2026-06-01 11:43,,PENDING,YASHODA NAGAR,YASHODA NAGAR SUBDIVISION,DIVISION-4,ZONE-2,CIRCLE-2,New Connection,N. Srivastava
KS06012610783,1094335644,"digital meter display kaam nahi kar raha, kuch bhi nahi dikh raha screen par",2026-06-01 11:51,2026-06-04 00:51,CLOSED,KAKADEO,KAKADEO SUBDIVISION,DIVISION-4,ZONE-2,CIRCLE-2,Meter Related,R. Kashyap
KS06012610947,1043877235,"naye ghar ke liye connection application diye hue ek mahina ho gaya hai, abhi tak survey nahi hua",2026-06-01 12:18,,PENDING,RING ROAD,RING ROAD SUBDIVISION,DIVISION-1,ZONE-1,CIRCLE-1,New Connection,P. Kumar
KS06012612063,1049329035,"11KV ki taar sadak par gir gayi hai, log ke pass se guzar rahe hain, koi accident na ho jaye",2026-06-01 12:20,2026-06-01 18:20,CLOSED,DADA NAGAR,DADA NAGAR SUBDIVISION,DIVISION-5,ZONE-2,CIRCLE-3,Wire Snapping/Pole Fault,K. Pandey
KS06012610784,1077590786,"DT ka fuse baar baar gir raha hai, substation wale theek nahi karte, 3 baar shikayat kar chuke hain",2026-06-01 12:27,,PENDING,SWAROOP NAGAR,SWAROOP NAGAR SUBDIVISION,DIVISION-2,ZONE-1,CIRCLE-1,Fuse Off Call (FOC),S. Tiwari
KS06012612308,1065479951,naya meter lagne ke baad se reading galat aa rahi hai har mahine,2026-06-01 12:53,2026-06-01 20:53,CLOSED,SWAROOP NAGAR,SWAROOP NAGAR SUBDIVISION,DIVISION-2,ZONE-1,CIRCLE-1,Meter Related,S. Tiwari
KS06012611766,1011887349,"DT ka fuse baar baar gir raha hai, substation wale theek nahi karte, 3 baar shikayat kar chuke hain",2026-06-01 13:00,2026-06-03 03:00,CLOSED,SWAROOP NAGAR,SWAROOP NAGAR SUBDIVISION,DIVISION-2,ZONE-1,CIRCLE-1,Fuse Off Call (FOC),D. Yadav
KS06012610604,1092719868,"line ka fuse udh gaya tez hawa mein, dobara nahi laga abhi tak",2026-06-01 13:04,2026-06-02 13:04,CLOSED,GOVIND NAGAR,GOVIND NAGAR SUBDIVISION,DIVISION-4,ZONE-2,CIRCLE-2,Fuse Off Call (FOC),V. Mishra
KS06012611853,1012413185,"bill time par nahi mila is baar, late fee lag gayi hai bina wajah",2026-06-01 13:26,,PENDING,DADA NAGAR,DADA NAGAR SUBDIVISION,DIVISION-5,ZONE-2,CIRCLE-3,Billing Related,R. Kashyap
KS06012611644,1056507121,"aspatal mein 20 ghante se bijli nahi hai, generator ka diesel bhi khatam hone wala hai",2026-06-01 13:43,2026-06-01 18:43,CLOSED,KAKADEO,KAKADEO SUBDIVISION,DIVISION-4,ZONE-2,CIRCLE-2,Supply Related (Miscellaneous),V. Mishra
KS06012611365,1085285589,low voltage ki wajah se motor start nahi ho pa rahi hai,2026-06-01 13:45,2026-06-02 13:45,CLOSED,DADA NAGAR,DADA NAGAR SUBDIVISION,DIVISION-5,ZONE-2,CIRCLE-3,Voltage Fluctuation,A. Hussain
KS06012610226,1034947832,"DT mein blast ho gaya, chingari nikal rahi hai, log dar ke maare ghar se bahar hain",2026-06-01 14:03,2026-06-01 15:03,CLOSED,KIDWAI NAGAR,KIDWAI NAGAR SUBDIVISION,DIVISION-2,ZONE-1,CIRCLE-1,DT Damaged/DT Fuse Burnt/Fire on DT,R. Kashyap
KS06012611931,1062933170,naya meter lagne ke baad se reading galat aa rahi hai har mahine,2026-06-01 14:08,,PENDING,GOVIND NAGAR,GOVIND NAGAR SUBDIVISION,DIVISION-4,ZONE-2,CIRCLE-2,Meter Related,A. Hussain
KS06012612093,1052886009,"DT se lagatar humming noise aa rahi hai, sabko lagta hai kabhi bhi phat sakta hai",2026-06-01 14:08,2026-06-01 22:08,CLOSED,PANKI,PANKI SUBDIVISION,DIVISION-5,ZONE-2,CIRCLE-3,Overloading,D. Yadav
KS06012610196,1045854154,"digital meter display kaam nahi kar raha, kuch bhi nahi dikh raha screen par",2026-06-01 14:19,2026-06-04 12:19,CLOSED,RAWATPUR,RAWATPUR SUBDIVISION,DIVISION-3,ZONE-2,CIRCLE-2,Meter Related,A. Hussain
KS06012610949,1094238603,"high tension line mein kharabi hai, JE sahab abhi tak nahi aaye",2026-06-01 14:48,2026-06-02 14:48,CLOSED,DADA NAGAR,DADA NAGAR SUBDIVISION,DIVISION-5,ZONE-2,CIRCLE-3,11KV Line Fault,J. Singh
KS06012612355,1012789530,"pichle bill mein galat amount charge hua hai, correction chahiye",2026-06-01 14:55,,PENDING,KIDWAI NAGAR,KIDWAI NAGAR SUBDIVISION,DIVISION-2,ZONE-1,CIRCLE-1,Billing Related,M. Verma
KS06012611548,1092251422,line fault ke karan pura substation area mein supply thap ho gayi hai,2026-06-01 14:57,2026-06-01 20:57,CLOSED,KIDWAI NAGAR,KIDWAI NAGAR SUBDIVISION,DIVISION-2,ZONE-1,CIRCLE-1,11KV Line Fault,S. Tiwari
KS06012610804,1011422291,"24 ghante se zyada ho gaye bijli gayi hue, ghar mein pani bhi nahi aa raha pump ke bina",2026-06-01 15:00,2026-06-02 17:00,CLOSED,SWAROOP NAGAR,SWAROOP NAGAR SUBDIVISION,DIVISION-2,ZONE-1,CIRCLE-1,Supply Related (Miscellaneous),A. Hussain
KS06012610574,1091224096,temporary connection ki application pending hai construction site ke liye,2026-06-01 15:10,,PENDING,PANKI,PANKI SUBDIVISION,DIVISION-5,ZONE-2,CIRCLE-3,New Connection,K. Pandey
KS06012612176,1069277051,low voltage ki wajah se motor start nahi ho pa rahi hai,2026-06-01 15:16,2026-06-03 17:16,CLOSED,BARRA,BARRA SUBDIVISION,DIVISION-5,ZONE-2,CIRCLE-3,Voltage Fluctuation,A. Hussain
KS06012612105,1032484347,"pichle bill mein galat amount charge hua hai, correction chahiye",2026-06-01 15:24,2026-06-04 16:24,CLOSED,DADA NAGAR,DADA NAGAR SUBDIVISION,DIVISION-5,ZONE-2,CIRCLE-3,Billing Related,J. Singh
KS06012610239,1094631626,"11KV ki taar sadak par gir gayi hai, log ke pass se guzar rahe hain, koi accident na ho jaye",2026-06-01 15:28,2026-06-01 22:28,CLOSED,COLONELGANJ,COLONELGANJ SUBDIVISION,DIVISION-1,ZONE-1,CIRCLE-1,Wire Snapping/Pole Fault,B. Gupta
KS06012610683,1036456442,low voltage ki wajah se motor start nahi ho pa rahi hai,2026-06-01 15:32,2026-06-04 11:32,CLOSED,GOVIND NAGAR,GOVIND NAGAR SUBDIVISION,DIVISION-4,ZONE-2,CIRCLE-2,Voltage Fluctuation,S. Tiwari
KS06012611154,1013712772,low voltage ki wajah se motor start nahi ho pa rahi hai,2026-06-01 15:36,2026-06-04 14:36,CLOSED,JAJMAU,JAJMAU SUBDIVISION,DIVISION-3,ZONE-2,CIRCLE-2,Voltage Fluctuation,M. Verma
KS06012611169,1091843845,"pole gir gaya hai bijli ki taar ke saath, bahut khatarnak sthiti hai",2026-06-01 15:42,2026-06-01 21:42,CLOSED,GOVIND NAGAR,GOVIND NAGAR SUBDIVISION,DIVISION-4,ZONE-2,CIRCLE-2,Wire Snapping/Pole Fault,J. Singh
KS06012610096,1046844295,line fault ke karan pura substation area mein supply thap ho gayi hai,2026-06-01 15:45,2026-06-02 19:45,CLOSED,YASHODA NAGAR,YASHODA NAGAR SUBDIVISION,DIVISION-4,ZONE-2,CIRCLE-2,11KV Line Fault,A. Hussain
KS06012611831,1052807040,"DT ka fuse baar baar gir raha hai, substation wale theek nahi karte, 3 baar shikayat kar chuke hain",2026-06-01 15:46,2026-06-04 10:46,CLOSED,JAJMAU,JAJMAU SUBDIVISION,DIVISION-3,ZONE-2,CIRCLE-2,Fuse Off Call (FOC),D. Yadav
KS06012610487,1089868059,"DT se lagatar humming noise aa rahi hai, sabko lagta hai kabhi bhi phat sakta hai",2026-06-01 15:51,,PENDING,KAKADEO,KAKADEO SUBDIVISION,DIVISION-4,ZONE-2,CIRCLE-2,Overloading,N. Srivastava
KS06012610297,1056762268,"bill time par nahi mila is baar, late fee lag gayi hai bina wajah",2026-06-01 16:19,2026-06-04 20:19,CLOSED,YASHODA NAGAR,YASHODA NAGAR SUBDIVISION,DIVISION-4,ZONE-2,CIRCLE-2,Billing Related,S. Tiwari
KS06012612003,1011115749,naya meter lagne ke baad se reading galat aa rahi hai har mahine,2026-06-01 16:20,2026-06-03 10:20,CLOSED,RAWATPUR,RAWATPUR SUBDIVISION,DIVISION-3,ZONE-2,CIRCLE-2,Meter Related,J. Singh
KS06012610350,1052807040,"digital meter display kaam nahi kar raha, kuch bhi nahi dikh raha screen par",2026-06-01 16:26,2026-06-04 13:26,CLOSED,VIKAS NAGAR,VIKAS NAGAR SUBDIVISION,DIVISION-5,ZONE-2,CIRCLE-3,Meter Related,L. Awasthi
KS06012611988,1099534953,"line ka fuse udh gaya tez hawa mein, dobara nahi laga abhi tak",2026-06-01 16:27,2026-06-04 09:27,CLOSED,HARRISGANJ,HARRISGANJ SUBDIVISION,DIVISION-1,ZONE-1,CIRCLE-1,Fuse Off Call (FOC),N. Srivastava
KS06012610276,1092321680,line fault ke karan pura substation area mein supply thap ho gayi hai,2026-06-01 16:31,2026-06-02 09:31,CLOSED,DADA NAGAR,DADA NAGAR SUBDIVISION,DIVISION-5,ZONE-2,CIRCLE-3,11KV Line Fault,J. Singh
KS06012610155,1079335583,meter ki reading bahut zyada aa rahi hai jabki consumption kam hua hai is mahine,2026-06-01 16:38,2026-06-03 08:38,CLOSED,VIKAS NAGAR,VIKAS NAGAR SUBDIVISION,DIVISION-5,ZONE-2,CIRCLE-3,Meter Related,A. Hussain
KS06012611116,1039320244,"poore mohalle mein pichle 18 ghanto se supply band hai, bachche aur budhe pareshan hain",2026-06-01 16:52,2026-06-02 08:52,CLOSED,RAWATPUR,RAWATPUR SUBDIVISION,DIVISION-3,ZONE-2,CIRCLE-2,Supply Related (Miscellaneous),A. Hussain
KS06012611699,1048573362,"bill time par nahi mila is baar, late fee lag gayi hai bina wajah",2026-06-01 17:04,2026-06-04 09:04,CLOSED,HARRISGANJ,HARRISGANJ SUBDIVISION,DIVISION-1,ZONE-1,CIRCLE-1,Billing Related,R. Kashyap
KS06012612255,1068373710,"voltage up-down ho raha hai lagatar, appliances damage ho rahe hain",2026-06-01 17:16,2026-06-03 00:16,CLOSED,GOVIND NAGAR,GOVIND NAGAR SUBDIVISION,DIVISION-4,ZONE-2,CIRCLE-2,Voltage Fluctuation,N. Srivastava
KS06012611800,1032331851,naya meter lagne ke baad se reading galat aa rahi hai har mahine,2026-06-01 17:24,2026-06-02 06:24,CLOSED,KIDWAI NAGAR,KIDWAI NAGAR SUBDIVISION,DIVISION-2,ZONE-1,CIRCLE-1,Meter Related,J. Singh
KS06012611047,1065363887,"bill time par nahi mila is baar, late fee lag gayi hai bina wajah",2026-06-01 17:30,,PENDING,KAKADEO,KAKADEO SUBDIVISION,DIVISION-4,ZONE-2,CIRCLE-2,Billing Related,S. Tiwari
KS06012611961,1075792687,"voltage bahut kam hai, sirf 180 volt aa raha hai, AC aur fridge kharab ho gaye",2026-06-01 18:17,2026-06-03 03:17,CLOSED,PANKI,PANKI SUBDIVISION,DIVISION-5,ZONE-2,CIRCLE-3,Voltage Fluctuation,B. Gupta
KS06012612190,1048477523,"24 ghante se zyada ho gaye bijli gayi hue, ghar mein pani bhi nahi aa raha pump ke bina",2026-06-01 18:31,2026-06-02 13:31,CLOSED,DADA NAGAR,DADA NAGAR SUBDIVISION,DIVISION-5,ZONE-2,CIRCLE-3,Supply Related (Miscellaneous),J. Singh
KS06012610970,1056922800,"DT se lagatar humming noise aa rahi hai, sabko lagta hai kabhi bhi phat sakta hai",2026-06-01 18:34,,PENDING,RING ROAD,RING ROAD SUBDIVISION,DIVISION-1,ZONE-1,CIRCLE-1,Overloading,V. Mishra
KS06012612262,1070919029,low voltage ki wajah se motor start nahi ho pa rahi hai,2026-06-01 18:44,2026-06-02 15:44,CLOSED,KIDWAI NAGAR,KIDWAI NAGAR SUBDIVISION,DIVISION-2,ZONE-1,CIRCLE-1,Voltage Fluctuation,D. Yadav
KS06012610146,1074270899,line fault ke karan pura substation area mein supply thap ho gayi hai,2026-06-01 18:45,2026-06-01 23:45,CLOSED,YASHODA NAGAR,YASHODA NAGAR SUBDIVISION,DIVISION-4,ZONE-2,CIRCLE-2,11KV Line Fault,R. Kashyap
KS06012611018,1014799257,"DT mein blast ho gaya, chingari nikal rahi hai, log dar ke maare ghar se bahar hain",2026-06-01 18:45,2026-06-02 00:45,CLOSED,ARYA NAGAR,ARYA NAGAR SUBDIVISION,DIVISION-2,ZONE-1,CIRCLE-1,DT Damaged/DT Fuse Burnt/Fire on DT,K. Pandey
KS06012611835,1045854154,"pole gir gaya hai bijli ki taar ke saath, bahut khatarnak sthiti hai",2026-06-01 18:56,2026-06-01 22:56,CLOSED,SWAROOP NAGAR,SWAROOP NAGAR SUBDIVISION,DIVISION-2,ZONE-1,CIRCLE-1,Wire Snapping/Pole Fault,R. Kashyap
KS06012611746,1070919029,"pichle bill mein galat amount charge hua hai, correction chahiye",2026-06-01 18:59,2026-06-03 02:59,CLOSED,KAKADEO,KAKADEO SUBDIVISION,DIVISION-4,ZONE-2,CIRCLE-2,Billing Related,A. Hussain
KS06012612494,1041925278,"load enhancement ke liye request diya tha, koi update nahi mila",2026-06-01 19:13,,PENDING,RING ROAD,RING ROAD SUBDIVISION,DIVISION-1,ZONE-1,CIRCLE-1,New Connection,A. Hussain
KS06012610093,1084008800,"high tension line mein kharabi hai, JE sahab abhi tak nahi aaye",2026-06-01 19:34,2026-06-02 15:34,CLOSED,HARRISGANJ,HARRISGANJ SUBDIVISION,DIVISION-1,ZONE-1,CIRCLE-1,11KV Line Fault,M. Verma
KS06012611384,1071047954,"fuse off ho gaya hai kal raat se, poori gali mein andhera hai",2026-06-01 19:43,2026-06-03 11:43,CLOSED,TATMILL,TATMILL SUBDIVISION,DIVISION-3,ZONE-2,CIRCLE-2,Fuse Off Call (FOC),B. Gupta
KS06012612243,1052807040,"transformer bahut garam ho raha hai aur buzzing sound aa rahi hai, overload lag raha hai",2026-06-01 19:44,2026-06-02 08:44,CLOSED,ARYA NAGAR,ARYA NAGAR SUBDIVISION,DIVISION-2,ZONE-1,CIRCLE-1,Overloading,J. Singh
KS06012611351,1092190645,"pichle bill mein galat amount charge hua hai, correction chahiye",2026-06-01 19:46,,PENDING,RING ROAD,RING ROAD SUBDIVISION,DIVISION-1,ZONE-1,CIRCLE-1,Billing Related,B. Gupta
KS06012611266,1054935222,"aspatal mein 20 ghante se bijli nahi hai, generator ka diesel bhi khatam hone wala hai",2026-06-01 19:51,2026-06-02 04:51,CLOSED,ARYA NAGAR,ARYA NAGAR SUBDIVISION,DIVISION-2,ZONE-1,CIRCLE-1,Supply Related (Miscellaneous),D. Yadav
KS06012611124,1078248625,"voltage bahut kam hai, sirf 180 volt aa raha hai, AC aur fridge kharab ho gaye",2026-06-01 20:03,2026-06-02 19:03,CLOSED,HARRISGANJ,HARRISGANJ SUBDIVISION,DIVISION-1,ZONE-1,CIRCLE-1,Voltage Fluctuation,R. Kashyap
KS06012611085,1071047954,"bill time par nahi mila is baar, late fee lag gayi hai bina wajah",2026-06-01 20:25,,PENDING,KIDWAI NAGAR,KIDWAI NAGAR SUBDIVISION,DIVISION-2,ZONE-1,CIRCLE-1,Billing Related,N. Srivastava
KS06012611239,1049986788,"poore mohalle mein pichle 18 ghanto se supply band hai, bachche aur budhe pareshan hain",2026-06-01 20:35,2026-06-02 23:35,CLOSED,COLONELGANJ,COLONELGANJ SUBDIVISION,DIVISION-1,ZONE-1,CIRCLE-1,Supply Related (Miscellaneous),S. Tiwari
KS06012611244,1085227666,"high tension line mein kharabi hai, JE sahab abhi tak nahi aaye",2026-06-01 20:44,2026-06-02 02:44,CLOSED,DADA NAGAR,DADA NAGAR SUBDIVISION,DIVISION-5,ZONE-2,CIRCLE-3,11KV Line Fault,V. Mishra
KS06012611950,1036263114,"DT ka fuse baar baar gir raha hai, substation wale theek nahi karte, 3 baar shikayat kar chuke hain",2026-06-01 20:58,2026-06-04 09:58,CLOSED,RING ROAD,RING ROAD SUBDIVISION,DIVISION-1,ZONE-1,CIRCLE-1,Fuse Off Call (FOC),J. Singh
KS06012612431,1011823501,"do mahine ka combined bill aaya hai, samajh nahi aa raha calculation",2026-06-01 21:10,2026-06-11 04:10,CLOSED,ARYA NAGAR,ARYA NAGAR SUBDIVISION,DIVISION-2,ZONE-1,CIRCLE-1,Billing Related,V. Mishra
KS06012611362,1046373816,"digital meter display kaam nahi kar raha, kuch bhi nahi dikh raha screen par",2026-06-01 21:44,,PENDING,RING ROAD,RING ROAD SUBDIVISION,DIVISION-1,ZONE-1,CIRCLE-1,Meter Related,S. Tiwari
KS06012611814,1023431515,"bill time par nahi mila is baar, late fee lag gayi hai bina wajah",2026-06-01 21:49,2026-06-09 13:49,CLOSED,ARYA NAGAR,ARYA NAGAR SUBDIVISION,DIVISION-2,ZONE-1,CIRCLE-1,Billing Related,B. Gupta
KS06012612350,1049986788,"transformer mein aag lag gayi aur dhuaan nikal raha hai, poori colony andhere mein hai",2026-06-01 22:18,2026-06-02 04:18,CLOSED,TATMILL,TATMILL SUBDIVISION,DIVISION-3,ZONE-2,CIRCLE-2,DT Damaged/DT Fuse Burnt/Fire on DT,P. Kumar
KS06012611253,1010865991,naya meter lagne ke baad se reading galat aa rahi hai har mahine,2026-06-01 22:18,2026-06-02 22:18,CLOSED,COLONELGANJ,COLONELGANJ SUBDIVISION,DIVISION-1,ZONE-1,CIRCLE-1,Meter Related,L. Awasthi
KS06012610876,1055780171,"11KV line mein fault aa gaya hai, 6 ghante se bijli band hai poore ilake mein",2026-06-01 22:34,2026-06-02 02:34,CLOSED,PANKI,PANKI SUBDIVISION,DIVISION-5,ZONE-2,CIRCLE-3,11KV Line Fault,D. Yadav
KS06012611072,1067592995,"voltage bahut kam hai, sirf 180 volt aa raha hai, AC aur fridge kharab ho gaye",2026-06-01 22:50,2026-06-04 16:50,CLOSED,HARRISGANJ,HARRISGANJ SUBDIVISION,DIVISION-1,ZONE-1,CIRCLE-1,Voltage Fluctuation,P. Kumar
KS06012612095,1054641550,"11KV line mein fault aa gaya hai, 6 ghante se bijli band hai poore ilake mein",2026-06-01 22:55,2026-06-02 21:55,CLOSED,DADA NAGAR,DADA NAGAR SUBDIVISION,DIVISION-5,ZONE-2,CIRCLE-3,11KV Line Fault,K. Pandey
KS06012611517,1071471345,"DT ka fuse baar baar gir raha hai, substation wale theek nahi karte, 3 baar shikayat kar chuke hain",2026-06-01 23:46,,PENDING,RAWATPUR,RAWATPUR SUBDIVISION,DIVISION-3,ZONE-2,CIRCLE-2,Fuse Off Call (FOC),V. Mishra
KS06022612268,1017774249,"do mahine ka combined bill aaya hai, samajh nahi aa raha calculation",2026-06-02 03:01,,PENDING,TATMILL,TATMILL SUBDIVISION,DIVISION-3,ZONE-2,CIRCLE-2,Billing Related,B. Gupta
KS06022610585,1014109605,meter ki reading bahut zyada aa rahi hai jabki consumption kam hua hai is mahine,2026-06-02 04:37,2026-06-02 22:37,CLOSED,YASHODA NAGAR,YASHODA NAGAR SUBDIVISION,DIVISION-4,ZONE-2,CIRCLE-2,Meter Related,V. Mishra
KS06022610361,1095500158,"aspatal mein 20 ghante se bijli nahi hai, generator ka diesel bhi khatam hone wala hai",2026-06-02 06:06,2026-06-03 07:06,CLOSED,COLONELGANJ,COLONELGANJ SUBDIVISION,DIVISION-1,ZONE-1,CIRCLE-1,Supply Related (Miscellaneous),D. Yadav
KS06022612314,1010000078,line fault ke karan pura substation area mein supply thap ho gayi hai,2026-06-02 06:07,2026-06-02 16:07,CLOSED,SWAROOP NAGAR,SWAROOP NAGAR SUBDIVISION,DIVISION-2,ZONE-1,CIRCLE-1,11KV Line Fault,L. Awasthi
KS06022611428,1058020815,"pichle bill mein galat amount charge hua hai, correction chahiye",2026-06-02 06:25,,PENDING,TATMILL,TATMILL SUBDIVISION,DIVISION-3,ZONE-2,CIRCLE-2,Billing Related,N. Srivastava
KS06022611020,1089248280,temporary connection ki application pending hai construction site ke liye,2026-06-02 06:29,,PENDING,DADA NAGAR,DADA NAGAR SUBDIVISION,DIVISION-5,ZONE-2,CIRCLE-3,New Connection,V. Mishra
KS06022611300,1091843845,gर्मी mein overloading ki wajah se baar baar trip ho raha hai transformer,2026-06-02 07:00,2026-06-02 09:00,CLOSED,RAWATPUR,RAWATPUR SUBDIVISION,DIVISION-3,ZONE-2,CIRCLE-2,Overloading,D. Yadav
KS06022610924,1032253091,"aspatal mein 20 ghante se bijli nahi hai, generator ka diesel bhi khatam hone wala hai",2026-06-02 07:19,2026-06-02 20:19,CLOSED,VIKAS NAGAR,VIKAS NAGAR SUBDIVISION,DIVISION-5,ZONE-2,CIRCLE-3,Supply Related (Miscellaneous),S. Tiwari
KS06022610648,1039081248,naya meter lagne ke baad se reading galat aa rahi hai har mahine,2026-06-02 07:24,2026-06-02 18:24,CLOSED,KAKADEO,KAKADEO SUBDIVISION,DIVISION-4,ZONE-2,CIRCLE-2,Meter Related,P. Kumar
KS06022612165,1080793818,"DT se lagatar humming noise aa rahi hai, sabko lagta hai kabhi bhi phat sakta hai",2026-06-02 08:16,2026-06-02 14:16,CLOSED,DADA NAGAR,DADA NAGAR SUBDIVISION,DIVISION-5,ZONE-2,CIRCLE-3,Overloading,B. Gupta
KS06022610584,1015139276,"load enhancement ke liye request diya tha, koi update nahi mila",2026-06-02 08:22,2026-06-04 22:22,CLOSED,DADA NAGAR,DADA NAGAR SUBDIVISION,DIVISION-5,ZONE-2,CIRCLE-3,New Connection,L. Awasthi
KS06022610875,1027427572,"load enhancement ke liye request diya tha, koi update nahi mila",2026-06-02 08:23,,PENDING,DADA NAGAR,DADA NAGAR SUBDIVISION,DIVISION-5,ZONE-2,CIRCLE-3,New Connection,P. Kumar
KS06022612346,1059512209,"load enhancement ke liye request diya tha, koi update nahi mila",2026-06-02 08:28,,PENDING,RAWATPUR,RAWATPUR SUBDIVISION,DIVISION-3,ZONE-2,CIRCLE-2,New Connection,A. Hussain
KS06022611082,1045814084,"fuse off ho gaya hai kal raat se, poori gali mein andhera hai",2026-06-02 08:28,2026-06-04 03:28,CLOSED,DADA NAGAR,DADA NAGAR SUBDIVISION,DIVISION-5,ZONE-2,CIRCLE-3,Fuse Off Call (FOC),V. Mishra
KS06022610608,1080032500,"do mahine ka combined bill aaya hai, samajh nahi aa raha calculation",2026-06-02 09:15,,PENDING,TATMILL,TATMILL SUBDIVISION,DIVISION-3,ZONE-2,CIRCLE-2,Billing Related,V. Mishra
KS06022612382,1011422291,"poore mohalle mein pichle 18 ghanto se supply band hai, bachche aur budhe pareshan hain",2026-06-02 10:08,2026-06-03 07:08,CLOSED,YASHODA NAGAR,YASHODA NAGAR SUBDIVISION,DIVISION-4,ZONE-2,CIRCLE-2,Supply Related (Miscellaneous),S. Tiwari
KS06022611337,1052886009,"digital meter display kaam nahi kar raha, kuch bhi nahi dikh raha screen par",2026-06-02 10:11,2026-06-04 03:11,CLOSED,RING ROAD,RING ROAD SUBDIVISION,DIVISION-1,ZONE-1,CIRCLE-1,Meter Related,P. Kumar
KS06022610292,1037064109,"line ka fuse udh gaya tez hawa mein, dobara nahi laga abhi tak",2026-06-02 10:43,,PENDING,BARRA,BARRA SUBDIVISION,DIVISION-5,ZONE-2,CIRCLE-3,Fuse Off Call (FOC),M. Verma
KS06022612112,1024917765,"aspatal mein 20 ghante se bijli nahi hai, generator ka diesel bhi khatam hone wala hai",2026-06-02 10:49,2026-06-02 16:49,CLOSED,RING ROAD,RING ROAD SUBDIVISION,DIVISION-1,ZONE-1,CIRCLE-1,Supply Related (Miscellaneous),D. Yadav
KS06022611371,1046617025,"fuse off ho gaya hai kal raat se, poori gali mein andhera hai",2026-06-02 11:45,2026-06-03 09:45,CLOSED,VIKAS NAGAR,VIKAS NAGAR SUBDIVISION,DIVISION-5,ZONE-2,CIRCLE-3,Fuse Off Call (FOC),J. Singh
KS06022611289,1069277051,low voltage ki wajah se motor start nahi ho pa rahi hai,2026-06-02 12:30,2026-06-04 06:30,CLOSED,RING ROAD,RING ROAD SUBDIVISION,DIVISION-1,ZONE-1,CIRCLE-1,Voltage Fluctuation,M. Verma
KS06022612440,1024266410,"DT ka fuse baar baar gir raha hai, substation wale theek nahi karte, 3 baar shikayat kar chuke hain",2026-06-02 12:34,,PENDING,JAJMAU,JAJMAU SUBDIVISION,DIVISION-3,ZONE-2,CIRCLE-2,Fuse Off Call (FOC),D. Yadav
KS06022612177,1095792820,"bill time par nahi mila is baar, late fee lag gayi hai bina wajah",2026-06-02 12:37,2026-06-11 15:37,CLOSED,JAJMAU,JAJMAU SUBDIVISION,DIVISION-3,ZONE-2,CIRCLE-2,Billing Related,N. Srivastava
KS06022612375,1025563457,"aspatal mein 20 ghante se bijli nahi hai, generator ka diesel bhi khatam hone wala hai",2026-06-02 12:37,,PENDING,PANKI,PANKI SUBDIVISION,DIVISION-5,ZONE-2,CIRCLE-3,Supply Related (Miscellaneous),R. Kashyap
KS06022610453,1049114375,"aspatal mein 20 ghante se bijli nahi hai, generator ka diesel bhi khatam hone wala hai",2026-06-02 12:38,2026-06-03 10:38,CLOSED,TATMILL,TATMILL SUBDIVISION,DIVISION-3,ZONE-2,CIRCLE-2,Supply Related (Miscellaneous),M. Verma
KS06022611438,1056922800,"DT ka fuse baar baar gir raha hai, substation wale theek nahi karte, 3 baar shikayat kar chuke hain",2026-06-02 12:53,2026-06-03 22:53,CLOSED,ARYA NAGAR,ARYA NAGAR SUBDIVISION,DIVISION-2,ZONE-1,CIRCLE-1,Fuse Off Call (FOC),N. Srivastava
KS06022610088,1088366002,"poore mohalle mein pichle 18 ghanto se supply band hai, bachche aur budhe pareshan hain",2026-06-02 13:01,2026-06-03 09:01,CLOSED,PANKI,PANKI SUBDIVISION,DIVISION-5,ZONE-2,CIRCLE-3,Supply Related (Miscellaneous),M. Verma
KS06022612348,1030695321,"11KV ki taar sadak par gir gayi hai, log ke pass se guzar rahe hain, koi accident na ho jaye",2026-06-02 13:27,2026-06-02 14:27,CLOSED,VIKAS NAGAR,VIKAS NAGAR SUBDIVISION,DIVISION-5,ZONE-2,CIRCLE-3,Wire Snapping/Pole Fault,L. Awasthi
KS06022610785,1034947832,line fault ke karan pura substation area mein supply thap ho gayi hai,2026-06-02 13:36,2026-06-03 11:36,CLOSED,GOVIND NAGAR,GOVIND NAGAR SUBDIVISION,DIVISION-4,ZONE-2,CIRCLE-2,11KV Line Fault,M. Verma
KS06022611726,1054935222,line fault ke karan pura substation area mein supply thap ho gayi hai,2026-06-02 14:02,,PENDING,JAJMAU,JAJMAU SUBDIVISION,DIVISION-3,ZONE-2,CIRCLE-2,11KV Line Fault,M. Verma
KS06022611473,1080331924,low voltage ki wajah se motor start nahi ho pa rahi hai,2026-06-02 14:13,2026-06-05 00:13,CLOSED,YASHODA NAGAR,YASHODA NAGAR SUBDIVISION,DIVISION-4,ZONE-2,CIRCLE-2,Voltage Fluctuation,A. Hussain
KS06022610075,1039081248,"transformer bahut garam ho raha hai aur buzzing sound aa rahi hai, overload lag raha hai",2026-06-02 14:24,2026-06-02 21:24,CLOSED,JAJMAU,JAJMAU SUBDIVISION,DIVISION-3,ZONE-2,CIRCLE-2,Overloading,V. Mishra
KS06022611840,1080448520,"transformer mein aag lag gayi aur dhuaan nikal raha hai, poori colony andhere mein hai",2026-06-02 14:46,2026-06-02 20:46,CLOSED,TATMILL,TATMILL SUBDIVISION,DIVISION-3,ZONE-2,CIRCLE-2,DT Damaged/DT Fuse Burnt/Fire on DT,V. Mishra
KS06022611269,1070243920,low voltage ki wajah se motor start nahi ho pa rahi hai,2026-06-02 14:56,2026-06-05 13:56,CLOSED,YASHODA NAGAR,YASHODA NAGAR SUBDIVISION,DIVISION-4,ZONE-2,CIRCLE-2,Voltage Fluctuation,A. Hussain
KS06022611149,1082630922,"naye ghar ke liye connection application diye hue ek mahina ho gaya hai, abhi tak survey nahi hua",2026-06-02 14:57,2026-06-06 06:57,CLOSED,ARYA NAGAR,ARYA NAGAR SUBDIVISION,DIVISION-2,ZONE-1,CIRCLE-1,New Connection,R. Kashyap
KS06022611284,1036194531,"DT ka fuse baar baar gir raha hai, substation wale theek nahi karte, 3 baar shikayat kar chuke hain",2026-06-02 14:59,,PENDING,GOVIND NAGAR,GOVIND NAGAR SUBDIVISION,DIVISION-4,ZONE-2,CIRCLE-2,Fuse Off Call (FOC),K. Pandey
KS06022612372,1012253618,line fault ke karan pura substation area mein supply thap ho gayi hai,2026-06-02 15:01,,PENDING,GOVIND NAGAR,GOVIND NAGAR SUBDIVISION,DIVISION-4,ZONE-2,CIRCLE-2,11KV Line Fault,K. Pandey
KS06022610336,1044317678,"pole gir gaya hai bijli ki taar ke saath, bahut khatarnak sthiti hai",2026-06-02 15:30,2026-06-02 18:30,CLOSED,VIKAS NAGAR,VIKAS NAGAR SUBDIVISION,DIVISION-5,ZONE-2,CIRCLE-3,Wire Snapping/Pole Fault,J. Singh
KS06022612445,1035428095,"digital meter display kaam nahi kar raha, kuch bhi nahi dikh raha screen par",2026-06-02 15:35,2026-06-03 02:35,CLOSED,KAKADEO,KAKADEO SUBDIVISION,DIVISION-4,ZONE-2,CIRCLE-2,Meter Related,N. Srivastava
KS06022612354,1023124906,"voltage bahut kam hai, sirf 180 volt aa raha hai, AC aur fridge kharab ho gaye",2026-06-02 15:36,,PENDING,TATMILL,TATMILL SUBDIVISION,DIVISION-3,ZONE-2,CIRCLE-2,Voltage Fluctuation,L. Awasthi
KS06022611006,1039081248,"DT ka fuse baar baar gir raha hai, substation wale theek nahi karte, 3 baar shikayat kar chuke hain",2026-06-02 15:42,,PENDING,PANKI,PANKI SUBDIVISION,DIVISION-5,ZONE-2,CIRCLE-3,Fuse Off Call (FOC),M. Verma
KS06022610269,1023315222,"transformer mein aag lag gayi aur dhuaan nikal raha hai, poori colony andhere mein hai",2026-06-02 15:51,2026-06-02 20:51,CLOSED,PANKI,PANKI SUBDIVISION,DIVISION-5,ZONE-2,CIRCLE-3,DT Damaged/DT Fuse Burnt/Fire on DT,M. Verma
KS06022610517,1057309951,"bill time par nahi mila is baar, late fee lag gayi hai bina wajah",2026-06-02 16:06,,PENDING,PANKI,PANKI SUBDIVISION,DIVISION-5,ZONE-2,CIRCLE-3,Billing Related,B. Gupta
KS06022610198,1045645872,"aspatal mein 20 ghante se bijli nahi hai, generator ka diesel bhi khatam hone wala hai",2026-06-02 16:42,,PENDING,RAWATPUR,RAWATPUR SUBDIVISION,DIVISION-3,ZONE-2,CIRCLE-2,Supply Related (Miscellaneous),R. Kashyap
KS06022612074,1049266168,line fault ke karan pura substation area mein supply thap ho gayi hai,2026-06-02 16:51,2026-06-03 10:51,CLOSED,KIDWAI NAGAR,KIDWAI NAGAR SUBDIVISION,DIVISION-2,ZONE-1,CIRCLE-1,11KV Line Fault,K. Pandey
KS06022610356,1078247221,"do mahine ka combined bill aaya hai, samajh nahi aa raha calculation",2026-06-02 16:53,,PENDING,GOVIND NAGAR,GOVIND NAGAR SUBDIVISION,DIVISION-4,ZONE-2,CIRCLE-2,Billing Related,S. Tiwari
KS06022610025,1069306696,"poore mohalle mein pichle 18 ghanto se supply band hai, bachche aur budhe pareshan hain",2026-06-02 16:59,2026-06-02 21:59,CLOSED,HARRISGANJ,HARRISGANJ SUBDIVISION,DIVISION-1,ZONE-1,CIRCLE-1,Supply Related (Miscellaneous),L. Awasthi
KS06022610470,1027802188,"11KV line mein fault aa gaya hai, 6 ghante se bijli band hai poore ilake mein",2026-06-02 17:22,,PENDING,YASHODA NAGAR,YASHODA NAGAR SUBDIVISION,DIVISION-4,ZONE-2,CIRCLE-2,11KV Line Fault,L. Awasthi
KS06022611501,1060698461,"line ka fuse udh gaya tez hawa mein, dobara nahi laga abhi tak",2026-06-02 17:24,,PENDING,RAWATPUR,RAWATPUR SUBDIVISION,DIVISION-3,ZONE-2,CIRCLE-2,Fuse Off Call (FOC),M. Verma
KS06022611525,1029742183,"aspatal mein 20 ghante se bijli nahi hai, generator ka diesel bhi khatam hone wala hai",2026-06-02 18:12,2026-06-03 02:12,CLOSED,JAJMAU,JAJMAU SUBDIVISION,DIVISION-3,ZONE-2,CIRCLE-2,Supply Related (Miscellaneous),D. Yadav
KS06022610731,1028834961,"DT mein blast ho gaya, chingari nikal rahi hai, log dar ke maare ghar se bahar hain",2026-06-02 18:21,2026-06-03 01:21,CLOSED,RING ROAD,RING ROAD SUBDIVISION,DIVISION-1,ZONE-1,CIRCLE-1,DT Damaged/DT Fuse Burnt/Fire on DT,S. Tiwari
KS06022611402,1051062257,"DT ka fuse baar baar gir raha hai, substation wale theek nahi karte, 3 baar shikayat kar chuke hain",2026-06-02 18:57,2026-06-04 23:57,CLOSED,RING ROAD,RING ROAD SUBDIVISION,DIVISION-1,ZONE-1,CIRCLE-1,Fuse Off Call (FOC),J. Singh
KS06022611636,1058441680,"high tension line mein kharabi hai, JE sahab abhi tak nahi aaye",2026-06-02 19:00,2026-06-03 05:00,CLOSED,TATMILL,TATMILL SUBDIVISION,DIVISION-3,ZONE-2,CIRCLE-2,11KV Line Fault,K. Pandey
KS06022611521,1085257976,low voltage ki wajah se motor start nahi ho pa rahi hai,2026-06-02 19:06,2026-06-04 09:06,CLOSED,ARYA NAGAR,ARYA NAGAR SUBDIVISION,DIVISION-2,ZONE-1,CIRCLE-1,Voltage Fluctuation,S. Tiwari
KS06022611061,1084617881,naya meter lagne ke baad se reading galat aa rahi hai har mahine,2026-06-02 19:14,2026-06-04 01:14,CLOSED,COLONELGANJ,COLONELGANJ SUBDIVISION,DIVISION-1,ZONE-1,CIRCLE-1,Meter Related,M. Verma
KS06022610218,1097293868,"DT ka fuse baar baar gir raha hai, substation wale theek nahi karte, 3 baar shikayat kar chuke hain",2026-06-02 19:16,2026-06-04 17:16,CLOSED,ARYA NAGAR,ARYA NAGAR SUBDIVISION,DIVISION-2,ZONE-1,CIRCLE-1,Fuse Off Call (FOC),P. Kumar
KS06022612406,1028687345,low voltage ki wajah se motor start nahi ho pa rahi hai,2026-06-02 19:18,,PENDING,YASHODA NAGAR,YASHODA NAGAR SUBDIVISION,DIVISION-4,ZONE-2,CIRCLE-2,Voltage Fluctuation,L. Awasthi
KS06022611138,1012789530,"transformer mein aag lag gayi aur dhuaan nikal raha hai, poori colony andhere mein hai",2026-06-02 19:20,2026-06-03 02:20,CLOSED,PANKI,PANKI SUBDIVISION,DIVISION-5,ZONE-2,CIRCLE-3,DT Damaged/DT Fuse Burnt/Fire on DT,J. Singh
KS06022610160,1030152581,"khuli taar se sparking ho rahi hai road ke pass, karnt lagne ka khatra hai",2026-06-02 19:38,2026-06-02 22:38,CLOSED,SWAROOP NAGAR,SWAROOP NAGAR SUBDIVISION,DIVISION-2,ZONE-1,CIRCLE-1,Wire Snapping/Pole Fault,S. Tiwari
KS06022610680,1043775032,"khuli taar se sparking ho rahi hai road ke pass, karnt lagne ka khatra hai",2026-06-02 19:44,2026-06-02 22:44,CLOSED,HARRISGANJ,HARRISGANJ SUBDIVISION,DIVISION-1,ZONE-1,CIRCLE-1,Wire Snapping/Pole Fault,L. Awasthi
KS06022611503,1054935222,"voltage up-down ho raha hai lagatar, appliances damage ho rahe hain",2026-06-02 19:47,,PENDING,JAJMAU,JAJMAU SUBDIVISION,DIVISION-3,ZONE-2,CIRCLE-2,Voltage Fluctuation,K. Pandey
KS06022611562,1063900106,"naye ghar ke liye connection application diye hue ek mahina ho gaya hai, abhi tak survey nahi hua",2026-06-02 19:52,2026-06-05 06:52,CLOSED,YASHODA NAGAR,YASHODA NAGAR SUBDIVISION,DIVISION-4,ZONE-2,CIRCLE-2,New Connection,V. Mishra
KS06022610567,1032984376,"transformer mein aag lag gayi aur dhuaan nikal raha hai, poori colony andhere mein hai",2026-06-02 19:55,2026-06-02 21:55,CLOSED,GOVIND NAGAR,GOVIND NAGAR SUBDIVISION,DIVISION-4,ZONE-2,CIRCLE-2,DT Damaged/DT Fuse Burnt/Fire on DT,J. Singh
KS06022612033,1084734257,"voltage up-down ho raha hai lagatar, appliances damage ho rahe hain",2026-06-02 19:58,2026-06-03 22:58,CLOSED,TATMILL,TATMILL SUBDIVISION,DIVISION-3,ZONE-2,CIRCLE-2,Voltage Fluctuation,A. Hussain
KS06022611859,1024688601,"transformer bahut garam ho raha hai aur buzzing sound aa rahi hai, overload lag raha hai",2026-06-02 20:00,2026-06-02 23:00,CLOSED,GOVIND NAGAR,GOVIND NAGAR SUBDIVISION,DIVISION-4,ZONE-2,CIRCLE-2,Overloading,J. Singh
KS06022611832,1024917765,low voltage ki wajah se motor start nahi ho pa rahi hai,2026-06-02 20:19,,PENDING,BARRA,BARRA SUBDIVISION,DIVISION-5,ZONE-2,CIRCLE-3,Voltage Fluctuation,J. Singh
KS06022611865,1037161207,"load enhancement ke liye request diya tha, koi update nahi mila",2026-06-02 20:29,,PENDING,JAJMAU,JAJMAU SUBDIVISION,DIVISION-3,ZONE-2,CIRCLE-2,New Connection,J. Singh
KS06022612090,1028014287,line fault ke karan pura substation area mein supply thap ho gayi hai,2026-06-02 20:34,2026-06-03 18:34,CLOSED,GOVIND NAGAR,GOVIND NAGAR SUBDIVISION,DIVISION-4,ZONE-2,CIRCLE-2,11KV Line Fault,D. Yadav
KS06022610727,1067936641,"11KV ki taar sadak par gir gayi hai, log ke pass se guzar rahe hain, koi accident na ho jaye",2026-06-02 20:42,2026-06-02 23:42,CLOSED,RAWATPUR,RAWATPUR SUBDIVISION,DIVISION-3,ZONE-2,CIRCLE-2,Wire Snapping/Pole Fault,M. Verma
KS06022611747,1057394588,low voltage ki wajah se motor start nahi ho pa rahi hai,2026-06-02 21:09,,PENDING,BARRA,BARRA SUBDIVISION,DIVISION-5,ZONE-2,CIRCLE-3,Voltage Fluctuation,L. Awasthi
KS06022611042,1032331851,meter ki reading bahut zyada aa rahi hai jabki consumption kam hua hai is mahine,2026-06-02 21:21,2026-06-05 04:21,CLOSED,BARRA,BARRA SUBDIVISION,DIVISION-5,ZONE-2,CIRCLE-3,Meter Related,S. Tiwari
KS06022611136,1094335644,"voltage up-down ho raha hai lagatar, appliances damage ho rahe hain",2026-06-02 21:23,2026-06-04 06:23,CLOSED,RING ROAD,RING ROAD SUBDIVISION,DIVISION-1,ZONE-1,CIRCLE-1,Voltage Fluctuation,L. Awasthi
KS06022611979,1087663372,"transformer bahut garam ho raha hai aur buzzing sound aa rahi hai, overload lag raha hai",2026-06-02 21:41,2026-06-03 10:41,CLOSED,YASHODA NAGAR,YASHODA NAGAR SUBDIVISION,DIVISION-4,ZONE-2,CIRCLE-2,Overloading,M. Verma
KS06022611738,1052644955,"voltage up-down ho raha hai lagatar, appliances damage ho rahe hain",2026-06-02 22:42,,PENDING,RAWATPUR,RAWATPUR SUBDIVISION,DIVISION-3,ZONE-2,CIRCLE-2,Voltage Fluctuation,K. Pandey
KS06022612396,1045689744,gर्मी mein overloading ki wajah se baar baar trip ho raha hai transformer,2026-06-02 23:06,2026-06-03 18:06,CLOSED,DADA NAGAR,DADA NAGAR SUBDIVISION,DIVISION-5,ZONE-2,CIRCLE-3,Overloading,M. Verma
KS06022610275,1041925278,line fault ke karan pura substation area mein supply thap ho gayi hai,2026-06-02 23:27,2026-06-03 01:27,CLOSED,DADA NAGAR,DADA NAGAR SUBDIVISION,DIVISION-5,ZONE-2,CIRCLE-3,11KV Line Fault,D. Yadav
KS06032612110,1049441451,"voltage up-down ho raha hai lagatar, appliances damage ho rahe hain",2026-06-03 01:48,2026-06-04 01:48,CLOSED,ARYA NAGAR,ARYA NAGAR SUBDIVISION,DIVISION-2,ZONE-1,CIRCLE-1,Voltage Fluctuation,J. Singh
KS06032611819,1058913136,"digital meter display kaam nahi kar raha, kuch bhi nahi dikh raha screen par",2026-06-03 02:33,2026-06-04 17:33,CLOSED,RING ROAD,RING ROAD SUBDIVISION,DIVISION-1,ZONE-1,CIRCLE-1,Meter Related,P. Kumar
KS06032610609,1021281856,"voltage up-down ho raha hai lagatar, appliances damage ho rahe hain",2026-06-03 03:03,,PENDING,HARRISGANJ,HARRISGANJ SUBDIVISION,DIVISION-1,ZONE-1,CIRCLE-1,Voltage Fluctuation,A. Hussain
KS06032610720,1073602632,low voltage ki wajah se motor start nahi ho pa rahi hai,2026-06-03 04:40,2026-06-04 15:40,CLOSED,YASHODA NAGAR,YASHODA NAGAR SUBDIVISION,DIVISION-4,ZONE-2,CIRCLE-2,Voltage Fluctuation,V. Mishra
KS06032611660,1083252410,"24 ghante se zyada ho gaye bijli gayi hue, ghar mein pani bhi nahi aa raha pump ke bina",2026-06-03 05:07,2026-06-03 17:07,CLOSED,PANKI,PANKI SUBDIVISION,DIVISION-5,ZONE-2,CIRCLE-3,Supply Related (Miscellaneous),K. Pandey
KS06032612120,1051272534,gर्मी mein overloading ki wajah se baar baar trip ho raha hai transformer,2026-06-03 05:37,2026-06-03 23:37,CLOSED,JAJMAU,JAJMAU SUBDIVISION,DIVISION-3,ZONE-2,CIRCLE-2,Overloading,V. Mishra
KS06032612145,1063900106,"fuse off ho gaya hai kal raat se, poori gali mein andhera hai",2026-06-03 05:46,2026-06-04 16:46,CLOSED,ARYA NAGAR,ARYA NAGAR SUBDIVISION,DIVISION-2,ZONE-1,CIRCLE-1,Fuse Off Call (FOC),P. Kumar
KS06032610023,1031489897,"load enhancement ke liye request diya tha, koi update nahi mila",2026-06-03 06:34,2026-06-08 12:34,CLOSED,GOVIND NAGAR,GOVIND NAGAR SUBDIVISION,DIVISION-4,ZONE-2,CIRCLE-2,New Connection,A. Hussain
KS06032610915,1029361809,"line ka fuse udh gaya tez hawa mein, dobara nahi laga abhi tak",2026-06-03 07:04,2026-06-05 19:04,CLOSED,SWAROOP NAGAR,SWAROOP NAGAR SUBDIVISION,DIVISION-2,ZONE-1,CIRCLE-1,Fuse Off Call (FOC),P. Kumar
KS06032612152,1035008859,"pichle bill mein galat amount charge hua hai, correction chahiye",2026-06-03 07:30,,PENDING,COLONELGANJ,COLONELGANJ SUBDIVISION,DIVISION-1,ZONE-1,CIRCLE-1,Billing Related,M. Verma
KS06032610989,1096228331,"bill time par nahi mila is baar, late fee lag gayi hai bina wajah",2026-06-03 07:45,,PENDING,TATMILL,TATMILL SUBDIVISION,DIVISION-3,ZONE-2,CIRCLE-2,Billing Related,M. Verma
KS06032611728,1030402878,"transformer se dhuaan aur jalne ki smell aa rahi hai, turant madad chahiye",2026-06-03 08:42,2026-06-03 15:42,CLOSED,ARYA NAGAR,ARYA NAGAR SUBDIVISION,DIVISION-2,ZONE-1,CIRCLE-1,DT Damaged/DT Fuse Burnt/Fire on DT,P. Kumar
KS06032611932,1033376802,"pichle bill mein galat amount charge hua hai, correction chahiye",2026-06-03 09:17,2026-06-05 06:17,CLOSED,RING ROAD,RING ROAD SUBDIVISION,DIVISION-1,ZONE-1,CIRCLE-1,Billing Related,L. Awasthi
KS06032612062,1022168837,"voltage bahut kam hai, sirf 180 volt aa raha hai, AC aur fridge kharab ho gaye",2026-06-03 09:24,,PENDING,RAWATPUR,RAWATPUR SUBDIVISION,DIVISION-3,ZONE-2,CIRCLE-2,Voltage Fluctuation,L. Awasthi
KS06032611356,1012842319,low voltage ki wajah se motor start nahi ho pa rahi hai,2026-06-03 09:30,2026-06-06 03:30,CLOSED,RING ROAD,RING ROAD SUBDIVISION,DIVISION-1,ZONE-1,CIRCLE-1,Voltage Fluctuation,R. Kashyap
KS06032611166,1010350473,"do mahine ka combined bill aaya hai, samajh nahi aa raha calculation",2026-06-03 10:22,,PENDING,DADA NAGAR,DADA NAGAR SUBDIVISION,DIVISION-5,ZONE-2,CIRCLE-3,Billing Related,P. Kumar
KS06032610581,1067629890,low voltage ki wajah se motor start nahi ho pa rahi hai,2026-06-03 10:24,2026-06-05 11:24,CLOSED,VIKAS NAGAR,VIKAS NAGAR SUBDIVISION,DIVISION-5,ZONE-2,CIRCLE-3,Voltage Fluctuation,A. Hussain
KS06032610236,1052054602,"voltage up-down ho raha hai lagatar, appliances damage ho rahe hain",2026-06-03 11:42,,PENDING,SWAROOP NAGAR,SWAROOP NAGAR SUBDIVISION,DIVISION-2,ZONE-1,CIRCLE-1,Voltage Fluctuation,J. Singh
KS06032611625,1057917378,"pichle bill mein galat amount charge hua hai, correction chahiye",2026-06-03 12:12,2026-06-05 17:12,CLOSED,COLONELGANJ,COLONELGANJ SUBDIVISION,DIVISION-1,ZONE-1,CIRCLE-1,Billing Related,B. Gupta
KS06032610110,1094631626,"voltage bahut kam hai, sirf 180 volt aa raha hai, AC aur fridge kharab ho gaye",2026-06-03 12:28,,PENDING,VIKAS NAGAR,VIKAS NAGAR SUBDIVISION,DIVISION-5,ZONE-2,CIRCLE-3,Voltage Fluctuation,L. Awasthi
KS06032612449,1089386992,"digital meter display kaam nahi kar raha, kuch bhi nahi dikh raha screen par",2026-06-03 12:34,2026-06-05 09:34,CLOSED,DADA NAGAR,DADA NAGAR SUBDIVISION,DIVISION-5,ZONE-2,CIRCLE-3,Meter Related,K. Pandey
KS06032611868,1021642980,low voltage ki wajah se motor start nahi ho pa rahi hai,2026-06-03 12:34,2026-06-04 14:34,CLOSED,DADA NAGAR,DADA NAGAR SUBDIVISION,DIVISION-5,ZONE-2,CIRCLE-3,Voltage Fluctuation,L. Awasthi
KS06032612156,1065589420,"pole gir gaya hai bijli ki taar ke saath, bahut khatarnak sthiti hai",2026-06-03 12:35,2026-06-03 18:35,CLOSED,HARRISGANJ,HARRISGANJ SUBDIVISION,DIVISION-1,ZONE-1,CIRCLE-1,Wire Snapping/Pole Fault,B. Gupta
KS06032610071,1091224096,"high tension line mein kharabi hai, JE sahab abhi tak nahi aaye",2026-06-03 12:59,2026-06-03 18:59,CLOSED,VIKAS NAGAR,VIKAS NAGAR SUBDIVISION,DIVISION-5,ZONE-2,CIRCLE-3,11KV Line Fault,R. Kashyap
KS06032611886,1035428095,"poore mohalle mein pichle 18 ghanto se supply band hai, bachche aur budhe pareshan hain",2026-06-03 13:12,2026-06-03 15:12,CLOSED,GOVIND NAGAR,GOVIND NAGAR SUBDIVISION,DIVISION-4,ZONE-2,CIRCLE-2,Supply Related (Miscellaneous),M. Verma
KS06032610516,1032981436,"high tension line mein kharabi hai, JE sahab abhi tak nahi aaye",2026-06-03 13:24,2026-06-04 12:24,CLOSED,PANKI,PANKI SUBDIVISION,DIVISION-5,ZONE-2,CIRCLE-3,11KV Line Fault,K. Pandey
KS06032611900,1081604539,meter ki reading bahut zyada aa rahi hai jabki consumption kam hua hai is mahine,2026-06-03 14:06,2026-06-04 19:06,CLOSED,HARRISGANJ,HARRISGANJ SUBDIVISION,DIVISION-1,ZONE-1,CIRCLE-1,Meter Related,P. Kumar
KS06032610748,1013712772,"do mahine ka combined bill aaya hai, samajh nahi aa raha calculation",2026-06-03 14:16,,PENDING,GOVIND NAGAR,GOVIND NAGAR SUBDIVISION,DIVISION-4,ZONE-2,CIRCLE-2,Billing Related,B. Gupta
KS06032610751,1047340206,line fault ke karan pura substation area mein supply thap ho gayi hai,2026-06-03 14:19,2026-06-03 22:19,CLOSED,RAWATPUR,RAWATPUR SUBDIVISION,DIVISION-3,ZONE-2,CIRCLE-2,11KV Line Fault,P. Kumar
KS06032612038,1051272534,naya meter lagne ke baad se reading galat aa rahi hai har mahine,2026-06-03 14:24,,PENDING,VIKAS NAGAR,VIKAS NAGAR SUBDIVISION,DIVISION-5,ZONE-2,CIRCLE-3,Meter Related,R. Kashyap
KS06032610925,1067808566,"transformer bahut garam ho raha hai aur buzzing sound aa rahi hai, overload lag raha hai",2026-06-03 14:36,2026-06-04 11:36,CLOSED,JAJMAU,JAJMAU SUBDIVISION,DIVISION-3,ZONE-2,CIRCLE-2,Overloading,D. Yadav
KS06032611751,1011115749,"aspatal mein 20 ghante se bijli nahi hai, generator ka diesel bhi khatam hone wala hai",2026-06-03 14:36,2026-06-04 13:36,CLOSED,JAJMAU,JAJMAU SUBDIVISION,DIVISION-3,ZONE-2,CIRCLE-2,Supply Related (Miscellaneous),D. Yadav
KS06032610762,1067936641,"DT mein blast ho gaya, chingari nikal rahi hai, log dar ke maare ghar se bahar hain",2026-06-03 15:06,,PENDING,VIKAS NAGAR,VIKAS NAGAR SUBDIVISION,DIVISION-5,ZONE-2,CIRCLE-3,DT Damaged/DT Fuse Burnt/Fire on DT,N. Srivastava
KS06032611757,1035667730,"line ka fuse udh gaya tez hawa mein, dobara nahi laga abhi tak",2026-06-03 15:19,2026-06-05 20:19,CLOSED,RING ROAD,RING ROAD SUBDIVISION,DIVISION-1,ZONE-1,CIRCLE-1,Fuse Off Call (FOC),P. Kumar
KS06032612228,1038283335,"DT mein blast ho gaya, chingari nikal rahi hai, log dar ke maare ghar se bahar hain",2026-06-03 15:42,2026-06-03 17:42,CLOSED,ARYA NAGAR,ARYA NAGAR SUBDIVISION,DIVISION-2,ZONE-1,CIRCLE-1,DT Damaged/DT Fuse Burnt/Fire on DT,R. Kashyap
KS06032611512,1025563457,meter ki reading bahut zyada aa rahi hai jabki consumption kam hua hai is mahine,2026-06-03 15:52,2026-06-05 06:52,CLOSED,HARRISGANJ,HARRISGANJ SUBDIVISION,DIVISION-1,ZONE-1,CIRCLE-1,Meter Related,N. Srivastava
KS06032611634,1089898549,"line ka fuse udh gaya tez hawa mein, dobara nahi laga abhi tak",2026-06-03 16:16,,PENDING,DADA NAGAR,DADA NAGAR SUBDIVISION,DIVISION-5,ZONE-2,CIRCLE-3,Fuse Off Call (FOC),S. Tiwari
KS06032611427,1065405341,"pole gir gaya hai bijli ki taar ke saath, bahut khatarnak sthiti hai",2026-06-03 16:17,2026-06-03 17:17,CLOSED,SWAROOP NAGAR,SWAROOP NAGAR SUBDIVISION,DIVISION-2,ZONE-1,CIRCLE-1,Wire Snapping/Pole Fault,R. Kashyap
KS06032610594,1066457919,"DT mein blast ho gaya, chingari nikal rahi hai, log dar ke maare ghar se bahar hain",2026-06-03 16:29,2026-06-03 21:29,CLOSED,RAWATPUR,RAWATPUR SUBDIVISION,DIVISION-3,ZONE-2,CIRCLE-2,DT Damaged/DT Fuse Burnt/Fire on DT,N. Srivastava
KS06032612274,1091317771,temporary connection ki application pending hai construction site ke liye,2026-06-03 16:30,,PENDING,JAJMAU,JAJMAU SUBDIVISION,DIVISION-3,ZONE-2,CIRCLE-2,New Connection,M. Verma
KS06032610251,1092098479,temporary connection ki application pending hai construction site ke liye,2026-06-03 16:34,,PENDING,KIDWAI NAGAR,KIDWAI NAGAR SUBDIVISION,DIVISION-2,ZONE-1,CIRCLE-1,New Connection,B. Gupta
KS06032611426,1017235259,"pole gir gaya hai bijli ki taar ke saath, bahut khatarnak sthiti hai",2026-06-03 16:55,2026-06-03 21:55,CLOSED,HARRISGANJ,HARRISGANJ SUBDIVISION,DIVISION-1,ZONE-1,CIRCLE-1,Wire Snapping/Pole Fault,V. Mishra
KS06032610997,1038769900,"DT mein blast ho gaya, chingari nikal rahi hai, log dar ke maare ghar se bahar hain",2026-06-03 17:38,2026-06-03 23:38,CLOSED,KIDWAI NAGAR,KIDWAI NAGAR SUBDIVISION,DIVISION-2,ZONE-1,CIRCLE-1,DT Damaged/DT Fuse Burnt/Fire on DT,N. Srivastava
KS06032610279,1049266168,"naye ghar ke liye connection application diye hue ek mahina ho gaya hai, abhi tak survey nahi hua",2026-06-03 17:46,2026-06-10 10:46,CLOSED,KIDWAI NAGAR,KIDWAI NAGAR SUBDIVISION,DIVISION-2,ZONE-1,CIRCLE-1,New Connection,K. Pandey
KS06032612180,1084623543,"pichle bill mein galat amount charge hua hai, correction chahiye",2026-06-03 18:00,,PENDING,BARRA,BARRA SUBDIVISION,DIVISION-5,ZONE-2,CIRCLE-3,Billing Related,K. Pandey
KS06032610872,1017774249,"fuse off ho gaya hai kal raat se, poori gali mein andhera hai",2026-06-03 18:03,2026-06-05 09:03,CLOSED,RAWATPUR,RAWATPUR SUBDIVISION,DIVISION-3,ZONE-2,CIRCLE-2,Fuse Off Call (FOC),D. Yadav
KS06032612347,1031819720,"pichle bill mein galat amount charge hua hai, correction chahiye",2026-06-03 18:06,,PENDING,PANKI,PANKI SUBDIVISION,DIVISION-5,ZONE-2,CIRCLE-3,Billing Related,R. Kashyap
KS06032611326,1011887349,line fault ke karan pura substation area mein supply thap ho gayi hai,2026-06-03 18:15,2026-06-04 18:15,CLOSED,TATMILL,TATMILL SUBDIVISION,DIVISION-3,ZONE-2,CIRCLE-2,11KV Line Fault,B. Gupta
KS06032612037,1040724064,"transformer se dhuaan aur jalne ki smell aa rahi hai, turant madad chahiye",2026-06-03 19:07,2026-06-03 23:07,CLOSED,YASHODA NAGAR,YASHODA NAGAR SUBDIVISION,DIVISION-4,ZONE-2,CIRCLE-2,DT Damaged/DT Fuse Burnt/Fire on DT,B. Gupta
KS06032610866,1057917378,"load enhancement ke liye request diya tha, koi update nahi mila",2026-06-03 19:25,2026-06-12 14:25,CLOSED,TATMILL,TATMILL SUBDIVISION,DIVISION-3,ZONE-2,CIRCLE-2,New Connection,K. Pandey
KS06032611275,1099277133,line fault ke karan pura substation area mein supply thap ho gayi hai,2026-06-03 19:48,2026-06-04 01:48,CLOSED,RING ROAD,RING ROAD SUBDIVISION,DIVISION-1,ZONE-1,CIRCLE-1,11KV Line Fault,R. Kashyap
KS06032610360,1015054255,"line ka fuse udh gaya tez hawa mein, dobara nahi laga abhi tak",2026-06-03 19:48,2026-06-06 08:48,CLOSED,SWAROOP NAGAR,SWAROOP NAGAR SUBDIVISION,DIVISION-2,ZONE-1,CIRCLE-1,Fuse Off Call (FOC),P. Kumar
KS06032611556,1069306696,"DT ka fuse baar baar gir raha hai, substation wale theek nahi karte, 3 baar shikayat kar chuke hain",2026-06-03 19:53,,PENDING,DADA NAGAR,DADA NAGAR SUBDIVISION,DIVISION-5,ZONE-2,CIRCLE-3,Fuse Off Call (FOC),K. Pandey
KS06032611464,1088561915,naya meter lagne ke baad se reading galat aa rahi hai har mahine,2026-06-03 19:53,2026-06-04 18:53,CLOSED,RING ROAD,RING ROAD SUBDIVISION,DIVISION-1,ZONE-1,CIRCLE-1,Meter Related,N. Srivastava
KS06032612257,1045414919,"do mahine ka combined bill aaya hai, samajh nahi aa raha calculation",2026-06-03 20:07,2026-06-11 10:07,CLOSED,RING ROAD,RING ROAD SUBDIVISION,DIVISION-1,ZONE-1,CIRCLE-1,Billing Related,S. Tiwari
KS06032610435,1047814656,"24 ghante se zyada ho gaye bijli gayi hue, ghar mein pani bhi nahi aa raha pump ke bina",2026-06-03 20:11,2026-06-04 00:11,CLOSED,KIDWAI NAGAR,KIDWAI NAGAR SUBDIVISION,DIVISION-2,ZONE-1,CIRCLE-1,Supply Related (Miscellaneous),V. Mishra
KS06032611522,1047058672,"load enhancement ke liye request diya tha, koi update nahi mila",2026-06-03 20:16,2026-06-12 15:16,CLOSED,KAKADEO,KAKADEO SUBDIVISION,DIVISION-4,ZONE-2,CIRCLE-2,New Connection,V. Mishra
KS06032610163,1095263987,"transformer mein aag lag gayi aur dhuaan nikal raha hai, poori colony andhere mein hai",2026-06-03 20:46,2026-06-03 21:46,CLOSED,VIKAS NAGAR,VIKAS NAGAR SUBDIVISION,DIVISION-5,ZONE-2,CIRCLE-3,DT Damaged/DT Fuse Burnt/Fire on DT,L. Awasthi
KS06032612187,1039081248,naya meter lagne ke baad se reading galat aa rahi hai har mahine,2026-06-03 20:55,2026-06-05 06:55,CLOSED,VIKAS NAGAR,VIKAS NAGAR SUBDIVISION,DIVISION-5,ZONE-2,CIRCLE-3,Meter Related,V. Mishra
KS06032611415,1010865991,"pichle bill mein galat amount charge hua hai, correction chahiye",2026-06-03 21:37,2026-06-06 06:37,CLOSED,PANKI,PANKI SUBDIVISION,DIVISION-5,ZONE-2,CIRCLE-3,Billing Related,D. Yadav
KS06032611313,1022972684,"DT mein blast ho gaya, chingari nikal rahi hai, log dar ke maare ghar se bahar hain",2026-06-03 21:37,,PENDING,RAWATPUR,RAWATPUR SUBDIVISION,DIVISION-3,ZONE-2,CIRCLE-2,DT Damaged/DT Fuse Burnt/Fire on DT,V. Mishra
KS06032610662,1084076084,"poore mohalle mein pichle 18 ghanto se supply band hai, bachche aur budhe pareshan hain",2026-06-03 21:42,2026-06-04 21:42,CLOSED,JAJMAU,JAJMAU SUBDIVISION,DIVISION-3,ZONE-2,CIRCLE-2,Supply Related (Miscellaneous),S. Tiwari
KS06032611971,1031490679,"line ka fuse udh gaya tez hawa mein, dobara nahi laga abhi tak",2026-06-03 21:56,2026-06-04 03:56,CLOSED,KAKADEO,KAKADEO SUBDIVISION,DIVISION-4,ZONE-2,CIRCLE-2,Fuse Off Call (FOC),M. Verma
KS06032610385,1018707760,"fuse off ho gaya hai kal raat se, poori gali mein andhera hai",2026-06-03 21:57,2026-06-04 17:57,CLOSED,ARYA NAGAR,ARYA NAGAR SUBDIVISION,DIVISION-2,ZONE-1,CIRCLE-1,Fuse Off Call (FOC),N. Srivastava
KS06032611815,1045645872,"voltage bahut kam hai, sirf 180 volt aa raha hai, AC aur fridge kharab ho gaye",2026-06-03 22:09,2026-06-04 07:09,CLOSED,HARRISGANJ,HARRISGANJ SUBDIVISION,DIVISION-1,ZONE-1,CIRCLE-1,Voltage Fluctuation,L. Awasthi
KS06032610206,1016788381,"poore mohalle mein pichle 18 ghanto se supply band hai, bachche aur budhe pareshan hain",2026-06-03 22:32,,PENDING,BARRA,BARRA SUBDIVISION,DIVISION-5,ZONE-2,CIRCLE-3,Supply Related (Miscellaneous),J. Singh
KS06042610265,1065136515,"24 ghante se zyada ho gaye bijli gayi hue, ghar mein pani bhi nahi aa raha pump ke bina",2026-06-04 02:00,2026-06-04 06:00,CLOSED,YASHODA NAGAR,YASHODA NAGAR SUBDIVISION,DIVISION-4,ZONE-2,CIRCLE-2,Supply Related (Miscellaneous),J. Singh
KS06042611691,1055876118,temporary connection ki application pending hai construction site ke liye,2026-06-04 02:37,2026-06-13 20:37,CLOSED,SWAROOP NAGAR,SWAROOP NAGAR SUBDIVISION,DIVISION-2,ZONE-1,CIRCLE-1,New Connection,V. Mishra
KS06042611315,1074989828,meter ki reading bahut zyada aa rahi hai jabki consumption kam hua hai is mahine,2026-06-04 02:59,2026-06-06 16:59,CLOSED,COLONELGANJ,COLONELGANJ SUBDIVISION,DIVISION-1,ZONE-1,CIRCLE-1,Meter Related,D. Yadav
KS06042610315,1085996774,line fault ke karan pura substation area mein supply thap ho gayi hai,2026-06-04 04:21,2026-06-04 20:21,CLOSED,PANKI,PANKI SUBDIVISION,DIVISION-5,ZONE-2,CIRCLE-3,11KV Line Fault,D. Yadav
KS06042610655,1024266410,"11KV line mein fault aa gaya hai, 6 ghante se bijli band hai poore ilake mein",2026-06-04 06:19,2026-06-04 14:19,CLOSED,KAKADEO,KAKADEO SUBDIVISION,DIVISION-4,ZONE-2,CIRCLE-2,11KV Line Fault,R. Kashyap
KS06042611485,1070082403,"DT mein blast ho gaya, chingari nikal rahi hai, log dar ke maare ghar se bahar hain",2026-06-04 06:26,2026-06-04 08:26,CLOSED,RING ROAD,RING ROAD SUBDIVISION,DIVISION-1,ZONE-1,CIRCLE-1,DT Damaged/DT Fuse Burnt/Fire on DT,K. Pandey
KS06042612167,1076516715,low voltage ki wajah se motor start nahi ho pa rahi hai,2026-06-04 06:39,2026-06-05 07:39,CLOSED,DADA NAGAR,DADA NAGAR SUBDIVISION,DIVISION-5,ZONE-2,CIRCLE-3,Voltage Fluctuation,R. Kashyap
KS06042612034,1085142021,"khuli taar se sparking ho rahi hai road ke pass, karnt lagne ka khatra hai",2026-06-04 07:06,2026-06-04 11:06,CLOSED,GOVIND NAGAR,GOVIND NAGAR SUBDIVISION,DIVISION-4,ZONE-2,CIRCLE-2,Wire Snapping/Pole Fault,N. Srivastava
KS06042610978,1020750359,low voltage ki wajah se motor start nahi ho pa rahi hai,2026-06-04 07:33,2026-06-05 11:33,CLOSED,PANKI,PANKI SUBDIVISION,DIVISION-5,ZONE-2,CIRCLE-3,Voltage Fluctuation,L. Awasthi
KS06042612401,1058336024,"bill time par nahi mila is baar, late fee lag gayi hai bina wajah",2026-06-04 07:42,2026-06-05 18:42,CLOSED,GOVIND NAGAR,GOVIND NAGAR SUBDIVISION,DIVISION-4,ZONE-2,CIRCLE-2,Billing Related,M. Verma
KS06042611852,1031489897,"voltage up-down ho raha hai lagatar, appliances damage ho rahe hain",2026-06-04 07:51,2026-06-05 15:51,CLOSED,KIDWAI NAGAR,KIDWAI NAGAR SUBDIVISION,DIVISION-2,ZONE-1,CIRCLE-1,Voltage Fluctuation,D. Yadav
KS06042610112,1032016441,"11KV line mein fault aa gaya hai, 6 ghante se bijli band hai poore ilake mein",2026-06-04 07:54,2026-06-04 09:54,CLOSED,KIDWAI NAGAR,KIDWAI NAGAR SUBDIVISION,DIVISION-2,ZONE-1,CIRCLE-1,11KV Line Fault,S. Tiwari
KS06042610219,1058510093,"high tension line mein kharabi hai, JE sahab abhi tak nahi aaye",2026-06-04 08:38,2026-06-04 13:38,CLOSED,BARRA,BARRA SUBDIVISION,DIVISION-5,ZONE-2,CIRCLE-3,11KV Line Fault,P. Kumar
KS06042610798,1056491704,"do mahine ka combined bill aaya hai, samajh nahi aa raha calculation",2026-06-04 09:04,,PENDING,TATMILL,TATMILL SUBDIVISION,DIVISION-3,ZONE-2,CIRCLE-2,Billing Related,L. Awasthi
KS06042610848,1042416443,"aspatal mein 20 ghante se bijli nahi hai, generator ka diesel bhi khatam hone wala hai",2026-06-04 09:04,,PENDING,VIKAS NAGAR,VIKAS NAGAR SUBDIVISION,DIVISION-5,ZONE-2,CIRCLE-3,Supply Related (Miscellaneous),N. Srivastava
KS06042610801,1057258390,"high tension line mein kharabi hai, JE sahab abhi tak nahi aaye",2026-06-04 09:06,2026-06-05 00:06,CLOSED,BARRA,BARRA SUBDIVISION,DIVISION-5,ZONE-2,CIRCLE-3,11KV Line Fault,J. Singh
KS06042610761,1062584647,"24 ghante se zyada ho gaye bijli gayi hue, ghar mein pani bhi nahi aa raha pump ke bina",2026-06-04 09:09,2026-06-05 09:09,CLOSED,TATMILL,TATMILL SUBDIVISION,DIVISION-3,ZONE-2,CIRCLE-2,Supply Related (Miscellaneous),B. Gupta
KS06042610076,1014458726,"transformer bahut garam ho raha hai aur buzzing sound aa rahi hai, overload lag raha hai",2026-06-04 09:11,2026-06-04 16:11,CLOSED,SWAROOP NAGAR,SWAROOP NAGAR SUBDIVISION,DIVISION-2,ZONE-1,CIRCLE-1,Overloading,K. Pandey
KS06042611546,1085996774,"transformer bahut garam ho raha hai aur buzzing sound aa rahi hai, overload lag raha hai",2026-06-04 09:28,,PENDING,GOVIND NAGAR,GOVIND NAGAR SUBDIVISION,DIVISION-4,ZONE-2,CIRCLE-2,Overloading,B. Gupta
KS06042611542,1092122653,"11KV line mein fault aa gaya hai, 6 ghante se bijli band hai poore ilake mein",2026-06-04 09:45,,PENDING,GOVIND NAGAR,GOVIND NAGAR SUBDIVISION,DIVISION-4,ZONE-2,CIRCLE-2,11KV Line Fault,N. Srivastava
KS06042612438,1070243920,"voltage up-down ho raha hai lagatar, appliances damage ho rahe hain",2026-06-04 09:53,2026-06-04 15:53,CLOSED,DADA NAGAR,DADA NAGAR SUBDIVISION,DIVISION-5,ZONE-2,CIRCLE-3,Voltage Fluctuation,A. Hussain
KS06042612468,1028194349,naya meter lagne ke baad se reading galat aa rahi hai har mahine,2026-06-04 10:03,2026-06-07 03:03,CLOSED,GOVIND NAGAR,GOVIND NAGAR SUBDIVISION,DIVISION-4,ZONE-2,CIRCLE-2,Meter Related,D. Yadav
KS06042611457,1059392818,low voltage ki wajah se motor start nahi ho pa rahi hai,2026-06-04 10:30,2026-06-05 00:30,CLOSED,RING ROAD,RING ROAD SUBDIVISION,DIVISION-1,ZONE-1,CIRCLE-1,Voltage Fluctuation,S. Tiwari
KS06042612082,1079535379,meter ki reading bahut zyada aa rahi hai jabki consumption kam hua hai is mahine,2026-06-04 10:46,,PENDING,PANKI,PANKI SUBDIVISION,DIVISION-5,ZONE-2,CIRCLE-3,Meter Related,J. Singh
KS06042611163,1065190570,"poore mohalle mein pichle 18 ghanto se supply band hai, bachche aur budhe pareshan hain",2026-06-04 10:56,2026-06-04 14:56,CLOSED,ARYA NAGAR,ARYA NAGAR SUBDIVISION,DIVISION-2,ZONE-1,CIRCLE-1,Supply Related (Miscellaneous),R. Kashyap
KS06042612099,1035669897,"DT se lagatar humming noise aa rahi hai, sabko lagta hai kabhi bhi phat sakta hai",2026-06-04 11:14,2026-06-04 13:14,CLOSED,KIDWAI NAGAR,KIDWAI NAGAR SUBDIVISION,DIVISION-2,ZONE-1,CIRCLE-1,Overloading,B. Gupta
KS06042610255,1017774249,"pichle bill mein galat amount charge hua hai, correction chahiye",2026-06-04 11:16,,PENDING,PANKI,PANKI SUBDIVISION,DIVISION-5,ZONE-2,CIRCLE-3,Billing Related,K. Pandey
KS06042612078,1036456442,"high tension line mein kharabi hai, JE sahab abhi tak nahi aaye",2026-06-04 11:41,2026-06-05 00:41,CLOSED,COLONELGANJ,COLONELGANJ SUBDIVISION,DIVISION-1,ZONE-1,CIRCLE-1,11KV Line Fault,B. Gupta
KS06042612237,1021196934,"high tension line mein kharabi hai, JE sahab abhi tak nahi aaye",2026-06-04 11:50,2026-06-04 14:50,CLOSED,DADA NAGAR,DADA NAGAR SUBDIVISION,DIVISION-5,ZONE-2,CIRCLE-3,11KV Line Fault,K. Pandey
KS06042611046,1051272534,"24 ghante se zyada ho gaye bijli gayi hue, ghar mein pani bhi nahi aa raha pump ke bina",2026-06-04 12:08,2026-06-05 01:08,CLOSED,SWAROOP NAGAR,SWAROOP NAGAR SUBDIVISION,DIVISION-2,ZONE-1,CIRCLE-1,Supply Related (Miscellaneous),R. Kashyap
KS06042611627,1014458726,"24 ghante se zyada ho gaye bijli gayi hue, ghar mein pani bhi nahi aa raha pump ke bina",2026-06-04 12:24,2026-06-05 10:24,CLOSED,ARYA NAGAR,ARYA NAGAR SUBDIVISION,DIVISION-2,ZONE-1,CIRCLE-1,Supply Related (Miscellaneous),D. Yadav
KS06042612064,1042416443,"voltage bahut kam hai, sirf 180 volt aa raha hai, AC aur fridge kharab ho gaye",2026-06-04 12:44,,PENDING,JAJMAU,JAJMAU SUBDIVISION,DIVISION-3,ZONE-2,CIRCLE-2,Voltage Fluctuation,V. Mishra
KS06042612421,1025713056,"24 ghante se zyada ho gaye bijli gayi hue, ghar mein pani bhi nahi aa raha pump ke bina",2026-06-04 12:50,2026-06-05 11:50,CLOSED,RING ROAD,RING ROAD SUBDIVISION,DIVISION-1,ZONE-1,CIRCLE-1,Supply Related (Miscellaneous),D. Yadav
KS06042610132,1032971567,naya meter lagne ke baad se reading galat aa rahi hai har mahine,2026-06-04 12:52,2026-06-06 23:52,CLOSED,DADA NAGAR,DADA NAGAR SUBDIVISION,DIVISION-5,ZONE-2,CIRCLE-3,Meter Related,A. Hussain
KS06042611877,1031447484,line fault ke karan pura substation area mein supply thap ho gayi hai,2026-06-04 12:53,2026-06-04 14:53,CLOSED,HARRISGANJ,HARRISGANJ SUBDIVISION,DIVISION-1,ZONE-1,CIRCLE-1,11KV Line Fault,A. Hussain
KS06042611543,1013175375,"poore mohalle mein pichle 18 ghanto se supply band hai, bachche aur budhe pareshan hain",2026-06-04 12:57,2026-06-04 15:57,CLOSED,BARRA,BARRA SUBDIVISION,DIVISION-5,ZONE-2,CIRCLE-3,Supply Related (Miscellaneous),J. Singh
KS06042612358,1038595009,"line ka fuse udh gaya tez hawa mein, dobara nahi laga abhi tak",2026-06-04 13:02,2026-06-06 20:02,CLOSED,COLONELGANJ,COLONELGANJ SUBDIVISION,DIVISION-1,ZONE-1,CIRCLE-1,Fuse Off Call (FOC),S. Tiwari
KS06042612456,1036263114,"digital meter display kaam nahi kar raha, kuch bhi nahi dikh raha screen par",2026-06-04 13:05,2026-06-05 02:05,CLOSED,BARRA,BARRA SUBDIVISION,DIVISION-5,ZONE-2,CIRCLE-3,Meter Related,P. Kumar
KS06042610471,1030276760,low voltage ki wajah se motor start nahi ho pa rahi hai,2026-06-04 13:14,,PENDING,PANKI,PANKI SUBDIVISION,DIVISION-5,ZONE-2,CIRCLE-3,Voltage Fluctuation,B. Gupta
KS06042611622,1062704337,"bill time par nahi mila is baar, late fee lag gayi hai bina wajah",2026-06-04 13:29,,PENDING,BARRA,BARRA SUBDIVISION,DIVISION-5,ZONE-2,CIRCLE-3,Billing Related,A. Hussain
KS06042611969,1068949632,"voltage bahut kam hai, sirf 180 volt aa raha hai, AC aur fridge kharab ho gaye",2026-06-04 13:34,2026-06-05 03:34,CLOSED,RAWATPUR,RAWATPUR SUBDIVISION,DIVISION-3,ZONE-2,CIRCLE-2,Voltage Fluctuation,P. Kumar
KS06042611366,1019816472,"transformer bahut garam ho raha hai aur buzzing sound aa rahi hai, overload lag raha hai",2026-06-04 13:35,,PENDING,KIDWAI NAGAR,KIDWAI NAGAR SUBDIVISION,DIVISION-2,ZONE-1,CIRCLE-1,Overloading,D. Yadav
KS06042610223,1099321812,"line ka fuse udh gaya tez hawa mein, dobara nahi laga abhi tak",2026-06-04 14:02,,PENDING,DADA NAGAR,DADA NAGAR SUBDIVISION,DIVISION-5,ZONE-2,CIRCLE-3,Fuse Off Call (FOC),D. Yadav
KS06042610652,1067808566,"digital meter display kaam nahi kar raha, kuch bhi nahi dikh raha screen par",2026-06-04 14:08,2026-06-04 22:08,CLOSED,KAKADEO,KAKADEO SUBDIVISION,DIVISION-4,ZONE-2,CIRCLE-2,Meter Related,K. Pandey
KS06042610557,1062054818,"voltage bahut kam hai, sirf 180 volt aa raha hai, AC aur fridge kharab ho gaye",2026-06-04 14:18,2026-06-06 02:18,CLOSED,DADA NAGAR,DADA NAGAR SUBDIVISION,DIVISION-5,ZONE-2,CIRCLE-3,Voltage Fluctuation,V. Mishra
KS06042611509,1012253618,"bill time par nahi mila is baar, late fee lag gayi hai bina wajah",2026-06-04 14:21,2026-06-05 19:21,CLOSED,YASHODA NAGAR,YASHODA NAGAR SUBDIVISION,DIVISION-4,ZONE-2,CIRCLE-2,Billing Related,S. Tiwari
KS06042610684,1084734257,meter ki reading bahut zyada aa rahi hai jabki consumption kam hua hai is mahine,2026-06-04 14:34,2026-06-05 06:34,CLOSED,ARYA NAGAR,ARYA NAGAR SUBDIVISION,DIVISION-2,ZONE-1,CIRCLE-1,Meter Related,J. Singh
KS06042611125,1032138291,"voltage bahut kam hai, sirf 180 volt aa raha hai, AC aur fridge kharab ho gaye",2026-06-04 15:08,2026-06-07 00:08,CLOSED,YASHODA NAGAR,YASHODA NAGAR SUBDIVISION,DIVISION-4,ZONE-2,CIRCLE-2,Voltage Fluctuation,J. Singh
KS06042612352,1094401251,gर्मी mein overloading ki wajah se baar baar trip ho raha hai transformer,2026-06-04 16:27,2026-06-04 18:27,CLOSED,COLONELGANJ,COLONELGANJ SUBDIVISION,DIVISION-1,ZONE-1,CIRCLE-1,Overloading,P. Kumar
KS06042610704,1043995880,gर्मी mein overloading ki wajah se baar baar trip ho raha hai transformer,2026-06-04 16:29,,PENDING,ARYA NAGAR,ARYA NAGAR SUBDIVISION,DIVISION-2,ZONE-1,CIRCLE-1,Overloading,K. Pandey
KS06042610697,1059392818,meter ki reading bahut zyada aa rahi hai jabki consumption kam hua hai is mahine,2026-06-04 16:33,,PENDING,PANKI,PANKI SUBDIVISION,DIVISION-5,ZONE-2,CIRCLE-3,Meter Related,L. Awasthi
KS06042610588,1055647110,"poore mohalle mein pichle 18 ghanto se supply band hai, bachche aur budhe pareshan hain",2026-06-04 16:36,2026-06-05 14:36,CLOSED,KIDWAI NAGAR,KIDWAI NAGAR SUBDIVISION,DIVISION-2,ZONE-1,CIRCLE-1,Supply Related (Miscellaneous),P. Kumar
KS06042612386,1032138291,"DT ka fuse baar baar gir raha hai, substation wale theek nahi karte, 3 baar shikayat kar chuke hain",2026-06-04 17:01,2026-06-05 23:01,CLOSED,KAKADEO,KAKADEO SUBDIVISION,DIVISION-4,ZONE-2,CIRCLE-2,Fuse Off Call (FOC),P. Kumar
KS06042610532,1012180641,"high tension line mein kharabi hai, JE sahab abhi tak nahi aaye",2026-06-04 17:02,2026-06-05 12:02,CLOSED,BARRA,BARRA SUBDIVISION,DIVISION-5,ZONE-2,CIRCLE-3,11KV Line Fault,D. Yadav
KS06042611618,1018707760,"fuse off ho gaya hai kal raat se, poori gali mein andhera hai",2026-06-04 17:57,2026-06-06 06:57,CLOSED,YASHODA NAGAR,YASHODA NAGAR SUBDIVISION,DIVISION-4,ZONE-2,CIRCLE-2,Fuse Off Call (FOC),K. Pandey
KS06042611609,1099103063,low voltage ki wajah se motor start nahi ho pa rahi hai,2026-06-04 18:12,2026-06-05 14:12,CLOSED,ARYA NAGAR,ARYA NAGAR SUBDIVISION,DIVISION-2,ZONE-1,CIRCLE-1,Voltage Fluctuation,V. Mishra
KS06042610851,1088561915,"poore mohalle mein pichle 18 ghanto se supply band hai, bachche aur budhe pareshan hain",2026-06-04 18:19,,PENDING,HARRISGANJ,HARRISGANJ SUBDIVISION,DIVISION-1,ZONE-1,CIRCLE-1,Supply Related (Miscellaneous),J. Singh
KS06042610825,1058058092,"transformer se dhuaan aur jalne ki smell aa rahi hai, turant madad chahiye",2026-06-04 18:20,2026-06-05 00:20,CLOSED,YASHODA NAGAR,YASHODA NAGAR SUBDIVISION,DIVISION-4,ZONE-2,CIRCLE-2,DT Damaged/DT Fuse Burnt/Fire on DT,V. Mishra
KS06042611393,1045854154,"transformer mein aag lag gayi aur dhuaan nikal raha hai, poori colony andhere mein hai",2026-06-04 18:23,2026-06-04 20:23,CLOSED,PANKI,PANKI SUBDIVISION,DIVISION-5,ZONE-2,CIRCLE-3,DT Damaged/DT Fuse Burnt/Fire on DT,R. Kashyap
KS06042610868,1083252410,"pole gir gaya hai bijli ki taar ke saath, bahut khatarnak sthiti hai",2026-06-04 18:34,2026-06-04 23:34,CLOSED,YASHODA NAGAR,YASHODA NAGAR SUBDIVISION,DIVISION-4,ZONE-2,CIRCLE-2,Wire Snapping/Pole Fault,R. Kashyap
KS06042610270,1024688601,"transformer mein aag lag gayi aur dhuaan nikal raha hai, poori colony andhere mein hai",2026-06-04 18:56,2026-06-04 21:56,CLOSED,KAKADEO,KAKADEO SUBDIVISION,DIVISION-4,ZONE-2,CIRCLE-2,DT Damaged/DT Fuse Burnt/Fire on DT,B. Gupta
KS06042611474,1029799409,"voltage bahut kam hai, sirf 180 volt aa raha hai, AC aur fridge kharab ho gaye",2026-06-04 19:07,2026-06-07 12:07,CLOSED,ARYA NAGAR,ARYA NAGAR SUBDIVISION,DIVISION-2,ZONE-1,CIRCLE-1,Voltage Fluctuation,L. Awasthi
KS06042611435,1049441451,"DT ka fuse baar baar gir raha hai, substation wale theek nahi karte, 3 baar shikayat kar chuke hain",2026-06-04 19:14,2026-06-06 15:14,CLOSED,HARRISGANJ,HARRISGANJ SUBDIVISION,DIVISION-1,ZONE-1,CIRCLE-1,Fuse Off Call (FOC),P. Kumar
KS06042611248,1022896134,"load enhancement ke liye request diya tha, koi update nahi mila",2026-06-04 19:17,,PENDING,HARRISGANJ,HARRISGANJ SUBDIVISION,DIVISION-1,ZONE-1,CIRCLE-1,New Connection,L. Awasthi
KS06042610456,1077205853,"line ka fuse udh gaya tez hawa mein, dobara nahi laga abhi tak",2026-06-04 19:23,2026-06-05 21:23,CLOSED,PANKI,PANKI SUBDIVISION,DIVISION-5,ZONE-2,CIRCLE-3,Fuse Off Call (FOC),A. Hussain
KS06042611159,1085142021,"bill time par nahi mila is baar, late fee lag gayi hai bina wajah",2026-06-04 19:32,2026-06-12 04:32,CLOSED,JAJMAU,JAJMAU SUBDIVISION,DIVISION-3,ZONE-2,CIRCLE-2,Billing Related,A. Hussain
KS06042611355,1049082068,"DT mein blast ho gaya, chingari nikal rahi hai, log dar ke maare ghar se bahar hain",2026-06-04 19:33,2026-06-05 01:33,CLOSED,RING ROAD,RING ROAD SUBDIVISION,DIVISION-1,ZONE-1,CIRCLE-1,DT Damaged/DT Fuse Burnt/Fire on DT,M. Verma
KS06042611330,1067808566,"pichle bill mein galat amount charge hua hai, correction chahiye",2026-06-04 19:43,2026-06-07 20:43,CLOSED,KAKADEO,KAKADEO SUBDIVISION,DIVISION-4,ZONE-2,CIRCLE-2,Billing Related,R. Kashyap
KS06042612271,1057394588,"digital meter display kaam nahi kar raha, kuch bhi nahi dikh raha screen par",2026-06-04 19:55,2026-06-05 05:55,CLOSED,JAJMAU,JAJMAU SUBDIVISION,DIVISION-3,ZONE-2,CIRCLE-2,Meter Related,M. Verma
KS06042612251,1012253618,"pichle bill mein galat amount charge hua hai, correction chahiye",2026-06-04 20:02,2026-06-05 21:02,CLOSED,GOVIND NAGAR,GOVIND NAGAR SUBDIVISION,DIVISION-4,ZONE-2,CIRCLE-2,Billing Related,N. Srivastava
KS06042611064,1067629890,line fault ke karan pura substation area mein supply thap ho gayi hai,2026-06-04 20:06,2026-06-05 04:06,CLOSED,HARRISGANJ,HARRISGANJ SUBDIVISION,DIVISION-1,ZONE-1,CIRCLE-1,11KV Line Fault,V. Mishra
KS06042612385,1032448259,"bill time par nahi mila is baar, late fee lag gayi hai bina wajah",2026-06-04 20:21,,PENDING,GOVIND NAGAR,GOVIND NAGAR SUBDIVISION,DIVISION-4,ZONE-2,CIRCLE-2,Billing Related,B. Gupta
KS06042612280,1018995666,"voltage bahut kam hai, sirf 180 volt aa raha hai, AC aur fridge kharab ho gaye",2026-06-04 20:26,2026-06-06 17:26,CLOSED,JAJMAU,JAJMAU SUBDIVISION,DIVISION-3,ZONE-2,CIRCLE-2,Voltage Fluctuation,M. Verma
KS06042610670,1080529149,"aspatal mein 20 ghante se bijli nahi hai, generator ka diesel bhi khatam hone wala hai",2026-06-04 20:33,,PENDING,GOVIND NAGAR,GOVIND NAGAR SUBDIVISION,DIVISION-4,ZONE-2,CIRCLE-2,Supply Related (Miscellaneous),V. Mishra
KS06042612232,1012893445,"11KV ki taar sadak par gir gayi hai, log ke pass se guzar rahe hain, koi accident na ho jaye",2026-06-04 20:38,2026-06-05 00:38,CLOSED,YASHODA NAGAR,YASHODA NAGAR SUBDIVISION,DIVISION-4,ZONE-2,CIRCLE-2,Wire Snapping/Pole Fault,A. Hussain
KS06042610819,1062379920,"DT se lagatar humming noise aa rahi hai, sabko lagta hai kabhi bhi phat sakta hai",2026-06-04 21:22,2026-06-05 02:22,CLOSED,KIDWAI NAGAR,KIDWAI NAGAR SUBDIVISION,DIVISION-2,ZONE-1,CIRCLE-1,Overloading,S. Tiwari
KS06042610003,1056264337,naya meter lagne ke baad se reading galat aa rahi hai har mahine,2026-06-04 21:27,2026-06-05 16:27,CLOSED,TATMILL,TATMILL SUBDIVISION,DIVISION-3,ZONE-2,CIRCLE-2,Meter Related,S. Tiwari
KS06042610983,1095263987,low voltage ki wajah se motor start nahi ho pa rahi hai,2026-06-04 21:32,2026-06-05 13:32,CLOSED,TATMILL,TATMILL SUBDIVISION,DIVISION-3,ZONE-2,CIRCLE-2,Voltage Fluctuation,R. Kashyap
KS06042610522,1061776545,"24 ghante se zyada ho gaye bijli gayi hue, ghar mein pani bhi nahi aa raha pump ke bina",2026-06-04 21:52,2026-06-06 02:52,CLOSED,RAWATPUR,RAWATPUR SUBDIVISION,DIVISION-3,ZONE-2,CIRCLE-2,Supply Related (Miscellaneous),R. Kashyap
KS06042611499,1058441680,"digital meter display kaam nahi kar raha, kuch bhi nahi dikh raha screen par",2026-06-04 22:13,2026-06-07 16:13,CLOSED,SWAROOP NAGAR,SWAROOP NAGAR SUBDIVISION,DIVISION-2,ZONE-1,CIRCLE-1,Meter Related,S. Tiwari
KS06042611380,1059392818,"voltage bahut kam hai, sirf 180 volt aa raha hai, AC aur fridge kharab ho gaye",2026-06-04 22:32,,PENDING,COLONELGANJ,COLONELGANJ SUBDIVISION,DIVISION-1,ZONE-1,CIRCLE-1,Voltage Fluctuation,D. Yadav
KS06052611034,1059700130,low voltage ki wajah se motor start nahi ho pa rahi hai,2026-06-05 00:36,2026-06-06 15:36,CLOSED,KAKADEO,KAKADEO SUBDIVISION,DIVISION-4,ZONE-2,CIRCLE-2,Voltage Fluctuation,V. Mishra
KS06052610007,1054935222,"pichle bill mein galat amount charge hua hai, correction chahiye",2026-06-05 00:36,2026-06-13 05:36,CLOSED,JAJMAU,JAJMAU SUBDIVISION,DIVISION-3,ZONE-2,CIRCLE-2,Billing Related,A. Hussain
KS06052610589,1058004868,"transformer mein aag lag gayi aur dhuaan nikal raha hai, poori colony andhere mein hai",2026-06-05 02:21,2026-06-05 08:21,CLOSED,JAJMAU,JAJMAU SUBDIVISION,DIVISION-3,ZONE-2,CIRCLE-2,DT Damaged/DT Fuse Burnt/Fire on DT,V. Mishra
KS06052610546,1071816460,"11KV line mein fault aa gaya hai, 6 ghante se bijli band hai poore ilake mein",2026-06-05 02:40,2026-06-05 09:40,CLOSED,PANKI,PANKI SUBDIVISION,DIVISION-5,ZONE-2,CIRCLE-3,11KV Line Fault,K. Pandey
KS06052611164,1045274783,"24 ghante se zyada ho gaye bijli gayi hue, ghar mein pani bhi nahi aa raha pump ke bina",2026-06-05 02:40,2026-06-06 01:40,CLOSED,SWAROOP NAGAR,SWAROOP NAGAR SUBDIVISION,DIVISION-2,ZONE-1,CIRCLE-1,Supply Related (Miscellaneous),S. Tiwari
KS06052611135,1097672805,line fault ke karan pura substation area mein supply thap ho gayi hai,2026-06-05 02:44,2026-06-05 16:44,CLOSED,YASHODA NAGAR,YASHODA NAGAR SUBDIVISION,DIVISION-4,ZONE-2,CIRCLE-2,11KV Line Fault,S. Tiwari
KS06052612224,1028093581,"load enhancement ke liye request diya tha, koi update nahi mila",2026-06-05 04:55,,PENDING,RAWATPUR,RAWATPUR SUBDIVISION,DIVISION-3,ZONE-2,CIRCLE-2,New Connection,L. Awasthi
KS06052610805,1059375264,"poore mohalle mein pichle 18 ghanto se supply band hai, bachche aur budhe pareshan hain",2026-06-05 05:01,2026-06-05 16:01,CLOSED,VIKAS NAGAR,VIKAS NAGAR SUBDIVISION,DIVISION-5,ZONE-2,CIRCLE-3,Supply Related (Miscellaneous),K. Pandey
KS06052612334,1082100786,low voltage ki wajah se motor start nahi ho pa rahi hai,2026-06-05 05:24,2026-06-07 08:24,CLOSED,BARRA,BARRA SUBDIVISION,DIVISION-5,ZONE-2,CIRCLE-3,Voltage Fluctuation,K. Pandey
KS06052612319,1094335644,"load enhancement ke liye request diya tha, koi update nahi mila",2026-06-05 06:15,2026-06-13 15:15,CLOSED,KIDWAI NAGAR,KIDWAI NAGAR SUBDIVISION,DIVISION-2,ZONE-1,CIRCLE-1,New Connection,R. Kashyap
KS06052611640,1036456442,"bill time par nahi mila is baar, late fee lag gayi hai bina wajah",2026-06-05 06:26,2026-06-07 14:26,CLOSED,YASHODA NAGAR,YASHODA NAGAR SUBDIVISION,DIVISION-4,ZONE-2,CIRCLE-2,Billing Related,N. Srivastava
KS06052610266,1059196660,"transformer bahut garam ho raha hai aur buzzing sound aa rahi hai, overload lag raha hai",2026-06-05 07:36,2026-06-06 11:36,CLOSED,BARRA,BARRA SUBDIVISION,DIVISION-5,ZONE-2,CIRCLE-3,Overloading,B. Gupta
KS06052611462,1022404219,"aspatal mein 20 ghante se bijli nahi hai, generator ka diesel bhi khatam hone wala hai",2026-06-05 07:48,2026-06-05 09:48,CLOSED,TATMILL,TATMILL SUBDIVISION,DIVISION-3,ZONE-2,CIRCLE-2,Supply Related (Miscellaneous),A. Hussain
KS06052611398,1080255100,"voltage up-down ho raha hai lagatar, appliances damage ho rahe hain",2026-06-05 08:32,2026-06-07 07:32,CLOSED,HARRISGANJ,HARRISGANJ SUBDIVISION,DIVISION-1,ZONE-1,CIRCLE-1,Voltage Fluctuation,K. Pandey
KS06052610382,1045274783,"bill time par nahi mila is baar, late fee lag gayi hai bina wajah",2026-06-05 08:53,2026-06-14 02:53,CLOSED,VIKAS NAGAR,VIKAS NAGAR SUBDIVISION,DIVISION-5,ZONE-2,CIRCLE-3,Billing Related,D. Yadav
KS06052610312,1099599975,"DT se lagatar humming noise aa rahi hai, sabko lagta hai kabhi bhi phat sakta hai",2026-06-05 08:53,2026-06-05 14:53,CLOSED,ARYA NAGAR,ARYA NAGAR SUBDIVISION,DIVISION-2,ZONE-1,CIRCLE-1,Overloading,P. Kumar
KS06052611951,1055695256,"DT mein blast ho gaya, chingari nikal rahi hai, log dar ke maare ghar se bahar hain",2026-06-05 09:02,2026-06-05 15:02,CLOSED,RAWATPUR,RAWATPUR SUBDIVISION,DIVISION-3,ZONE-2,CIRCLE-2,DT Damaged/DT Fuse Burnt/Fire on DT,V. Mishra
KS06052610629,1081851572,"bill time par nahi mila is baar, late fee lag gayi hai bina wajah",2026-06-05 09:26,2026-06-07 21:26,CLOSED,RING ROAD,RING ROAD SUBDIVISION,DIVISION-1,ZONE-1,CIRCLE-1,Billing Related,A. Hussain
KS06052611305,1043775032,"DT ka fuse baar baar gir raha hai, substation wale theek nahi karte, 3 baar shikayat kar chuke hain",2026-06-05 09:59,2026-06-08 06:59,CLOSED,ARYA NAGAR,ARYA NAGAR SUBDIVISION,DIVISION-2,ZONE-1,CIRCLE-1,Fuse Off Call (FOC),N. Srivastava
KS06052610579,1018707760,"high tension line mein kharabi hai, JE sahab abhi tak nahi aaye",2026-06-05 10:03,2026-06-06 07:03,CLOSED,RAWATPUR,RAWATPUR SUBDIVISION,DIVISION-3,ZONE-2,CIRCLE-2,11KV Line Fault,S. Tiwari
KS06052611197,1090323589,naya meter lagne ke baad se reading galat aa rahi hai har mahine,2026-06-05 10:22,2026-06-06 23:22,CLOSED,KIDWAI NAGAR,KIDWAI NAGAR SUBDIVISION,DIVISION-2,ZONE-1,CIRCLE-1,Meter Related,M. Verma
KS06052611601,1015054255,"24 ghante se zyada ho gaye bijli gayi hue, ghar mein pani bhi nahi aa raha pump ke bina",2026-06-05 10:30,,PENDING,PANKI,PANKI SUBDIVISION,DIVISION-5,ZONE-2,CIRCLE-3,Supply Related (Miscellaneous),R. Kashyap
KS06052611656,1078247221,gर्मी mein overloading ki wajah se baar baar trip ho raha hai transformer,2026-06-05 10:32,,PENDING,KAKADEO,KAKADEO SUBDIVISION,DIVISION-4,ZONE-2,CIRCLE-2,Overloading,P. Kumar
KS06052611857,1066457919,"transformer bahut garam ho raha hai aur buzzing sound aa rahi hai, overload lag raha hai",2026-06-05 10:39,,PENDING,PANKI,PANKI SUBDIVISION,DIVISION-5,ZONE-2,CIRCLE-3,Overloading,S. Tiwari
KS06052612066,1054732325,low voltage ki wajah se motor start nahi ho pa rahi hai,2026-06-05 10:48,,PENDING,YASHODA NAGAR,YASHODA NAGAR SUBDIVISION,DIVISION-4,ZONE-2,CIRCLE-2,Voltage Fluctuation,J. Singh
KS06052610048,1012964241,naya meter lagne ke baad se reading galat aa rahi hai har mahine,2026-06-05 10:49,2026-06-06 19:49,CLOSED,JAJMAU,JAJMAU SUBDIVISION,DIVISION-3,ZONE-2,CIRCLE-2,Meter Related,B. Gupta
KS06052611683,1024688601,"DT se lagatar humming noise aa rahi hai, sabko lagta hai kabhi bhi phat sakta hai",2026-06-05 11:04,2026-06-06 00:04,CLOSED,YASHODA NAGAR,YASHODA NAGAR SUBDIVISION,DIVISION-4,ZONE-2,CIRCLE-2,Overloading,P. Kumar
KS06052610476,1027808126,"voltage up-down ho raha hai lagatar, appliances damage ho rahe hain",2026-06-05 11:22,2026-06-07 04:22,CLOSED,PANKI,PANKI SUBDIVISION,DIVISION-5,ZONE-2,CIRCLE-3,Voltage Fluctuation,J. Singh
KS06052610520,1027427572,"load enhancement ke liye request diya tha, koi update nahi mila",2026-06-05 11:54,2026-06-07 06:54,CLOSED,RING ROAD,RING ROAD SUBDIVISION,DIVISION-1,ZONE-1,CIRCLE-1,New Connection,K. Pandey
KS06052610781,1031067648,"load enhancement ke liye request diya tha, koi update nahi mila",2026-06-05 12:06,,PENDING,HARRISGANJ,HARRISGANJ SUBDIVISION,DIVISION-1,ZONE-1,CIRCLE-1,New Connection,V. Mishra
KS06052611612,1039590191,"bill time par nahi mila is baar, late fee lag gayi hai bina wajah",2026-06-05 12:08,2026-06-12 16:08,CLOSED,JAJMAU,JAJMAU SUBDIVISION,DIVISION-3,ZONE-2,CIRCLE-2,Billing Related,J. Singh
KS06052611447,1027525176,"voltage bahut kam hai, sirf 180 volt aa raha hai, AC aur fridge kharab ho gaye",2026-06-05 12:15,2026-06-05 19:15,CLOSED,SWAROOP NAGAR,SWAROOP NAGAR SUBDIVISION,DIVISION-2,ZONE-1,CIRCLE-1,Voltage Fluctuation,J. Singh
KS06052612487,1079335583,"bill time par nahi mila is baar, late fee lag gayi hai bina wajah",2026-06-05 12:23,2026-06-14 21:23,CLOSED,SWAROOP NAGAR,SWAROOP NAGAR SUBDIVISION,DIVISION-2,ZONE-1,CIRCLE-1,Billing Related,R. Kashyap
KS06052612365,1054321662,meter ki reading bahut zyada aa rahi hai jabki consumption kam hua hai is mahine,2026-06-05 12:27,,PENDING,BARRA,BARRA SUBDIVISION,DIVISION-5,ZONE-2,CIRCLE-3,Meter Related,V. Mishra
KS06052610029,1034947832,"digital meter display kaam nahi kar raha, kuch bhi nahi dikh raha screen par",2026-06-05 12:32,2026-06-07 21:32,CLOSED,VIKAS NAGAR,VIKAS NAGAR SUBDIVISION,DIVISION-5,ZONE-2,CIRCLE-3,Meter Related,P. Kumar
KS06052610015,1074466205,gर्मी mein overloading ki wajah se baar baar trip ho raha hai transformer,2026-06-05 12:50,2026-06-06 03:50,CLOSED,RAWATPUR,RAWATPUR SUBDIVISION,DIVISION-3,ZONE-2,CIRCLE-2,Overloading,S. Tiwari
KS06052611789,1093704835,"pole gir gaya hai bijli ki taar ke saath, bahut khatarnak sthiti hai",2026-06-05 12:54,2026-06-05 17:54,CLOSED,GOVIND NAGAR,GOVIND NAGAR SUBDIVISION,DIVISION-4,ZONE-2,CIRCLE-2,Wire Snapping/Pole Fault,D. Yadav
KS06052610908,1084734257,"transformer bahut garam ho raha hai aur buzzing sound aa rahi hai, overload lag raha hai",2026-06-05 13:01,2026-06-05 15:01,CLOSED,KAKADEO,KAKADEO SUBDIVISION,DIVISION-4,ZONE-2,CIRCLE-2,Overloading,D. Yadav
KS06052611259,1082729731,"fuse off ho gaya hai kal raat se, poori gali mein andhera hai",2026-06-05 13:05,2026-06-08 09:05,CLOSED,KAKADEO,KAKADEO SUBDIVISION,DIVISION-4,ZONE-2,CIRCLE-2,Fuse Off Call (FOC),K. Pandey
KS06052611121,1020386771,"poore mohalle mein pichle 18 ghanto se supply band hai, bachche aur budhe pareshan hain",2026-06-05 13:10,2026-06-06 09:10,CLOSED,RAWATPUR,RAWATPUR SUBDIVISION,DIVISION-3,ZONE-2,CIRCLE-2,Supply Related (Miscellaneous),P. Kumar
KS06052612071,1032459335,"voltage bahut kam hai, sirf 180 volt aa raha hai, AC aur fridge kharab ho gaye",2026-06-05 13:12,2026-06-07 18:12,CLOSED,RAWATPUR,RAWATPUR SUBDIVISION,DIVISION-3,ZONE-2,CIRCLE-2,Voltage Fluctuation,P. Kumar
KS06052610658,1035829082,meter ki reading bahut zyada aa rahi hai jabki consumption kam hua hai is mahine,2026-06-05 13:28,2026-06-08 01:28,CLOSED,KIDWAI NAGAR,KIDWAI NAGAR SUBDIVISION,DIVISION-2,ZONE-1,CIRCLE-1,Meter Related,K. Pandey
KS06052612400,1076401341,meter ki reading bahut zyada aa rahi hai jabki consumption kam hua hai is mahine,2026-06-05 13:37,,PENDING,RAWATPUR,RAWATPUR SUBDIVISION,DIVISION-3,ZONE-2,CIRCLE-2,Meter Related,M. Verma
KS06052611846,1037705010,"11KV line mein fault aa gaya hai, 6 ghante se bijli band hai poore ilake mein",2026-06-05 13:42,2026-06-05 17:42,CLOSED,DADA NAGAR,DADA NAGAR SUBDIVISION,DIVISION-5,ZONE-2,CIRCLE-3,11KV Line Fault,R. Kashyap
KS06052610488,1054762507,naya meter lagne ke baad se reading galat aa rahi hai har mahine,2026-06-05 13:54,,PENDING,TATMILL,TATMILL SUBDIVISION,DIVISION-3,ZONE-2,CIRCLE-2,Meter Related,V. Mishra
KS06052611652,1063705370,"transformer bahut garam ho raha hai aur buzzing sound aa rahi hai, overload lag raha hai",2026-06-05 14:03,2026-06-06 05:03,CLOSED,VIKAS NAGAR,VIKAS NAGAR SUBDIVISION,DIVISION-5,ZONE-2,CIRCLE-3,Overloading,R. Kashyap
KS06052611686,1071047954,low voltage ki wajah se motor start nahi ho pa rahi hai,2026-06-05 14:21,2026-06-08 08:21,CLOSED,TATMILL,TATMILL SUBDIVISION,DIVISION-3,ZONE-2,CIRCLE-2,Voltage Fluctuation,N. Srivastava
KS06052610508,1047814656,low voltage ki wajah se motor start nahi ho pa rahi hai,2026-06-05 14:23,2026-06-08 04:23,CLOSED,PANKI,PANKI SUBDIVISION,DIVISION-5,ZONE-2,CIRCLE-3,Voltage Fluctuation,P. Kumar
KS06052612016,1016788381,"DT se lagatar humming noise aa rahi hai, sabko lagta hai kabhi bhi phat sakta hai",2026-06-05 14:48,2026-06-06 17:48,CLOSED,RAWATPUR,RAWATPUR SUBDIVISION,DIVISION-3,ZONE-2,CIRCLE-2,Overloading,D. Yadav
KS06052611769,1051062257,"pichle bill mein galat amount charge hua hai, correction chahiye",2026-06-05 14:52,2026-06-13 00:52,CLOSED,ARYA NAGAR,ARYA NAGAR SUBDIVISION,DIVISION-2,ZONE-1,CIRCLE-1,Billing Related,K. Pandey
KS06052610104,1073395718,"do mahine ka combined bill aaya hai, samajh nahi aa raha calculation",2026-06-05 15:12,2026-06-09 08:12,CLOSED,RAWATPUR,RAWATPUR SUBDIVISION,DIVISION-3,ZONE-2,CIRCLE-2,Billing Related,V. Mishra
KS06052611854,1054244929,"load enhancement ke liye request diya tha, koi update nahi mila",2026-06-05 15:13,2026-06-10 04:13,CLOSED,GOVIND NAGAR,GOVIND NAGAR SUBDIVISION,DIVISION-4,ZONE-2,CIRCLE-2,New Connection,V. Mishra
KS06052611771,1020746171,"pichle bill mein galat amount charge hua hai, correction chahiye",2026-06-05 15:46,2026-06-15 12:46,CLOSED,HARRISGANJ,HARRISGANJ SUBDIVISION,DIVISION-1,ZONE-1,CIRCLE-1,Billing Related,S. Tiwari
KS06052610208,1044687280,"24 ghante se zyada ho gaye bijli gayi hue, ghar mein pani bhi nahi aa raha pump ke bina",2026-06-05 15:51,2026-06-06 11:51,CLOSED,SWAROOP NAGAR,SWAROOP NAGAR SUBDIVISION,DIVISION-2,ZONE-1,CIRCLE-1,Supply Related (Miscellaneous),L. Awasthi
KS06052611791,1034484066,"11KV line mein fault aa gaya hai, 6 ghante se bijli band hai poore ilake mein",2026-06-05 15:55,2026-06-06 14:55,CLOSED,HARRISGANJ,HARRISGANJ SUBDIVISION,DIVISION-1,ZONE-1,CIRCLE-1,11KV Line Fault,L. Awasthi
KS06052611968,1067936641,"voltage bahut kam hai, sirf 180 volt aa raha hai, AC aur fridge kharab ho gaye",2026-06-05 15:55,,PENDING,JAJMAU,JAJMAU SUBDIVISION,DIVISION-3,ZONE-2,CIRCLE-2,Voltage Fluctuation,P. Kumar
KS06052611967,1073189032,temporary connection ki application pending hai construction site ke liye,2026-06-05 16:18,,PENDING,KIDWAI NAGAR,KIDWAI NAGAR SUBDIVISION,DIVISION-2,ZONE-1,CIRCLE-1,New Connection,D. Yadav
KS06052611649,1055876118,"bill time par nahi mila is baar, late fee lag gayi hai bina wajah",2026-06-05 16:33,2026-06-06 17:33,CLOSED,RAWATPUR,RAWATPUR SUBDIVISION,DIVISION-3,ZONE-2,CIRCLE-2,Billing Related,B. Gupta
KS06052611595,1068949632,"digital meter display kaam nahi kar raha, kuch bhi nahi dikh raha screen par",2026-06-05 16:34,2026-06-08 08:34,CLOSED,JAJMAU,JAJMAU SUBDIVISION,DIVISION-3,ZONE-2,CIRCLE-2,Meter Related,D. Yadav
KS06052610991,1095544663,"pichle bill mein galat amount charge hua hai, correction chahiye",2026-06-05 16:37,2026-06-11 03:37,CLOSED,PANKI,PANKI SUBDIVISION,DIVISION-5,ZONE-2,CIRCLE-3,Billing Related,D. Yadav
KS06052610217,1028414467,"poore mohalle mein pichle 18 ghanto se supply band hai, bachche aur budhe pareshan hain",2026-06-05 16:43,,PENDING,KAKADEO,KAKADEO SUBDIVISION,DIVISION-4,ZONE-2,CIRCLE-2,Supply Related (Miscellaneous),K. Pandey
KS06052611091,1089529914,naya meter lagne ke baad se reading galat aa rahi hai har mahine,2026-06-05 16:45,2026-06-08 06:45,CLOSED,JAJMAU,JAJMAU SUBDIVISION,DIVISION-3,ZONE-2,CIRCLE-2,Meter Related,L. Awasthi
KS06052612423,1073189032,"pole gir gaya hai bijli ki taar ke saath, bahut khatarnak sthiti hai",2026-06-05 17:17,2026-06-05 23:17,CLOSED,RAWATPUR,RAWATPUR SUBDIVISION,DIVISION-3,ZONE-2,CIRCLE-2,Wire Snapping/Pole Fault,N. Srivastava
KS06052610767,1011092681,"transformer mein aag lag gayi aur dhuaan nikal raha hai, poori colony andhere mein hai",2026-06-05 17:30,2026-06-05 19:30,CLOSED,KIDWAI NAGAR,KIDWAI NAGAR SUBDIVISION,DIVISION-2,ZONE-1,CIRCLE-1,DT Damaged/DT Fuse Burnt/Fire on DT,J. Singh
KS06052611985,1012413185,"fuse off ho gaya hai kal raat se, poori gali mein andhera hai",2026-06-05 17:32,2026-06-08 03:32,CLOSED,VIKAS NAGAR,VIKAS NAGAR SUBDIVISION,DIVISION-5,ZONE-2,CIRCLE-3,Fuse Off Call (FOC),R. Kashyap
KS06052610016,1062379920,low voltage ki wajah se motor start nahi ho pa rahi hai,2026-06-05 17:51,2026-06-07 13:51,CLOSED,TATMILL,TATMILL SUBDIVISION,DIVISION-3,ZONE-2,CIRCLE-2,Voltage Fluctuation,N. Srivastava
KS06052611496,1035969770,"load enhancement ke liye request diya tha, koi update nahi mila",2026-06-05 17:56,2026-06-09 19:56,CLOSED,KAKADEO,KAKADEO SUBDIVISION,DIVISION-4,ZONE-2,CIRCLE-2,New Connection,M. Verma
KS06052610150,1095032464,"pichle bill mein galat amount charge hua hai, correction chahiye",2026-06-05 17:57,2026-06-07 18:57,CLOSED,TATMILL,TATMILL SUBDIVISION,DIVISION-3,ZONE-2,CIRCLE-2,Billing Related,N. Srivastava
KS06052612433,1038418802,line fault ke karan pura substation area mein supply thap ho gayi hai,2026-06-05 18:12,2026-06-06 08:12,CLOSED,RAWATPUR,RAWATPUR SUBDIVISION,DIVISION-3,ZONE-2,CIRCLE-2,11KV Line Fault,N. Srivastava
KS06052610366,1048024557,"pichle bill mein galat amount charge hua hai, correction chahiye",2026-06-05 18:15,2026-06-11 09:15,CLOSED,RING ROAD,RING ROAD SUBDIVISION,DIVISION-1,ZONE-1,CIRCLE-1,Billing Related,L. Awasthi
KS06052612320,1023948665,"transformer mein aag lag gayi aur dhuaan nikal raha hai, poori colony andhere mein hai",2026-06-05 18:43,,PENDING,YASHODA NAGAR,YASHODA NAGAR SUBDIVISION,DIVISION-4,ZONE-2,CIRCLE-2,DT Damaged/DT Fuse Burnt/Fire on DT,K. Pandey
KS06052612318,1074496047,low voltage ki wajah se motor start nahi ho pa rahi hai,2026-06-05 19:05,,PENDING,KAKADEO,KAKADEO SUBDIVISION,DIVISION-4,ZONE-2,CIRCLE-2,Voltage Fluctuation,V. Mishra
KS06052610934,1059470605,"do mahine ka combined bill aaya hai, samajh nahi aa raha calculation",2026-06-05 19:11,,PENDING,SWAROOP NAGAR,SWAROOP NAGAR SUBDIVISION,DIVISION-2,ZONE-1,CIRCLE-1,Billing Related,S. Tiwari
KS06052610537,1013712772,"aspatal mein 20 ghante se bijli nahi hai, generator ka diesel bhi khatam hone wala hai",2026-06-05 19:14,,PENDING,SWAROOP NAGAR,SWAROOP NAGAR SUBDIVISION,DIVISION-2,ZONE-1,CIRCLE-1,Supply Related (Miscellaneous),L. Awasthi
KS06052610541,1017844983,low voltage ki wajah se motor start nahi ho pa rahi hai,2026-06-05 19:28,2026-06-06 22:28,CLOSED,RAWATPUR,RAWATPUR SUBDIVISION,DIVISION-3,ZONE-2,CIRCLE-2,Voltage Fluctuation,S. Tiwari
KS06052611245,1064355019,gर्मी mein overloading ki wajah se baar baar trip ho raha hai transformer,2026-06-05 19:33,,PENDING,TATMILL,TATMILL SUBDIVISION,DIVISION-3,ZONE-2,CIRCLE-2,Overloading,A. Hussain
KS06052610688,1099378896,"pichle bill mein galat amount charge hua hai, correction chahiye",2026-06-05 19:35,,PENDING,YASHODA NAGAR,YASHODA NAGAR SUBDIVISION,DIVISION-4,ZONE-2,CIRCLE-2,Billing Related,L. Awasthi
KS06052611479,1082729731,"voltage bahut kam hai, sirf 180 volt aa raha hai, AC aur fridge kharab ho gaye",2026-06-05 19:40,2026-06-08 12:40,CLOSED,TATMILL,TATMILL SUBDIVISION,DIVISION-3,ZONE-2,CIRCLE-2,Voltage Fluctuation,D. Yadav
KS06052612169,1056597982,"voltage up-down ho raha hai lagatar, appliances damage ho rahe hain",2026-06-05 20:08,2026-06-08 17:08,CLOSED,HARRISGANJ,HARRISGANJ SUBDIVISION,DIVISION-1,ZONE-1,CIRCLE-1,Voltage Fluctuation,V. Mishra
KS06052612088,1047336680,"do mahine ka combined bill aaya hai, samajh nahi aa raha calculation",2026-06-05 20:10,2026-06-09 22:10,CLOSED,RING ROAD,RING ROAD SUBDIVISION,DIVISION-1,ZONE-1,CIRCLE-1,Billing Related,B. Gupta
KS06052610079,1022169922,"bill time par nahi mila is baar, late fee lag gayi hai bina wajah",2026-06-05 20:17,,PENDING,GOVIND NAGAR,GOVIND NAGAR SUBDIVISION,DIVISION-4,ZONE-2,CIRCLE-2,Billing Related,J. Singh
KS06052612477,1079560557,"poore mohalle mein pichle 18 ghanto se supply band hai, bachche aur budhe pareshan hain",2026-06-05 20:28,2026-06-06 12:28,CLOSED,KAKADEO,KAKADEO SUBDIVISION,DIVISION-4,ZONE-2,CIRCLE-2,Supply Related (Miscellaneous),S. Tiwari
KS06052611079,1022404219,line fault ke karan pura substation area mein supply thap ho gayi hai,2026-06-05 20:31,2026-06-06 14:31,CLOSED,ARYA NAGAR,ARYA NAGAR SUBDIVISION,DIVISION-2,ZONE-1,CIRCLE-1,11KV Line Fault,V. Mishra
KS06052611080,1054762507,"transformer bahut garam ho raha hai aur buzzing sound aa rahi hai, overload lag raha hai",2026-06-05 20:31,2026-06-06 03:31,CLOSED,SWAROOP NAGAR,SWAROOP NAGAR SUBDIVISION,DIVISION-2,ZONE-1,CIRCLE-1,Overloading,L. Awasthi
KS06052612116,1089898549,gर्मी mein overloading ki wajah se baar baar trip ho raha hai transformer,2026-06-05 20:33,2026-06-06 03:33,CLOSED,SWAROOP NAGAR,SWAROOP NAGAR SUBDIVISION,DIVISION-2,ZONE-1,CIRCLE-1,Overloading,A. Hussain
KS06052611483,1096228331,"transformer bahut garam ho raha hai aur buzzing sound aa rahi hai, overload lag raha hai",2026-06-05 20:48,,PENDING,KIDWAI NAGAR,KIDWAI NAGAR SUBDIVISION,DIVISION-2,ZONE-1,CIRCLE-1,Overloading,K. Pandey
KS06052610540,1060631363,"line ka fuse udh gaya tez hawa mein, dobara nahi laga abhi tak",2026-06-05 20:58,2026-06-06 08:58,CLOSED,HARRISGANJ,HARRISGANJ SUBDIVISION,DIVISION-1,ZONE-1,CIRCLE-1,Fuse Off Call (FOC),K. Pandey
KS06052611307,1011092681,naya meter lagne ke baad se reading galat aa rahi hai har mahine,2026-06-05 21:03,2026-06-07 19:03,CLOSED,SWAROOP NAGAR,SWAROOP NAGAR SUBDIVISION,DIVISION-2,ZONE-1,CIRCLE-1,Meter Related,R. Kashyap
KS06052611602,1078277456,"digital meter display kaam nahi kar raha, kuch bhi nahi dikh raha screen par",2026-06-05 21:19,2026-06-06 11:19,CLOSED,KAKADEO,KAKADEO SUBDIVISION,DIVISION-4,ZONE-2,CIRCLE-2,Meter Related,K. Pandey
KS06052610858,1070673775,"11KV line mein fault aa gaya hai, 6 ghante se bijli band hai poore ilake mein",2026-06-05 21:43,,PENDING,VIKAS NAGAR,VIKAS NAGAR SUBDIVISION,DIVISION-5,ZONE-2,CIRCLE-3,11KV Line Fault,A. Hussain
KS06052611828,1093015581,"DT ka fuse baar baar gir raha hai, substation wale theek nahi karte, 3 baar shikayat kar chuke hain",2026-06-05 21:46,2026-06-06 09:46,CLOSED,KIDWAI NAGAR,KIDWAI NAGAR SUBDIVISION,DIVISION-2,ZONE-1,CIRCLE-1,Fuse Off Call (FOC),L. Awasthi
KS06052610424,1070742649,meter ki reading bahut zyada aa rahi hai jabki consumption kam hua hai is mahine,2026-06-05 22:34,2026-06-08 16:34,CLOSED,GOVIND NAGAR,GOVIND NAGAR SUBDIVISION,DIVISION-4,ZONE-2,CIRCLE-2,Meter Related,J. Singh
KS06062610889,1095792820,meter ki reading bahut zyada aa rahi hai jabki consumption kam hua hai is mahine,2026-06-06 04:53,2026-06-07 22:53,CLOSED,RING ROAD,RING ROAD SUBDIVISION,DIVISION-1,ZONE-1,CIRCLE-1,Meter Related,K. Pandey
KS06062611887,1089273196,"poore mohalle mein pichle 18 ghanto se supply band hai, bachche aur budhe pareshan hain",2026-06-06 05:08,2026-06-07 05:08,CLOSED,COLONELGANJ,COLONELGANJ SUBDIVISION,DIVISION-1,ZONE-1,CIRCLE-1,Supply Related (Miscellaneous),S. Tiwari
KS06062610120,1026487459,naya meter lagne ke baad se reading galat aa rahi hai har mahine,2026-06-06 06:00,2026-06-08 14:00,CLOSED,GOVIND NAGAR,GOVIND NAGAR SUBDIVISION,DIVISION-4,ZONE-2,CIRCLE-2,Meter Related,N. Srivastava
KS06062610289,1086060854,"11KV ki taar sadak par gir gayi hai, log ke pass se guzar rahe hain, koi accident na ho jaye",2026-06-06 06:15,2026-06-06 11:15,CLOSED,HARRISGANJ,HARRISGANJ SUBDIVISION,DIVISION-1,ZONE-1,CIRCLE-1,Wire Snapping/Pole Fault,J. Singh
KS06062610410,1092719868,meter ki reading bahut zyada aa rahi hai jabki consumption kam hua hai is mahine,2026-06-06 06:20,,PENDING,KAKADEO,KAKADEO SUBDIVISION,DIVISION-4,ZONE-2,CIRCLE-2,Meter Related,J. Singh
KS06062610302,1049329035,low voltage ki wajah se motor start nahi ho pa rahi hai,2026-06-06 06:22,2026-06-06 22:22,CLOSED,ARYA NAGAR,ARYA NAGAR SUBDIVISION,DIVISION-2,ZONE-1,CIRCLE-1,Voltage Fluctuation,P. Kumar
KS06062610657,1071816460,"DT se lagatar humming noise aa rahi hai, sabko lagta hai kabhi bhi phat sakta hai",2026-06-06 06:52,2026-06-06 19:52,CLOSED,ARYA NAGAR,ARYA NAGAR SUBDIVISION,DIVISION-2,ZONE-1,CIRCLE-1,Overloading,K. Pandey
KS06062610287,1038462747,"high tension line mein kharabi hai, JE sahab abhi tak nahi aaye",2026-06-06 07:07,,PENDING,SWAROOP NAGAR,SWAROOP NAGAR SUBDIVISION,DIVISION-2,ZONE-1,CIRCLE-1,11KV Line Fault,R. Kashyap
KS06062611372,1073504567,line fault ke karan pura substation area mein supply thap ho gayi hai,2026-06-06 07:11,2026-06-06 20:11,CLOSED,SWAROOP NAGAR,SWAROOP NAGAR SUBDIVISION,DIVISION-2,ZONE-1,CIRCLE-1,11KV Line Fault,D. Yadav
KS06062612017,1041633111,"DT mein blast ho gaya, chingari nikal rahi hai, log dar ke maare ghar se bahar hain",2026-06-06 07:15,2026-06-06 12:15,CLOSED,RING ROAD,RING ROAD SUBDIVISION,DIVISION-1,ZONE-1,CIRCLE-1,DT Damaged/DT Fuse Burnt/Fire on DT,J. Singh
KS06062611992,1020871685,"high tension line mein kharabi hai, JE sahab abhi tak nahi aaye",2026-06-06 07:26,2026-06-07 06:26,CLOSED,RAWATPUR,RAWATPUR SUBDIVISION,DIVISION-3,ZONE-2,CIRCLE-2,11KV Line Fault,R. Kashyap
KS06062612392,1039687382,"11KV line mein fault aa gaya hai, 6 ghante se bijli band hai poore ilake mein",2026-06-06 07:33,2026-06-07 05:33,CLOSED,SWAROOP NAGAR,SWAROOP NAGAR SUBDIVISION,DIVISION-2,ZONE-1,CIRCLE-1,11KV Line Fault,J. Singh
KS06062610082,1047050301,"do mahine ka combined bill aaya hai, samajh nahi aa raha calculation",2026-06-06 07:35,2026-06-11 00:35,CLOSED,SWAROOP NAGAR,SWAROOP NAGAR SUBDIVISION,DIVISION-2,ZONE-1,CIRCLE-1,Billing Related,J. Singh
KS06062611446,1071471345,"naye ghar ke liye connection application diye hue ek mahina ho gaya hai, abhi tak survey nahi hua",2026-06-06 08:03,2026-06-11 04:03,CLOSED,VIKAS NAGAR,VIKAS NAGAR SUBDIVISION,DIVISION-5,ZONE-2,CIRCLE-3,New Connection,R. Kashyap
KS06062612069,1060258173,low voltage ki wajah se motor start nahi ho pa rahi hai,2026-06-06 08:10,,PENDING,DADA NAGAR,DADA NAGAR SUBDIVISION,DIVISION-5,ZONE-2,CIRCLE-3,Voltage Fluctuation,V. Mishra
KS06062611843,1082731605,"DT ka fuse baar baar gir raha hai, substation wale theek nahi karte, 3 baar shikayat kar chuke hain",2026-06-06 08:16,2026-06-07 04:16,CLOSED,BARRA,BARRA SUBDIVISION,DIVISION-5,ZONE-2,CIRCLE-3,Fuse Off Call (FOC),K. Pandey
KS06062610434,1075161101,"transformer se dhuaan aur jalne ki smell aa rahi hai, turant madad chahiye",2026-06-06 08:53,2026-06-06 12:53,CLOSED,BARRA,BARRA SUBDIVISION,DIVISION-5,ZONE-2,CIRCLE-3,DT Damaged/DT Fuse Burnt/Fire on DT,L. Awasthi
KS06062611308,1021642980,"transformer se dhuaan aur jalne ki smell aa rahi hai, turant madad chahiye",2026-06-06 09:18,2026-06-06 14:18,CLOSED,RING ROAD,RING ROAD SUBDIVISION,DIVISION-1,ZONE-1,CIRCLE-1,DT Damaged/DT Fuse Burnt/Fire on DT,J. Singh
KS06062612202,1022404219,"naye ghar ke liye connection application diye hue ek mahina ho gaya hai, abhi tak survey nahi hua",2026-06-06 09:32,2026-06-08 08:32,CLOSED,ARYA NAGAR,ARYA NAGAR SUBDIVISION,DIVISION-2,ZONE-1,CIRCLE-1,New Connection,A. Hussain
KS06062611637,1059392818,"DT ka fuse baar baar gir raha hai, substation wale theek nahi karte, 3 baar shikayat kar chuke hain",2026-06-06 10:09,,PENDING,PANKI,PANKI SUBDIVISION,DIVISION-5,ZONE-2,CIRCLE-3,Fuse Off Call (FOC),D. Yadav
KS06062612234,1049312743,"bill time par nahi mila is baar, late fee lag gayi hai bina wajah",2026-06-06 11:31,,PENDING,HARRISGANJ,HARRISGANJ SUBDIVISION,DIVISION-1,ZONE-1,CIRCLE-1,Billing Related,A. Hussain
KS06062611605,1092321680,"DT se lagatar humming noise aa rahi hai, sabko lagta hai kabhi bhi phat sakta hai",2026-06-06 11:40,2026-06-06 19:40,CLOSED,PANKI,PANKI SUBDIVISION,DIVISION-5,ZONE-2,CIRCLE-3,Overloading,J. Singh
KS06062610432,1025563457,"digital meter display kaam nahi kar raha, kuch bhi nahi dikh raha screen par",2026-06-06 11:57,,PENDING,RING ROAD,RING ROAD SUBDIVISION,DIVISION-1,ZONE-1,CIRCLE-1,Meter Related,R. Kashyap
KS06062610782,1062704337,low voltage ki wajah se motor start nahi ho pa rahi hai,2026-06-06 12:08,2026-06-07 08:08,CLOSED,KIDWAI NAGAR,KIDWAI NAGAR SUBDIVISION,DIVISION-2,ZONE-1,CIRCLE-1,Voltage Fluctuation,P. Kumar
KS06062610946,1083106724,"do mahine ka combined bill aaya hai, samajh nahi aa raha calculation",2026-06-06 12:13,,PENDING,PANKI,PANKI SUBDIVISION,DIVISION-5,ZONE-2,CIRCLE-3,Billing Related,N. Srivastava
KS06062610964,1072858569,"fuse off ho gaya hai kal raat se, poori gali mein andhera hai",2026-06-06 12:16,2026-06-07 17:16,CLOSED,VIKAS NAGAR,VIKAS NAGAR SUBDIVISION,DIVISION-5,ZONE-2,CIRCLE-3,Fuse Off Call (FOC),V. Mishra
KS06062611328,1039687382,"transformer bahut garam ho raha hai aur buzzing sound aa rahi hai, overload lag raha hai",2026-06-06 12:45,,PENDING,TATMILL,TATMILL SUBDIVISION,DIVISION-3,ZONE-2,CIRCLE-2,Overloading,D. Yadav
KS06062610899,1061267499,low voltage ki wajah se motor start nahi ho pa rahi hai,2026-06-06 12:50,2026-06-08 10:50,CLOSED,RING ROAD,RING ROAD SUBDIVISION,DIVISION-1,ZONE-1,CIRCLE-1,Voltage Fluctuation,M. Verma
KS06062610840,1068621564,"transformer se dhuaan aur jalne ki smell aa rahi hai, turant madad chahiye",2026-06-06 13:08,2026-06-06 14:08,CLOSED,RAWATPUR,RAWATPUR SUBDIVISION,DIVISION-3,ZONE-2,CIRCLE-2,DT Damaged/DT Fuse Burnt/Fire on DT,N. Srivastava
KS06062611743,1015054255,"fuse off ho gaya hai kal raat se, poori gali mein andhera hai",2026-06-06 13:16,2026-06-08 07:16,CLOSED,GOVIND NAGAR,GOVIND NAGAR SUBDIVISION,DIVISION-4,ZONE-2,CIRCLE-2,Fuse Off Call (FOC),A. Hussain
KS06062610995,1056264337,"voltage bahut kam hai, sirf 180 volt aa raha hai, AC aur fridge kharab ho gaye",2026-06-06 13:31,2026-06-08 17:31,CLOSED,SWAROOP NAGAR,SWAROOP NAGAR SUBDIVISION,DIVISION-2,ZONE-1,CIRCLE-1,Voltage Fluctuation,V. Mishra
KS06062611399,1032016441,line fault ke karan pura substation area mein supply thap ho gayi hai,2026-06-06 13:31,2026-06-07 05:31,CLOSED,VIKAS NAGAR,VIKAS NAGAR SUBDIVISION,DIVISION-5,ZONE-2,CIRCLE-3,11KV Line Fault,R. Kashyap
KS06062611504,1092122653,"bill time par nahi mila is baar, late fee lag gayi hai bina wajah",2026-06-06 13:36,2026-06-16 04:36,CLOSED,KIDWAI NAGAR,KIDWAI NAGAR SUBDIVISION,DIVISION-2,ZONE-1,CIRCLE-1,Billing Related,L. Awasthi
KS06062610922,1046930721,naya meter lagne ke baad se reading galat aa rahi hai har mahine,2026-06-06 13:37,2026-06-09 09:37,CLOSED,RAWATPUR,RAWATPUR SUBDIVISION,DIVISION-3,ZONE-2,CIRCLE-2,Meter Related,M. Verma
KS06062611670,1064355019,"11KV line mein fault aa gaya hai, 6 ghante se bijli band hai poore ilake mein",2026-06-06 14:01,2026-06-07 00:01,CLOSED,COLONELGANJ,COLONELGANJ SUBDIVISION,DIVISION-1,ZONE-1,CIRCLE-1,11KV Line Fault,S. Tiwari
KS06062612040,1037161207,"DT se lagatar humming noise aa rahi hai, sabko lagta hai kabhi bhi phat sakta hai",2026-06-06 14:08,2026-06-06 18:08,CLOSED,DADA NAGAR,DADA NAGAR SUBDIVISION,DIVISION-5,ZONE-2,CIRCLE-3,Overloading,J. Singh
KS06062612427,1095263987,"digital meter display kaam nahi kar raha, kuch bhi nahi dikh raha screen par",2026-06-06 14:33,,PENDING,BARRA,BARRA SUBDIVISION,DIVISION-5,ZONE-2,CIRCLE-3,Meter Related,R. Kashyap
KS06062610754,1040816583,"digital meter display kaam nahi kar raha, kuch bhi nahi dikh raha screen par",2026-06-06 14:51,2026-06-07 08:51,CLOSED,COLONELGANJ,COLONELGANJ SUBDIVISION,DIVISION-1,ZONE-1,CIRCLE-1,Meter Related,D. Yadav
KS06062610621,1088490778,low voltage ki wajah se motor start nahi ho pa rahi hai,2026-06-06 14:54,2026-06-08 10:54,CLOSED,RING ROAD,RING ROAD SUBDIVISION,DIVISION-1,ZONE-1,CIRCLE-1,Voltage Fluctuation,N. Srivastava
KS06062610228,1065367996,meter ki reading bahut zyada aa rahi hai jabki consumption kam hua hai is mahine,2026-06-06 15:02,2026-06-07 23:02,CLOSED,DADA NAGAR,DADA NAGAR SUBDIVISION,DIVISION-5,ZONE-2,CIRCLE-3,Meter Related,R. Kashyap
KS06062611331,1052644955,"voltage bahut kam hai, sirf 180 volt aa raha hai, AC aur fridge kharab ho gaye",2026-06-06 15:09,,PENDING,BARRA,BARRA SUBDIVISION,DIVISION-5,ZONE-2,CIRCLE-3,Voltage Fluctuation,M. Verma
KS06062610466,1084076084,"digital meter display kaam nahi kar raha, kuch bhi nahi dikh raha screen par",2026-06-06 15:12,,PENDING,RAWATPUR,RAWATPUR SUBDIVISION,DIVISION-3,ZONE-2,CIRCLE-2,Meter Related,D. Yadav
KS06062611364,1045411136,low voltage ki wajah se motor start nahi ho pa rahi hai,2026-06-06 15:30,2026-06-08 06:30,CLOSED,RING ROAD,RING ROAD SUBDIVISION,DIVISION-1,ZONE-1,CIRCLE-1,Voltage Fluctuation,R. Kashyap
KS06062611763,1029847887,"11KV ki taar sadak par gir gayi hai, log ke pass se guzar rahe hain, koi accident na ho jaye",2026-06-06 15:30,2026-06-06 19:30,CLOSED,DADA NAGAR,DADA NAGAR SUBDIVISION,DIVISION-5,ZONE-2,CIRCLE-3,Wire Snapping/Pole Fault,A. Hussain
KS06062610167,1077590786,"do mahine ka combined bill aaya hai, samajh nahi aa raha calculation",2026-06-06 15:42,2026-06-11 23:42,CLOSED,TATMILL,TATMILL SUBDIVISION,DIVISION-3,ZONE-2,CIRCLE-2,Billing Related,R. Kashyap
KS06062610577,1052259966,meter ki reading bahut zyada aa rahi hai jabki consumption kam hua hai is mahine,2026-06-06 15:48,,PENDING,RAWATPUR,RAWATPUR SUBDIVISION,DIVISION-3,ZONE-2,CIRCLE-2,Meter Related,A. Hussain
KS06062610261,1082731605,"do mahine ka combined bill aaya hai, samajh nahi aa raha calculation",2026-06-06 15:55,2026-06-13 00:55,CLOSED,COLONELGANJ,COLONELGANJ SUBDIVISION,DIVISION-1,ZONE-1,CIRCLE-1,Billing Related,K. Pandey
KS06062610066,1062989648,"voltage up-down ho raha hai lagatar, appliances damage ho rahe hain",2026-06-06 16:04,2026-06-08 01:04,CLOSED,BARRA,BARRA SUBDIVISION,DIVISION-5,ZONE-2,CIRCLE-3,Voltage Fluctuation,N. Srivastava
KS06062611224,1057479038,"aspatal mein 20 ghante se bijli nahi hai, generator ka diesel bhi khatam hone wala hai",2026-06-06 16:37,2026-06-06 18:37,CLOSED,RING ROAD,RING ROAD SUBDIVISION,DIVISION-1,ZONE-1,CIRCLE-1,Supply Related (Miscellaneous),V. Mishra
KS06062611767,1045645872,"khuli taar se sparking ho rahi hai road ke pass, karnt lagne ka khatra hai",2026-06-06 16:38,2026-06-06 22:38,CLOSED,SWAROOP NAGAR,SWAROOP NAGAR SUBDIVISION,DIVISION-2,ZONE-1,CIRCLE-1,Wire Snapping/Pole Fault,P. Kumar
KS06062611433,1072144598,"aspatal mein 20 ghante se bijli nahi hai, generator ka diesel bhi khatam hone wala hai",2026-06-06 17:00,2026-06-07 04:00,CLOSED,ARYA NAGAR,ARYA NAGAR SUBDIVISION,DIVISION-2,ZONE-1,CIRCLE-1,Supply Related (Miscellaneous),N. Srivastava
KS06062612215,1019751833,"pole gir gaya hai bijli ki taar ke saath, bahut khatarnak sthiti hai",2026-06-06 17:12,2026-06-06 21:12,CLOSED,VIKAS NAGAR,VIKAS NAGAR SUBDIVISION,DIVISION-5,ZONE-2,CIRCLE-3,Wire Snapping/Pole Fault,M. Verma
KS06062611890,1015447910,gर्मी mein overloading ki wajah se baar baar trip ho raha hai transformer,2026-06-06 17:21,2026-06-07 00:21,CLOSED,KIDWAI NAGAR,KIDWAI NAGAR SUBDIVISION,DIVISION-2,ZONE-1,CIRCLE-1,Overloading,S. Tiwari
KS06062610127,1078640018,"aspatal mein 20 ghante se bijli nahi hai, generator ka diesel bhi khatam hone wala hai",2026-06-06 17:22,2026-06-06 20:22,CLOSED,DADA NAGAR,DADA NAGAR SUBDIVISION,DIVISION-5,ZONE-2,CIRCLE-3,Supply Related (Miscellaneous),P. Kumar
KS06062611885,1071047954,line fault ke karan pura substation area mein supply thap ho gayi hai,2026-06-06 17:25,2026-06-07 19:25,CLOSED,KAKADEO,KAKADEO SUBDIVISION,DIVISION-4,ZONE-2,CIRCLE-2,11KV Line Fault,V. Mishra
KS06062611874,1084617881,"load enhancement ke liye request diya tha, koi update nahi mila",2026-06-06 17:29,,PENDING,GOVIND NAGAR,GOVIND NAGAR SUBDIVISION,DIVISION-4,ZONE-2,CIRCLE-2,New Connection,P. Kumar
KS06062610570,1039081248,"high tension line mein kharabi hai, JE sahab abhi tak nahi aaye",2026-06-06 17:30,2026-06-06 22:30,CLOSED,BARRA,BARRA SUBDIVISION,DIVISION-5,ZONE-2,CIRCLE-3,11KV Line Fault,L. Awasthi
KS06062611687,1038542392,"voltage up-down ho raha hai lagatar, appliances damage ho rahe hain",2026-06-06 17:32,,PENDING,PANKI,PANKI SUBDIVISION,DIVISION-5,ZONE-2,CIRCLE-3,Voltage Fluctuation,B. Gupta
KS06062611323,1039081248,"bill time par nahi mila is baar, late fee lag gayi hai bina wajah",2026-06-06 17:32,2026-06-10 03:32,CLOSED,VIKAS NAGAR,VIKAS NAGAR SUBDIVISION,DIVISION-5,ZONE-2,CIRCLE-3,Billing Related,V. Mishra
KS06062610352,1071434277,low voltage ki wajah se motor start nahi ho pa rahi hai,2026-06-06 17:34,2026-06-09 03:34,CLOSED,VIKAS NAGAR,VIKAS NAGAR SUBDIVISION,DIVISION-5,ZONE-2,CIRCLE-3,Voltage Fluctuation,V. Mishra
KS06062610747,1058897825,"voltage up-down ho raha hai lagatar, appliances damage ho rahe hain",2026-06-06 17:54,2026-06-08 13:54,CLOSED,JAJMAU,JAJMAU SUBDIVISION,DIVISION-3,ZONE-2,CIRCLE-2,Voltage Fluctuation,N. Srivastava
KS06062611151,1060182514,"naye ghar ke liye connection application diye hue ek mahina ho gaya hai, abhi tak survey nahi hua",2026-06-06 17:57,,PENDING,JAJMAU,JAJMAU SUBDIVISION,DIVISION-3,ZONE-2,CIRCLE-2,New Connection,A. Hussain
KS06062611212,1021642980,low voltage ki wajah se motor start nahi ho pa rahi hai,2026-06-06 18:00,2026-06-08 09:00,CLOSED,KIDWAI NAGAR,KIDWAI NAGAR SUBDIVISION,DIVISION-2,ZONE-1,CIRCLE-1,Voltage Fluctuation,M. Verma
KS06062611519,1054642256,"aspatal mein 20 ghante se bijli nahi hai, generator ka diesel bhi khatam hone wala hai",2026-06-06 18:17,2026-06-07 03:17,CLOSED,TATMILL,TATMILL SUBDIVISION,DIVISION-3,ZONE-2,CIRCLE-2,Supply Related (Miscellaneous),V. Mishra
KS06062611470,1052886009,"DT ka fuse baar baar gir raha hai, substation wale theek nahi karte, 3 baar shikayat kar chuke hain",2026-06-06 18:27,2026-06-08 15:27,CLOSED,RING ROAD,RING ROAD SUBDIVISION,DIVISION-1,ZONE-1,CIRCLE-1,Fuse Off Call (FOC),L. Awasthi
KS06062611571,1095544663,"voltage up-down ho raha hai lagatar, appliances damage ho rahe hain",2026-06-06 18:29,2026-06-08 07:29,CLOSED,TATMILL,TATMILL SUBDIVISION,DIVISION-3,ZONE-2,CIRCLE-2,Voltage Fluctuation,N. Srivastava
KS06062612282,1037994658,"high tension line mein kharabi hai, JE sahab abhi tak nahi aaye",2026-06-06 18:30,2026-06-06 21:30,CLOSED,PANKI,PANKI SUBDIVISION,DIVISION-5,ZONE-2,CIRCLE-3,11KV Line Fault,V. Mishra
KS06062610793,1059375264,"11KV ki taar sadak par gir gayi hai, log ke pass se guzar rahe hain, koi accident na ho jaye",2026-06-06 18:36,2026-06-06 20:36,CLOSED,TATMILL,TATMILL SUBDIVISION,DIVISION-3,ZONE-2,CIRCLE-2,Wire Snapping/Pole Fault,D. Yadav
KS06062611167,1076519135,"voltage bahut kam hai, sirf 180 volt aa raha hai, AC aur fridge kharab ho gaye",2026-06-06 18:41,2026-06-07 22:41,CLOSED,YASHODA NAGAR,YASHODA NAGAR SUBDIVISION,DIVISION-4,ZONE-2,CIRCLE-2,Voltage Fluctuation,J. Singh
KS06062611797,1023822007,"DT se lagatar humming noise aa rahi hai, sabko lagta hai kabhi bhi phat sakta hai",2026-06-06 18:45,2026-06-07 05:45,CLOSED,HARRISGANJ,HARRISGANJ SUBDIVISION,DIVISION-1,ZONE-1,CIRCLE-1,Overloading,A. Hussain
KS06062611784,1072349440,gर्मी mein overloading ki wajah se baar baar trip ho raha hai transformer,2026-06-06 18:51,2026-06-07 03:51,CLOSED,KIDWAI NAGAR,KIDWAI NAGAR SUBDIVISION,DIVISION-2,ZONE-1,CIRCLE-1,Overloading,L. Awasthi
KS06062610210,1025563457,meter ki reading bahut zyada aa rahi hai jabki consumption kam hua hai is mahine,2026-06-06 18:53,2026-06-08 19:53,CLOSED,RAWATPUR,RAWATPUR SUBDIVISION,DIVISION-3,ZONE-2,CIRCLE-2,Meter Related,L. Awasthi
KS06062611922,1088816462,low voltage ki wajah se motor start nahi ho pa rahi hai,2026-06-06 19:12,2026-06-07 07:12,CLOSED,BARRA,BARRA SUBDIVISION,DIVISION-5,ZONE-2,CIRCLE-3,Voltage Fluctuation,S. Tiwari
KS06062610855,1074185638,low voltage ki wajah se motor start nahi ho pa rahi hai,2026-06-06 19:52,2026-06-07 09:52,CLOSED,KAKADEO,KAKADEO SUBDIVISION,DIVISION-4,ZONE-2,CIRCLE-2,Voltage Fluctuation,A. Hussain
KS06062611788,1049986788,temporary connection ki application pending hai construction site ke liye,2026-06-06 19:57,2026-06-15 03:57,CLOSED,TATMILL,TATMILL SUBDIVISION,DIVISION-3,ZONE-2,CIRCLE-2,New Connection,M. Verma
KS06062610965,1032331851,"voltage bahut kam hai, sirf 180 volt aa raha hai, AC aur fridge kharab ho gaye",2026-06-06 20:06,,PENDING,RAWATPUR,RAWATPUR SUBDIVISION,DIVISION-3,ZONE-2,CIRCLE-2,Voltage Fluctuation,D. Yadav
KS06062610712,1039081248,"bill time par nahi mila is baar, late fee lag gayi hai bina wajah",2026-06-06 20:22,,PENDING,RAWATPUR,RAWATPUR SUBDIVISION,DIVISION-3,ZONE-2,CIRCLE-2,Billing Related,D. Yadav
KS06062611049,1049266168,"DT se lagatar humming noise aa rahi hai, sabko lagta hai kabhi bhi phat sakta hai",2026-06-06 20:55,2026-06-07 05:55,CLOSED,TATMILL,TATMILL SUBDIVISION,DIVISION-3,ZONE-2,CIRCLE-2,Overloading,M. Verma
KS06062610807,1043775032,"aspatal mein 20 ghante se bijli nahi hai, generator ka diesel bhi khatam hone wala hai",2026-06-06 21:27,2026-06-07 23:27,CLOSED,GOVIND NAGAR,GOVIND NAGAR SUBDIVISION,DIVISION-4,ZONE-2,CIRCLE-2,Supply Related (Miscellaneous),D. Yadav
KS06062612212,1038462747,"load enhancement ke liye request diya tha, koi update nahi mila",2026-06-06 21:52,,PENDING,SWAROOP NAGAR,SWAROOP NAGAR SUBDIVISION,DIVISION-2,ZONE-1,CIRCLE-1,New Connection,L. Awasthi
KS06062610333,1038344687,temporary connection ki application pending hai construction site ke liye,2026-06-06 23:00,,PENDING,KIDWAI NAGAR,KIDWAI NAGAR SUBDIVISION,DIVISION-2,ZONE-1,CIRCLE-1,New Connection,P. Kumar
KS06062612290,1024266410,"DT ka fuse baar baar gir raha hai, substation wale theek nahi karte, 3 baar shikayat kar chuke hain",2026-06-06 23:59,,PENDING,JAJMAU,JAJMAU SUBDIVISION,DIVISION-3,ZONE-2,CIRCLE-2,Fuse Off Call (FOC),P. Kumar
KS06072611959,1022299698,meter ki reading bahut zyada aa rahi hai jabki consumption kam hua hai is mahine,2026-06-07 01:44,2026-06-09 06:44,CLOSED,KIDWAI NAGAR,KIDWAI NAGAR SUBDIVISION,DIVISION-2,ZONE-1,CIRCLE-1,Meter Related,D. Yadav
KS06072611274,1032870787,"poore mohalle mein pichle 18 ghanto se supply band hai, bachche aur budhe pareshan hain",2026-06-07 05:34,,PENDING,RING ROAD,RING ROAD SUBDIVISION,DIVISION-1,ZONE-1,CIRCLE-1,Supply Related (Miscellaneous),M. Verma
KS06072611157,1088963020,"transformer mein aag lag gayi aur dhuaan nikal raha hai, poori colony andhere mein hai",2026-06-07 06:12,2026-06-07 07:12,CLOSED,JAJMAU,JAJMAU SUBDIVISION,DIVISION-3,ZONE-2,CIRCLE-2,DT Damaged/DT Fuse Burnt/Fire on DT,A. Hussain
KS06072612168,1018707760,"high tension line mein kharabi hai, JE sahab abhi tak nahi aaye",2026-06-07 06:45,2026-06-07 20:45,CLOSED,BARRA,BARRA SUBDIVISION,DIVISION-5,ZONE-2,CIRCLE-3,11KV Line Fault,A. Hussain
KS06072610164,1099321812,"voltage up-down ho raha hai lagatar, appliances damage ho rahe hain",2026-06-07 07:09,2026-06-08 16:09,CLOSED,RING ROAD,RING ROAD SUBDIVISION,DIVISION-1,ZONE-1,CIRCLE-1,Voltage Fluctuation,A. Hussain
KS06072612403,1013052186,"load enhancement ke liye request diya tha, koi update nahi mila",2026-06-07 07:18,2026-06-09 21:18,CLOSED,RING ROAD,RING ROAD SUBDIVISION,DIVISION-1,ZONE-1,CIRCLE-1,New Connection,N. Srivastava
KS06072610481,1051272534,"transformer bahut garam ho raha hai aur buzzing sound aa rahi hai, overload lag raha hai",2026-06-07 07:25,,PENDING,JAJMAU,JAJMAU SUBDIVISION,DIVISION-3,ZONE-2,CIRCLE-2,Overloading,V. Mishra
KS06072611921,1076519135,"11KV line mein fault aa gaya hai, 6 ghante se bijli band hai poore ilake mein",2026-06-07 07:41,2026-06-08 07:41,CLOSED,VIKAS NAGAR,VIKAS NAGAR SUBDIVISION,DIVISION-5,ZONE-2,CIRCLE-3,11KV Line Fault,M. Verma
KS06072610342,1063900106,"pichle bill mein galat amount charge hua hai, correction chahiye",2026-06-07 08:10,2026-06-17 03:10,CLOSED,DADA NAGAR,DADA NAGAR SUBDIVISION,DIVISION-5,ZONE-2,CIRCLE-3,Billing Related,S. Tiwari
KS06072612275,1038769900,"transformer mein aag lag gayi aur dhuaan nikal raha hai, poori colony andhere mein hai",2026-06-07 08:10,2026-06-07 10:10,CLOSED,SWAROOP NAGAR,SWAROOP NAGAR SUBDIVISION,DIVISION-2,ZONE-1,CIRCLE-1,DT Damaged/DT Fuse Burnt/Fire on DT,J. Singh
KS06072611488,1051334982,"naye ghar ke liye connection application diye hue ek mahina ho gaya hai, abhi tak survey nahi hua",2026-06-07 08:26,2026-06-11 04:26,CLOSED,PANKI,PANKI SUBDIVISION,DIVISION-5,ZONE-2,CIRCLE-3,New Connection,L. Awasthi
KS06072610768,1076516715,"aspatal mein 20 ghante se bijli nahi hai, generator ka diesel bhi khatam hone wala hai",2026-06-07 08:47,2026-06-07 23:47,CLOSED,VIKAS NAGAR,VIKAS NAGAR SUBDIVISION,DIVISION-5,ZONE-2,CIRCLE-3,Supply Related (Miscellaneous),P. Kumar
KS06072610755,1044687280,gर्मी mein overloading ki wajah se baar baar trip ho raha hai transformer,2026-06-07 08:53,2026-06-08 00:53,CLOSED,PANKI,PANKI SUBDIVISION,DIVISION-5,ZONE-2,CIRCLE-3,Overloading,L. Awasthi
KS06072611998,1072349440,"naye ghar ke liye connection application diye hue ek mahina ho gaya hai, abhi tak survey nahi hua",2026-06-07 09:04,2026-06-16 16:04,CLOSED,KAKADEO,KAKADEO SUBDIVISION,DIVISION-4,ZONE-2,CIRCLE-2,New Connection,M. Verma
KS06072610413,1057052656,"load enhancement ke liye request diya tha, koi update nahi mila",2026-06-07 09:16,,PENDING,KIDWAI NAGAR,KIDWAI NAGAR SUBDIVISION,DIVISION-2,ZONE-1,CIRCLE-1,New Connection,P. Kumar
KS06072611693,1049266168,"pichle bill mein galat amount charge hua hai, correction chahiye",2026-06-07 09:30,,PENDING,COLONELGANJ,COLONELGANJ SUBDIVISION,DIVISION-1,ZONE-1,CIRCLE-1,Billing Related,K. Pandey
KS06072611067,1049312743,meter ki reading bahut zyada aa rahi hai jabki consumption kam hua hai is mahine,2026-06-07 09:40,2026-06-10 06:40,CLOSED,YASHODA NAGAR,YASHODA NAGAR SUBDIVISION,DIVISION-4,ZONE-2,CIRCLE-2,Meter Related,J. Singh
KS06072611120,1069812173,"digital meter display kaam nahi kar raha, kuch bhi nahi dikh raha screen par",2026-06-07 09:42,2026-06-08 18:42,CLOSED,TATMILL,TATMILL SUBDIVISION,DIVISION-3,ZONE-2,CIRCLE-2,Meter Related,R. Kashyap
KS06072611194,1050758314,"load enhancement ke liye request diya tha, koi update nahi mila",2026-06-07 09:42,2026-06-17 05:42,CLOSED,HARRISGANJ,HARRISGANJ SUBDIVISION,DIVISION-1,ZONE-1,CIRCLE-1,New Connection,J. Singh
KS06072610057,1068949632,"voltage bahut kam hai, sirf 180 volt aa raha hai, AC aur fridge kharab ho gaye",2026-06-07 09:54,2026-06-07 23:54,CLOSED,TATMILL,TATMILL SUBDIVISION,DIVISION-3,ZONE-2,CIRCLE-2,Voltage Fluctuation,J. Singh
KS06072610394,1095263987,"transformer se dhuaan aur jalne ki smell aa rahi hai, turant madad chahiye",2026-06-07 09:59,2026-06-07 13:59,CLOSED,RAWATPUR,RAWATPUR SUBDIVISION,DIVISION-3,ZONE-2,CIRCLE-2,DT Damaged/DT Fuse Burnt/Fire on DT,M. Verma
KS06072610597,1014196263,"digital meter display kaam nahi kar raha, kuch bhi nahi dikh raha screen par",2026-06-07 10:15,2026-06-10 03:15,CLOSED,VIKAS NAGAR,VIKAS NAGAR SUBDIVISION,DIVISION-5,ZONE-2,CIRCLE-3,Meter Related,B. Gupta
KS06072611028,1066815731,"bill time par nahi mila is baar, late fee lag gayi hai bina wajah",2026-06-07 10:20,2026-06-10 03:20,CLOSED,ARYA NAGAR,ARYA NAGAR SUBDIVISION,DIVISION-2,ZONE-1,CIRCLE-1,Billing Related,J. Singh
KS06072612384,1020750359,"transformer se dhuaan aur jalne ki smell aa rahi hai, turant madad chahiye",2026-06-07 10:24,2026-06-07 17:24,CLOSED,RING ROAD,RING ROAD SUBDIVISION,DIVISION-1,ZONE-1,CIRCLE-1,DT Damaged/DT Fuse Burnt/Fire on DT,B. Gupta
KS06072612136,1023430495,"high tension line mein kharabi hai, JE sahab abhi tak nahi aaye",2026-06-07 10:46,,PENDING,BARRA,BARRA SUBDIVISION,DIVISION-5,ZONE-2,CIRCLE-3,11KV Line Fault,A. Hussain
KS06072610114,1054321662,"24 ghante se zyada ho gaye bijli gayi hue, ghar mein pani bhi nahi aa raha pump ke bina",2026-06-07 11:09,,PENDING,PANKI,PANKI SUBDIVISION,DIVISION-5,ZONE-2,CIRCLE-3,Supply Related (Miscellaneous),J. Singh
KS06072610028,1038769900,"24 ghante se zyada ho gaye bijli gayi hue, ghar mein pani bhi nahi aa raha pump ke bina",2026-06-07 12:01,2026-06-07 17:01,CLOSED,ARYA NAGAR,ARYA NAGAR SUBDIVISION,DIVISION-2,ZONE-1,CIRCLE-1,Supply Related (Miscellaneous),S. Tiwari
KS06072612118,1065405341,"pole gir gaya hai bijli ki taar ke saath, bahut khatarnak sthiti hai",2026-06-07 12:06,2026-06-07 18:06,CLOSED,BARRA,BARRA SUBDIVISION,DIVISION-5,ZONE-2,CIRCLE-3,Wire Snapping/Pole Fault,A. Hussain
KS06072610948,1039787034,"load enhancement ke liye request diya tha, koi update nahi mila",2026-06-07 12:06,,PENDING,TATMILL,TATMILL SUBDIVISION,DIVISION-3,ZONE-2,CIRCLE-2,New Connection,S. Tiwari
KS06072611037,1023124906,"11KV line mein fault aa gaya hai, 6 ghante se bijli band hai poore ilake mein",2026-06-07 12:13,2026-06-07 14:13,CLOSED,SWAROOP NAGAR,SWAROOP NAGAR SUBDIVISION,DIVISION-2,ZONE-1,CIRCLE-1,11KV Line Fault,N. Srivastava
KS06072611722,1083425741,"pichle bill mein galat amount charge hua hai, correction chahiye",2026-06-07 12:23,2026-06-13 00:23,CLOSED,KIDWAI NAGAR,KIDWAI NAGAR SUBDIVISION,DIVISION-2,ZONE-1,CIRCLE-1,Billing Related,J. Singh
KS06072612114,1038542392,"transformer mein aag lag gayi aur dhuaan nikal raha hai, poori colony andhere mein hai",2026-06-07 12:53,2026-06-07 18:53,CLOSED,YASHODA NAGAR,YASHODA NAGAR SUBDIVISION,DIVISION-4,ZONE-2,CIRCLE-2,DT Damaged/DT Fuse Burnt/Fire on DT,D. Yadav
KS06072610737,1097479489,line fault ke karan pura substation area mein supply thap ho gayi hai,2026-06-07 12:59,2026-06-08 08:59,CLOSED,HARRISGANJ,HARRISGANJ SUBDIVISION,DIVISION-1,ZONE-1,CIRCLE-1,11KV Line Fault,S. Tiwari
KS06072610534,1024266410,"DT mein blast ho gaya, chingari nikal rahi hai, log dar ke maare ghar se bahar hain",2026-06-07 13:04,2026-06-07 17:04,CLOSED,SWAROOP NAGAR,SWAROOP NAGAR SUBDIVISION,DIVISION-2,ZONE-1,CIRCLE-1,DT Damaged/DT Fuse Burnt/Fire on DT,D. Yadav
KS06072612454,1043877235,meter ki reading bahut zyada aa rahi hai jabki consumption kam hua hai is mahine,2026-06-07 13:09,,PENDING,JAJMAU,JAJMAU SUBDIVISION,DIVISION-3,ZONE-2,CIRCLE-2,Meter Related,B. Gupta
KS06072612200,1056922800,"poore mohalle mein pichle 18 ghanto se supply band hai, bachche aur budhe pareshan hain",2026-06-07 13:13,2026-06-08 13:13,CLOSED,YASHODA NAGAR,YASHODA NAGAR SUBDIVISION,DIVISION-4,ZONE-2,CIRCLE-2,Supply Related (Miscellaneous),M. Verma
KS06072610083,1030695321,"poore mohalle mein pichle 18 ghanto se supply band hai, bachche aur budhe pareshan hain",2026-06-07 13:18,2026-06-08 15:18,CLOSED,KAKADEO,KAKADEO SUBDIVISION,DIVISION-4,ZONE-2,CIRCLE-2,Supply Related (Miscellaneous),D. Yadav
KS06072611370,1083425741,"11KV ki taar sadak par gir gayi hai, log ke pass se guzar rahe hain, koi accident na ho jaye",2026-06-07 13:18,2026-06-07 14:18,CLOSED,GOVIND NAGAR,GOVIND NAGAR SUBDIVISION,DIVISION-4,ZONE-2,CIRCLE-2,Wire Snapping/Pole Fault,V. Mishra
KS06072610209,1091224096,low voltage ki wajah se motor start nahi ho pa rahi hai,2026-06-07 13:27,2026-06-10 10:27,CLOSED,COLONELGANJ,COLONELGANJ SUBDIVISION,DIVISION-1,ZONE-1,CIRCLE-1,Voltage Fluctuation,L. Awasthi
KS06072610452,1012253618,"pichle bill mein galat amount charge hua hai, correction chahiye",2026-06-07 13:28,2026-06-17 03:28,CLOSED,ARYA NAGAR,ARYA NAGAR SUBDIVISION,DIVISION-2,ZONE-1,CIRCLE-1,Billing Related,L. Awasthi
KS06072611374,1036935721,"DT ka fuse baar baar gir raha hai, substation wale theek nahi karte, 3 baar shikayat kar chuke hain",2026-06-07 13:29,2026-06-09 23:29,CLOSED,KIDWAI NAGAR,KIDWAI NAGAR SUBDIVISION,DIVISION-2,ZONE-1,CIRCLE-1,Fuse Off Call (FOC),R. Kashyap
KS06072611397,1063900106,"naye ghar ke liye connection application diye hue ek mahina ho gaya hai, abhi tak survey nahi hua",2026-06-07 13:43,,PENDING,KIDWAI NAGAR,KIDWAI NAGAR SUBDIVISION,DIVISION-2,ZONE-1,CIRCLE-1,New Connection,V. Mishra
KS06072612299,1017844983,"bill time par nahi mila is baar, late fee lag gayi hai bina wajah",2026-06-07 14:02,,PENDING,JAJMAU,JAJMAU SUBDIVISION,DIVISION-3,ZONE-2,CIRCLE-2,Billing Related,S. Tiwari
KS06072612253,1035428095,"digital meter display kaam nahi kar raha, kuch bhi nahi dikh raha screen par",2026-06-07 14:09,,PENDING,BARRA,BARRA SUBDIVISION,DIVISION-5,ZONE-2,CIRCLE-3,Meter Related,N. Srivastava
KS06072610388,1069478136,"aspatal mein 20 ghante se bijli nahi hai, generator ka diesel bhi khatam hone wala hai",2026-06-07 14:42,2026-06-08 03:42,CLOSED,SWAROOP NAGAR,SWAROOP NAGAR SUBDIVISION,DIVISION-2,ZONE-1,CIRCLE-1,Supply Related (Miscellaneous),S. Tiwari
KS06072610177,1017270682,"DT ka fuse baar baar gir raha hai, substation wale theek nahi karte, 3 baar shikayat kar chuke hain",2026-06-07 14:44,2026-06-10 13:44,CLOSED,COLONELGANJ,COLONELGANJ SUBDIVISION,DIVISION-1,ZONE-1,CIRCLE-1,Fuse Off Call (FOC),R. Kashyap
KS06072611696,1056491704,"24 ghante se zyada ho gaye bijli gayi hue, ghar mein pani bhi nahi aa raha pump ke bina",2026-06-07 14:55,2026-06-07 18:55,CLOSED,HARRISGANJ,HARRISGANJ SUBDIVISION,DIVISION-1,ZONE-1,CIRCLE-1,Supply Related (Miscellaneous),N. Srivastava
KS06072610838,1093811898,"voltage up-down ho raha hai lagatar, appliances damage ho rahe hain",2026-06-07 14:59,,PENDING,KAKADEO,KAKADEO SUBDIVISION,DIVISION-4,ZONE-2,CIRCLE-2,Voltage Fluctuation,K. Pandey
KS06072610247,1085863800,"voltage up-down ho raha hai lagatar, appliances damage ho rahe hain",2026-06-07 15:07,,PENDING,KIDWAI NAGAR,KIDWAI NAGAR SUBDIVISION,DIVISION-2,ZONE-1,CIRCLE-1,Voltage Fluctuation,A. Hussain
KS06072610831,1057917378,"voltage bahut kam hai, sirf 180 volt aa raha hai, AC aur fridge kharab ho gaye",2026-06-07 15:11,,PENDING,GOVIND NAGAR,GOVIND NAGAR SUBDIVISION,DIVISION-4,ZONE-2,CIRCLE-2,Voltage Fluctuation,D. Yadav
KS06072612227,1067936641,"11KV ki taar sadak par gir gayi hai, log ke pass se guzar rahe hain, koi accident na ho jaye",2026-06-07 15:11,2026-06-07 20:11,CLOSED,GOVIND NAGAR,GOVIND NAGAR SUBDIVISION,DIVISION-4,ZONE-2,CIRCLE-2,Wire Snapping/Pole Fault,J. Singh
KS06072611478,1030929771,"voltage up-down ho raha hai lagatar, appliances damage ho rahe hain",2026-06-07 15:20,2026-06-09 10:20,CLOSED,GOVIND NAGAR,GOVIND NAGAR SUBDIVISION,DIVISION-4,ZONE-2,CIRCLE-2,Voltage Fluctuation,K. Pandey
KS06072612404,1059375264,"bill time par nahi mila is baar, late fee lag gayi hai bina wajah",2026-06-07 15:33,,PENDING,KAKADEO,KAKADEO SUBDIVISION,DIVISION-4,ZONE-2,CIRCLE-2,Billing Related,K. Pandey
KS06072610231,1039687382,"voltage up-down ho raha hai lagatar, appliances damage ho rahe hain",2026-06-07 15:47,2026-06-08 14:47,CLOSED,RAWATPUR,RAWATPUR SUBDIVISION,DIVISION-3,ZONE-2,CIRCLE-2,Voltage Fluctuation,N. Srivastava
KS06072610318,1035969770,"DT se lagatar humming noise aa rahi hai, sabko lagta hai kabhi bhi phat sakta hai",2026-06-07 15:49,2026-06-08 17:49,CLOSED,RING ROAD,RING ROAD SUBDIVISION,DIVISION-1,ZONE-1,CIRCLE-1,Overloading,P. Kumar
KS06072611484,1077590786,naya meter lagne ke baad se reading galat aa rahi hai har mahine,2026-06-07 15:52,,PENDING,DADA NAGAR,DADA NAGAR SUBDIVISION,DIVISION-5,ZONE-2,CIRCLE-3,Meter Related,L. Awasthi
KS06072612138,1073860255,"bill time par nahi mila is baar, late fee lag gayi hai bina wajah",2026-06-07 15:52,,PENDING,VIKAS NAGAR,VIKAS NAGAR SUBDIVISION,DIVISION-5,ZONE-2,CIRCLE-3,Billing Related,N. Srivastava
KS06072611657,1040574534,"naye ghar ke liye connection application diye hue ek mahina ho gaya hai, abhi tak survey nahi hua",2026-06-07 15:57,2026-06-15 11:57,CLOSED,PANKI,PANKI SUBDIVISION,DIVISION-5,ZONE-2,CIRCLE-3,New Connection,J. Singh
KS06072611986,1032016441,"transformer bahut garam ho raha hai aur buzzing sound aa rahi hai, overload lag raha hai",2026-06-07 16:03,2026-06-08 04:03,CLOSED,JAJMAU,JAJMAU SUBDIVISION,DIVISION-3,ZONE-2,CIRCLE-2,Overloading,P. Kumar
KS06072610294,1086170870,"naye ghar ke liye connection application diye hue ek mahina ho gaya hai, abhi tak survey nahi hua",2026-06-07 16:11,2026-06-09 16:11,CLOSED,COLONELGANJ,COLONELGANJ SUBDIVISION,DIVISION-1,ZONE-1,CIRCLE-1,New Connection,B. Gupta
KS06072610776,1085297666,naya meter lagne ke baad se reading galat aa rahi hai har mahine,2026-06-07 16:12,2026-06-10 11:12,CLOSED,JAJMAU,JAJMAU SUBDIVISION,DIVISION-3,ZONE-2,CIRCLE-2,Meter Related,N. Srivastava
KS06072612273,1077868149,temporary connection ki application pending hai construction site ke liye,2026-06-07 16:13,2026-06-11 07:13,CLOSED,SWAROOP NAGAR,SWAROOP NAGAR SUBDIVISION,DIVISION-2,ZONE-1,CIRCLE-1,New Connection,N. Srivastava
KS06072611604,1039320244,gर्मी mein overloading ki wajah se baar baar trip ho raha hai transformer,2026-06-07 16:14,2026-06-08 19:14,CLOSED,COLONELGANJ,COLONELGANJ SUBDIVISION,DIVISION-1,ZONE-1,CIRCLE-1,Overloading,B. Gupta
KS06072610715,1055876118,"24 ghante se zyada ho gaye bijli gayi hue, ghar mein pani bhi nahi aa raha pump ke bina",2026-06-07 16:19,2026-06-07 18:19,CLOSED,DADA NAGAR,DADA NAGAR SUBDIVISION,DIVISION-5,ZONE-2,CIRCLE-3,Supply Related (Miscellaneous),D. Yadav
KS06072610547,1083338834,"pole gir gaya hai bijli ki taar ke saath, bahut khatarnak sthiti hai",2026-06-07 16:31,2026-06-07 22:31,CLOSED,COLONELGANJ,COLONELGANJ SUBDIVISION,DIVISION-1,ZONE-1,CIRCLE-1,Wire Snapping/Pole Fault,K. Pandey
KS06072611598,1082523525,"do mahine ka combined bill aaya hai, samajh nahi aa raha calculation",2026-06-07 16:37,2026-06-17 04:37,CLOSED,GOVIND NAGAR,GOVIND NAGAR SUBDIVISION,DIVISION-4,ZONE-2,CIRCLE-2,Billing Related,N. Srivastava
KS06072610260,1086060854,"24 ghante se zyada ho gaye bijli gayi hue, ghar mein pani bhi nahi aa raha pump ke bina",2026-06-07 16:53,2026-06-08 20:53,CLOSED,GOVIND NAGAR,GOVIND NAGAR SUBDIVISION,DIVISION-4,ZONE-2,CIRCLE-2,Supply Related (Miscellaneous),M. Verma
KS06072610411,1038462747,meter ki reading bahut zyada aa rahi hai jabki consumption kam hua hai is mahine,2026-06-07 16:55,2026-06-10 02:55,CLOSED,RING ROAD,RING ROAD SUBDIVISION,DIVISION-1,ZONE-1,CIRCLE-1,Meter Related,A. Hussain
KS06072611299,1084409733,"high tension line mein kharabi hai, JE sahab abhi tak nahi aaye",2026-06-07 16:56,2026-06-08 05:56,CLOSED,RAWATPUR,RAWATPUR SUBDIVISION,DIVISION-3,ZONE-2,CIRCLE-2,11KV Line Fault,J. Singh
KS06072611236,1079373048,"aspatal mein 20 ghante se bijli nahi hai, generator ka diesel bhi khatam hone wala hai",2026-06-07 16:59,2026-06-08 14:59,CLOSED,HARRISGANJ,HARRISGANJ SUBDIVISION,DIVISION-1,ZONE-1,CIRCLE-1,Supply Related (Miscellaneous),N. Srivastava
KS06072610691,1033614962,"load enhancement ke liye request diya tha, koi update nahi mila",2026-06-07 17:05,2026-06-12 23:05,CLOSED,YASHODA NAGAR,YASHODA NAGAR SUBDIVISION,DIVISION-4,ZONE-2,CIRCLE-2,New Connection,B. Gupta
KS06072611290,1049329035,"voltage up-down ho raha hai lagatar, appliances damage ho rahe hain",2026-06-07 17:10,2026-06-10 01:10,CLOSED,RING ROAD,RING ROAD SUBDIVISION,DIVISION-1,ZONE-1,CIRCLE-1,Voltage Fluctuation,A. Hussain
KS06072612416,1027983750,gर्मी mein overloading ki wajah se baar baar trip ho raha hai transformer,2026-06-07 17:12,2026-06-08 22:12,CLOSED,RAWATPUR,RAWATPUR SUBDIVISION,DIVISION-3,ZONE-2,CIRCLE-2,Overloading,A. Hussain
KS06072612371,1097293868,"high tension line mein kharabi hai, JE sahab abhi tak nahi aaye",2026-06-07 17:16,2026-06-08 22:16,CLOSED,KIDWAI NAGAR,KIDWAI NAGAR SUBDIVISION,DIVISION-2,ZONE-1,CIRCLE-1,11KV Line Fault,N. Srivastava
KS06072611805,1065136515,"digital meter display kaam nahi kar raha, kuch bhi nahi dikh raha screen par",2026-06-07 17:50,2026-06-09 03:50,CLOSED,VIKAS NAGAR,VIKAS NAGAR SUBDIVISION,DIVISION-5,ZONE-2,CIRCLE-3,Meter Related,K. Pandey
KS06072611547,1068949632,"pichle bill mein galat amount charge hua hai, correction chahiye",2026-06-07 17:51,2026-06-12 23:51,CLOSED,JAJMAU,JAJMAU SUBDIVISION,DIVISION-3,ZONE-2,CIRCLE-2,Billing Related,V. Mishra
KS06072610549,1030023402,low voltage ki wajah se motor start nahi ho pa rahi hai,2026-06-07 18:14,2026-06-10 08:14,CLOSED,YASHODA NAGAR,YASHODA NAGAR SUBDIVISION,DIVISION-4,ZONE-2,CIRCLE-2,Voltage Fluctuation,V. Mishra
KS06072610381,1063900106,"line ka fuse udh gaya tez hawa mein, dobara nahi laga abhi tak",2026-06-07 18:15,,PENDING,HARRISGANJ,HARRISGANJ SUBDIVISION,DIVISION-1,ZONE-1,CIRCLE-1,Fuse Off Call (FOC),N. Srivastava
KS06072611014,1052807040,line fault ke karan pura substation area mein supply thap ho gayi hai,2026-06-07 18:24,2026-06-08 14:24,CLOSED,ARYA NAGAR,ARYA NAGAR SUBDIVISION,DIVISION-2,ZONE-1,CIRCLE-1,11KV Line Fault,V. Mishra
KS06072610485,1074466205,"voltage bahut kam hai, sirf 180 volt aa raha hai, AC aur fridge kharab ho gaye",2026-06-07 18:26,2026-06-10 02:26,CLOSED,HARRISGANJ,HARRISGANJ SUBDIVISION,DIVISION-1,ZONE-1,CIRCLE-1,Voltage Fluctuation,L. Awasthi
KS06072611872,1033376802,"line ka fuse udh gaya tez hawa mein, dobara nahi laga abhi tak",2026-06-07 18:36,2026-06-09 13:36,CLOSED,PANKI,PANKI SUBDIVISION,DIVISION-5,ZONE-2,CIRCLE-3,Fuse Off Call (FOC),R. Kashyap
KS06072611394,1056491704,"do mahine ka combined bill aaya hai, samajh nahi aa raha calculation",2026-06-07 18:42,2026-06-16 14:42,CLOSED,JAJMAU,JAJMAU SUBDIVISION,DIVISION-3,ZONE-2,CIRCLE-2,Billing Related,B. Gupta
KS06072611440,1079698874,"DT se lagatar humming noise aa rahi hai, sabko lagta hai kabhi bhi phat sakta hai",2026-06-07 19:13,2026-06-08 06:13,CLOSED,GOVIND NAGAR,GOVIND NAGAR SUBDIVISION,DIVISION-4,ZONE-2,CIRCLE-2,Overloading,L. Awasthi
KS06072610423,1036456442,"transformer se dhuaan aur jalne ki smell aa rahi hai, turant madad chahiye",2026-06-07 19:58,2026-06-07 22:58,CLOSED,RING ROAD,RING ROAD SUBDIVISION,DIVISION-1,ZONE-1,CIRCLE-1,DT Damaged/DT Fuse Burnt/Fire on DT,V. Mishra
KS06072610926,1012341566,"poore mohalle mein pichle 18 ghanto se supply band hai, bachche aur budhe pareshan hain",2026-06-07 20:10,,PENDING,RAWATPUR,RAWATPUR SUBDIVISION,DIVISION-3,ZONE-2,CIRCLE-2,Supply Related (Miscellaneous),J. Singh
KS06072611592,1036263114,"fuse off ho gaya hai kal raat se, poori gali mein andhera hai",2026-06-07 20:24,,PENDING,JAJMAU,JAJMAU SUBDIVISION,DIVISION-3,ZONE-2,CIRCLE-2,Fuse Off Call (FOC),M. Verma
KS06072611491,1044978393,"bill time par nahi mila is baar, late fee lag gayi hai bina wajah",2026-06-07 20:41,2026-06-10 08:41,CLOSED,JAJMAU,JAJMAU SUBDIVISION,DIVISION-3,ZONE-2,CIRCLE-2,Billing Related,V. Mishra
KS06072612344,1078833079,"bill time par nahi mila is baar, late fee lag gayi hai bina wajah",2026-06-07 20:43,2026-06-13 15:43,CLOSED,KAKADEO,KAKADEO SUBDIVISION,DIVISION-4,ZONE-2,CIRCLE-2,Billing Related,P. Kumar
KS06072610100,1025713056,"load enhancement ke liye request diya tha, koi update nahi mila",2026-06-07 21:18,,PENDING,DADA NAGAR,DADA NAGAR SUBDIVISION,DIVISION-5,ZONE-2,CIRCLE-3,New Connection,P. Kumar
KS06072610284,1083605177,"digital meter display kaam nahi kar raha, kuch bhi nahi dikh raha screen par",2026-06-07 21:22,2026-06-08 08:22,CLOSED,VIKAS NAGAR,VIKAS NAGAR SUBDIVISION,DIVISION-5,ZONE-2,CIRCLE-3,Meter Related,N. Srivastava
KS06072612476,1065367996,"poore mohalle mein pichle 18 ghanto se supply band hai, bachche aur budhe pareshan hain",2026-06-07 22:34,2026-06-09 02:34,CLOSED,YASHODA NAGAR,YASHODA NAGAR SUBDIVISION,DIVISION-4,ZONE-2,CIRCLE-2,Supply Related (Miscellaneous),S. Tiwari
KS06072611807,1048818644,low voltage ki wajah se motor start nahi ho pa rahi hai,2026-06-07 22:41,2026-06-10 15:41,CLOSED,YASHODA NAGAR,YASHODA NAGAR SUBDIVISION,DIVISION-4,ZONE-2,CIRCLE-2,Voltage Fluctuation,N. Srivastava
KS06072610401,1077511171,"naye ghar ke liye connection application diye hue ek mahina ho gaya hai, abhi tak survey nahi hua",2026-06-07 22:48,,PENDING,ARYA NAGAR,ARYA NAGAR SUBDIVISION,DIVISION-2,ZONE-1,CIRCLE-1,New Connection,D. Yadav
KS06072610514,1034975773,"11KV line mein fault aa gaya hai, 6 ghante se bijli band hai poore ilake mein",2026-06-07 23:29,,PENDING,YASHODA NAGAR,YASHODA NAGAR SUBDIVISION,DIVISION-4,ZONE-2,CIRCLE-2,11KV Line Fault,P. Kumar
KS06072611780,1067529138,"24 ghante se zyada ho gaye bijli gayi hue, ghar mein pani bhi nahi aa raha pump ke bina",2026-06-07 23:51,2026-06-08 23:51,CLOSED,GOVIND NAGAR,GOVIND NAGAR SUBDIVISION,DIVISION-4,ZONE-2,CIRCLE-2,Supply Related (Miscellaneous),R. Kashyap
KS06082611346,1054732325,low voltage ki wajah se motor start nahi ho pa rahi hai,2026-06-08 04:03,2026-06-11 00:03,CLOSED,RING ROAD,RING ROAD SUBDIVISION,DIVISION-1,ZONE-1,CIRCLE-1,Voltage Fluctuation,P. Kumar
KS06082612128,1057520577,"11KV ki taar sadak par gir gayi hai, log ke pass se guzar rahe hain, koi accident na ho jaye",2026-06-08 04:08,2026-06-08 07:08,CLOSED,COLONELGANJ,COLONELGANJ SUBDIVISION,DIVISION-1,ZONE-1,CIRCLE-1,Wire Snapping/Pole Fault,P. Kumar
KS06082611241,1014458726,"11KV line mein fault aa gaya hai, 6 ghante se bijli band hai poore ilake mein",2026-06-08 05:08,2026-06-09 00:08,CLOSED,SWAROOP NAGAR,SWAROOP NAGAR SUBDIVISION,DIVISION-2,ZONE-1,CIRCLE-1,11KV Line Fault,A. Hussain
KS06082610355,1042866622,"voltage bahut kam hai, sirf 180 volt aa raha hai, AC aur fridge kharab ho gaye",2026-06-08 06:18,2026-06-09 13:18,CLOSED,DADA NAGAR,DADA NAGAR SUBDIVISION,DIVISION-5,ZONE-2,CIRCLE-3,Voltage Fluctuation,B. Gupta
KS06082611905,1085297666,"voltage bahut kam hai, sirf 180 volt aa raha hai, AC aur fridge kharab ho gaye",2026-06-08 07:13,,PENDING,SWAROOP NAGAR,SWAROOP NAGAR SUBDIVISION,DIVISION-2,ZONE-1,CIRCLE-1,Voltage Fluctuation,B. Gupta
KS06082610264,1046681196,"line ka fuse udh gaya tez hawa mein, dobara nahi laga abhi tak",2026-06-08 07:46,2026-06-10 05:46,CLOSED,TATMILL,TATMILL SUBDIVISION,DIVISION-3,ZONE-2,CIRCLE-2,Fuse Off Call (FOC),B. Gupta
KS06082610369,1040540696,"load enhancement ke liye request diya tha, koi update nahi mila",2026-06-08 08:09,,PENDING,KAKADEO,KAKADEO SUBDIVISION,DIVISION-4,ZONE-2,CIRCLE-2,New Connection,S. Tiwari
KS06082611165,1010350473,"load enhancement ke liye request diya tha, koi update nahi mila",2026-06-08 08:20,2026-06-13 14:20,CLOSED,KIDWAI NAGAR,KIDWAI NAGAR SUBDIVISION,DIVISION-2,ZONE-1,CIRCLE-1,New Connection,L. Awasthi
KS06082611381,1036194531,"transformer mein aag lag gayi aur dhuaan nikal raha hai, poori colony andhere mein hai",2026-06-08 08:22,2026-06-08 13:22,CLOSED,SWAROOP NAGAR,SWAROOP NAGAR SUBDIVISION,DIVISION-2,ZONE-1,CIRCLE-1,DT Damaged/DT Fuse Burnt/Fire on DT,P. Kumar
KS06082611102,1073395718,"pichle bill mein galat amount charge hua hai, correction chahiye",2026-06-08 08:47,2026-06-17 21:47,CLOSED,RING ROAD,RING ROAD SUBDIVISION,DIVISION-1,ZONE-1,CIRCLE-1,Billing Related,D. Yadav
KS06082612179,1095544663,"line ka fuse udh gaya tez hawa mein, dobara nahi laga abhi tak",2026-06-08 08:52,2026-06-09 22:52,CLOSED,VIKAS NAGAR,VIKAS NAGAR SUBDIVISION,DIVISION-5,ZONE-2,CIRCLE-3,Fuse Off Call (FOC),K. Pandey
KS06082611461,1029361809,"voltage up-down ho raha hai lagatar, appliances damage ho rahe hain",2026-06-08 09:01,2026-06-09 15:01,CLOSED,TATMILL,TATMILL SUBDIVISION,DIVISION-3,ZONE-2,CIRCLE-2,Voltage Fluctuation,S. Tiwari
KS06082610491,1034947832,naya meter lagne ke baad se reading galat aa rahi hai har mahine,2026-06-08 09:04,,PENDING,GOVIND NAGAR,GOVIND NAGAR SUBDIVISION,DIVISION-4,ZONE-2,CIRCLE-2,Meter Related,V. Mishra
KS06082611359,1013157259,"24 ghante se zyada ho gaye bijli gayi hue, ghar mein pani bhi nahi aa raha pump ke bina",2026-06-08 09:11,,PENDING,GOVIND NAGAR,GOVIND NAGAR SUBDIVISION,DIVISION-4,ZONE-2,CIRCLE-2,Supply Related (Miscellaneous),N. Srivastava
KS06082611213,1029847887,line fault ke karan pura substation area mein supply thap ho gayi hai,2026-06-08 09:28,2026-06-08 15:28,CLOSED,GOVIND NAGAR,GOVIND NAGAR SUBDIVISION,DIVISION-4,ZONE-2,CIRCLE-2,11KV Line Fault,L. Awasthi
KS06082612007,1023124906,"poore mohalle mein pichle 18 ghanto se supply band hai, bachche aur budhe pareshan hain",2026-06-08 09:39,2026-06-09 06:39,CLOSED,HARRISGANJ,HARRISGANJ SUBDIVISION,DIVISION-1,ZONE-1,CIRCLE-1,Supply Related (Miscellaneous),A. Hussain
KS06082610001,1038769900,"voltage bahut kam hai, sirf 180 volt aa raha hai, AC aur fridge kharab ho gaye",2026-06-08 10:04,,PENDING,JAJMAU,JAJMAU SUBDIVISION,DIVISION-3,ZONE-2,CIRCLE-2,Voltage Fluctuation,B. Gupta
KS06082610241,1031819720,"pichle bill mein galat amount charge hua hai, correction chahiye",2026-06-08 10:10,2026-06-10 18:10,CLOSED,JAJMAU,JAJMAU SUBDIVISION,DIVISION-3,ZONE-2,CIRCLE-2,Billing Related,P. Kumar
KS06082612328,1023589381,"digital meter display kaam nahi kar raha, kuch bhi nahi dikh raha screen par",2026-06-08 10:11,2026-06-08 23:11,CLOSED,PANKI,PANKI SUBDIVISION,DIVISION-5,ZONE-2,CIRCLE-3,Meter Related,L. Awasthi
KS06082611260,1015054255,"transformer mein aag lag gayi aur dhuaan nikal raha hai, poori colony andhere mein hai",2026-06-08 10:52,2026-06-08 16:52,CLOSED,VIKAS NAGAR,VIKAS NAGAR SUBDIVISION,DIVISION-5,ZONE-2,CIRCLE-3,DT Damaged/DT Fuse Burnt/Fire on DT,L. Awasthi
KS06082610224,1084734257,"DT se lagatar humming noise aa rahi hai, sabko lagta hai kabhi bhi phat sakta hai",2026-06-08 10:57,,PENDING,ARYA NAGAR,ARYA NAGAR SUBDIVISION,DIVISION-2,ZONE-1,CIRCLE-1,Overloading,L. Awasthi
KS06082611658,1088561915,line fault ke karan pura substation area mein supply thap ho gayi hai,2026-06-08 11:14,,PENDING,KAKADEO,KAKADEO SUBDIVISION,DIVISION-4,ZONE-2,CIRCLE-2,11KV Line Fault,A. Hussain
KS06082611424,1013049001,line fault ke karan pura substation area mein supply thap ho gayi hai,2026-06-08 11:34,,PENDING,RAWATPUR,RAWATPUR SUBDIVISION,DIVISION-3,ZONE-2,CIRCLE-2,11KV Line Fault,M. Verma
KS06082610322,1052807040,"high tension line mein kharabi hai, JE sahab abhi tak nahi aaye",2026-06-08 11:50,2026-06-09 07:50,CLOSED,VIKAS NAGAR,VIKAS NAGAR SUBDIVISION,DIVISION-5,ZONE-2,CIRCLE-3,11KV Line Fault,J. Singh
KS06082610379,1070672986,"bill time par nahi mila is baar, late fee lag gayi hai bina wajah",2026-06-08 12:20,,PENDING,RING ROAD,RING ROAD SUBDIVISION,DIVISION-1,ZONE-1,CIRCLE-1,Billing Related,K. Pandey
KS06082610271,1021642980,"poore mohalle mein pichle 18 ghanto se supply band hai, bachche aur budhe pareshan hain",2026-06-08 12:38,2026-06-09 01:38,CLOSED,VIKAS NAGAR,VIKAS NAGAR SUBDIVISION,DIVISION-5,ZONE-2,CIRCLE-3,Supply Related (Miscellaneous),B. Gupta
KS06082611160,1072755405,"DT mein blast ho gaya, chingari nikal rahi hai, log dar ke maare ghar se bahar hain",2026-06-08 13:08,2026-06-08 17:08,CLOSED,YASHODA NAGAR,YASHODA NAGAR SUBDIVISION,DIVISION-4,ZONE-2,CIRCLE-2,DT Damaged/DT Fuse Burnt/Fire on DT,L. Awasthi
KS06082611306,1092719868,"digital meter display kaam nahi kar raha, kuch bhi nahi dikh raha screen par",2026-06-08 13:12,2026-06-10 15:12,CLOSED,RING ROAD,RING ROAD SUBDIVISION,DIVISION-1,ZONE-1,CIRCLE-1,Meter Related,L. Awasthi
KS06082612292,1031970716,naya meter lagne ke baad se reading galat aa rahi hai har mahine,2026-06-08 13:13,2026-06-11 00:13,CLOSED,SWAROOP NAGAR,SWAROOP NAGAR SUBDIVISION,DIVISION-2,ZONE-1,CIRCLE-1,Meter Related,N. Srivastava
KS06082611653,1041633111,"poore mohalle mein pichle 18 ghanto se supply band hai, bachche aur budhe pareshan hain",2026-06-08 13:28,2026-06-09 02:28,CLOSED,COLONELGANJ,COLONELGANJ SUBDIVISION,DIVISION-1,ZONE-1,CIRCLE-1,Supply Related (Miscellaneous),P. Kumar
KS06082610129,1059375264,naya meter lagne ke baad se reading galat aa rahi hai har mahine,2026-06-08 13:30,,PENDING,JAJMAU,JAJMAU SUBDIVISION,DIVISION-3,ZONE-2,CIRCLE-2,Meter Related,B. Gupta
KS06082611860,1051210762,naya meter lagne ke baad se reading galat aa rahi hai har mahine,2026-06-08 13:42,2026-06-10 14:42,CLOSED,RAWATPUR,RAWATPUR SUBDIVISION,DIVISION-3,ZONE-2,CIRCLE-2,Meter Related,V. Mishra
KS06082612473,1063405302,"voltage up-down ho raha hai lagatar, appliances damage ho rahe hain",2026-06-08 13:49,2026-06-10 22:49,CLOSED,YASHODA NAGAR,YASHODA NAGAR SUBDIVISION,DIVISION-4,ZONE-2,CIRCLE-2,Voltage Fluctuation,R. Kashyap
KS06082610941,1071047954,"load enhancement ke liye request diya tha, koi update nahi mila",2026-06-08 13:53,2026-06-14 19:53,CLOSED,RING ROAD,RING ROAD SUBDIVISION,DIVISION-1,ZONE-1,CIRCLE-1,New Connection,P. Kumar
KS06082612259,1060220891,"voltage up-down ho raha hai lagatar, appliances damage ho rahe hain",2026-06-08 13:56,2026-06-10 10:56,CLOSED,PANKI,PANKI SUBDIVISION,DIVISION-5,ZONE-2,CIRCLE-3,Voltage Fluctuation,P. Kumar
KS06082611190,1054935222,low voltage ki wajah se motor start nahi ho pa rahi hai,2026-06-08 13:59,2026-06-08 23:59,CLOSED,HARRISGANJ,HARRISGANJ SUBDIVISION,DIVISION-1,ZONE-1,CIRCLE-1,Voltage Fluctuation,V. Mishra
KS06082610117,1082729731,"bill time par nahi mila is baar, late fee lag gayi hai bina wajah",2026-06-08 14:04,2026-06-12 10:04,CLOSED,JAJMAU,JAJMAU SUBDIVISION,DIVISION-3,ZONE-2,CIRCLE-2,Billing Related,D. Yadav
KS06082610515,1032484347,"aspatal mein 20 ghante se bijli nahi hai, generator ka diesel bhi khatam hone wala hai",2026-06-08 14:15,2026-06-09 17:15,CLOSED,ARYA NAGAR,ARYA NAGAR SUBDIVISION,DIVISION-2,ZONE-1,CIRCLE-1,Supply Related (Miscellaneous),B. Gupta
KS06082610034,1093015581,"voltage bahut kam hai, sirf 180 volt aa raha hai, AC aur fridge kharab ho gaye",2026-06-08 14:25,,PENDING,COLONELGANJ,COLONELGANJ SUBDIVISION,DIVISION-1,ZONE-1,CIRCLE-1,Voltage Fluctuation,S. Tiwari
KS06082610834,1014799257,"do mahine ka combined bill aaya hai, samajh nahi aa raha calculation",2026-06-08 14:26,2026-06-15 15:26,CLOSED,ARYA NAGAR,ARYA NAGAR SUBDIVISION,DIVISION-2,ZONE-1,CIRCLE-1,Billing Related,N. Srivastava
KS06082610440,1059068440,"load enhancement ke liye request diya tha, koi update nahi mila",2026-06-08 14:27,2026-06-15 07:27,CLOSED,JAJMAU,JAJMAU SUBDIVISION,DIVISION-3,ZONE-2,CIRCLE-2,New Connection,L. Awasthi
KS06082611209,1065813198,"voltage up-down ho raha hai lagatar, appliances damage ho rahe hain",2026-06-08 14:29,2026-06-08 22:29,CLOSED,VIKAS NAGAR,VIKAS NAGAR SUBDIVISION,DIVISION-5,ZONE-2,CIRCLE-3,Voltage Fluctuation,J. Singh
KS06082610601,1092098479,"do mahine ka combined bill aaya hai, samajh nahi aa raha calculation",2026-06-08 14:54,2026-06-14 09:54,CLOSED,KAKADEO,KAKADEO SUBDIVISION,DIVISION-4,ZONE-2,CIRCLE-2,Billing Related,B. Gupta
KS06082611597,1017235259,"24 ghante se zyada ho gaye bijli gayi hue, ghar mein pani bhi nahi aa raha pump ke bina",2026-06-08 15:02,2026-06-09 04:02,CLOSED,COLONELGANJ,COLONELGANJ SUBDIVISION,DIVISION-1,ZONE-1,CIRCLE-1,Supply Related (Miscellaneous),S. Tiwari
KS06082611668,1041796059,"transformer mein aag lag gayi aur dhuaan nikal raha hai, poori colony andhere mein hai",2026-06-08 15:10,2026-06-08 18:10,CLOSED,YASHODA NAGAR,YASHODA NAGAR SUBDIVISION,DIVISION-4,ZONE-2,CIRCLE-2,DT Damaged/DT Fuse Burnt/Fire on DT,M. Verma
KS06082610299,1074466205,"digital meter display kaam nahi kar raha, kuch bhi nahi dikh raha screen par",2026-06-08 15:13,,PENDING,JAJMAU,JAJMAU SUBDIVISION,DIVISION-3,ZONE-2,CIRCLE-2,Meter Related,R. Kashyap
KS06082611803,1075646940,"digital meter display kaam nahi kar raha, kuch bhi nahi dikh raha screen par",2026-06-08 15:18,2026-06-10 07:18,CLOSED,VIKAS NAGAR,VIKAS NAGAR SUBDIVISION,DIVISION-5,ZONE-2,CIRCLE-3,Meter Related,M. Verma
KS06082611342,1026120970,"voltage up-down ho raha hai lagatar, appliances damage ho rahe hain",2026-06-08 15:18,2026-06-10 11:18,CLOSED,RING ROAD,RING ROAD SUBDIVISION,DIVISION-1,ZONE-1,CIRCLE-1,Voltage Fluctuation,N. Srivastava
KS06082611145,1057052656,"11KV line mein fault aa gaya hai, 6 ghante se bijli band hai poore ilake mein",2026-06-08 15:39,2026-06-09 20:39,CLOSED,ARYA NAGAR,ARYA NAGAR SUBDIVISION,DIVISION-2,ZONE-1,CIRCLE-1,11KV Line Fault,B. Gupta
KS06082611140,1045467567,line fault ke karan pura substation area mein supply thap ho gayi hai,2026-06-08 15:41,2026-06-08 18:41,CLOSED,SWAROOP NAGAR,SWAROOP NAGAR SUBDIVISION,DIVISION-2,ZONE-1,CIRCLE-1,11KV Line Fault,M. Verma
KS06082611303,1023431515,"transformer bahut garam ho raha hai aur buzzing sound aa rahi hai, overload lag raha hai",2026-06-08 15:55,2026-06-09 09:55,CLOSED,KAKADEO,KAKADEO SUBDIVISION,DIVISION-4,ZONE-2,CIRCLE-2,Overloading,P. Kumar
KS06082611645,1093617371,low voltage ki wajah se motor start nahi ho pa rahi hai,2026-06-08 16:09,2026-06-09 12:09,CLOSED,VIKAS NAGAR,VIKAS NAGAR SUBDIVISION,DIVISION-5,ZONE-2,CIRCLE-3,Voltage Fluctuation,A. Hussain
KS06082611972,1065590250,"do mahine ka combined bill aaya hai, samajh nahi aa raha calculation",2026-06-08 16:11,2026-06-10 08:11,CLOSED,COLONELGANJ,COLONELGANJ SUBDIVISION,DIVISION-1,ZONE-1,CIRCLE-1,Billing Related,S. Tiwari
KS06082612481,1053737002,"DT se lagatar humming noise aa rahi hai, sabko lagta hai kabhi bhi phat sakta hai",2026-06-08 16:30,2026-06-09 10:30,CLOSED,KIDWAI NAGAR,KIDWAI NAGAR SUBDIVISION,DIVISION-2,ZONE-1,CIRCLE-1,Overloading,P. Kumar
KS06082612339,1066408945,"pole gir gaya hai bijli ki taar ke saath, bahut khatarnak sthiti hai",2026-06-08 16:47,2026-06-08 19:47,CLOSED,JAJMAU,JAJMAU SUBDIVISION,DIVISION-3,ZONE-2,CIRCLE-2,Wire Snapping/Pole Fault,V. Mishra
KS06082610404,1088561915,"line ka fuse udh gaya tez hawa mein, dobara nahi laga abhi tak",2026-06-08 17:00,2026-06-11 06:00,CLOSED,RAWATPUR,RAWATPUR SUBDIVISION,DIVISION-3,ZONE-2,CIRCLE-2,Fuse Off Call (FOC),P. Kumar
KS06082611873,1064870897,"DT ka fuse baar baar gir raha hai, substation wale theek nahi karte, 3 baar shikayat kar chuke hain",2026-06-08 17:16,,PENDING,PANKI,PANKI SUBDIVISION,DIVISION-5,ZONE-2,CIRCLE-3,Fuse Off Call (FOC),L. Awasthi
KS06082611938,1041590256,gर्मी mein overloading ki wajah se baar baar trip ho raha hai transformer,2026-06-08 17:24,2026-06-09 01:24,CLOSED,KAKADEO,KAKADEO SUBDIVISION,DIVISION-4,ZONE-2,CIRCLE-2,Overloading,P. Kumar
KS06082610665,1070672986,"pichle bill mein galat amount charge hua hai, correction chahiye",2026-06-08 17:34,,PENDING,ARYA NAGAR,ARYA NAGAR SUBDIVISION,DIVISION-2,ZONE-1,CIRCLE-1,Billing Related,R. Kashyap
KS06082611101,1023948665,"11KV line mein fault aa gaya hai, 6 ghante se bijli band hai poore ilake mein",2026-06-08 18:00,,PENDING,HARRISGANJ,HARRISGANJ SUBDIVISION,DIVISION-1,ZONE-1,CIRCLE-1,11KV Line Fault,K. Pandey
KS06082612089,1049082068,"voltage bahut kam hai, sirf 180 volt aa raha hai, AC aur fridge kharab ho gaye",2026-06-08 18:07,2026-06-10 14:07,CLOSED,SWAROOP NAGAR,SWAROOP NAGAR SUBDIVISION,DIVISION-2,ZONE-1,CIRCLE-1,Voltage Fluctuation,N. Srivastava
KS06082611790,1085297666,"pichle bill mein galat amount charge hua hai, correction chahiye",2026-06-08 18:08,2026-06-12 06:08,CLOSED,COLONELGANJ,COLONELGANJ SUBDIVISION,DIVISION-1,ZONE-1,CIRCLE-1,Billing Related,K. Pandey
KS06082611879,1012789530,"voltage up-down ho raha hai lagatar, appliances damage ho rahe hain",2026-06-08 18:08,2026-06-09 04:08,CLOSED,HARRISGANJ,HARRISGANJ SUBDIVISION,DIVISION-1,ZONE-1,CIRCLE-1,Voltage Fluctuation,S. Tiwari
KS06082610180,1095500158,"load enhancement ke liye request diya tha, koi update nahi mila",2026-06-08 19:06,,PENDING,KAKADEO,KAKADEO SUBDIVISION,DIVISION-4,ZONE-2,CIRCLE-2,New Connection,N. Srivastava
KS06082610135,1081946667,"transformer mein aag lag gayi aur dhuaan nikal raha hai, poori colony andhere mein hai",2026-06-08 19:13,2026-06-09 02:13,CLOSED,SWAROOP NAGAR,SWAROOP NAGAR SUBDIVISION,DIVISION-2,ZONE-1,CIRCLE-1,DT Damaged/DT Fuse Burnt/Fire on DT,M. Verma
KS06082612379,1017979448,meter ki reading bahut zyada aa rahi hai jabki consumption kam hua hai is mahine,2026-06-08 19:16,,PENDING,JAJMAU,JAJMAU SUBDIVISION,DIVISION-3,ZONE-2,CIRCLE-2,Meter Related,M. Verma
KS06082610430,1014992395,"DT ka fuse baar baar gir raha hai, substation wale theek nahi karte, 3 baar shikayat kar chuke hain",2026-06-08 19:57,2026-06-09 01:57,CLOSED,KAKADEO,KAKADEO SUBDIVISION,DIVISION-4,ZONE-2,CIRCLE-2,Fuse Off Call (FOC),S. Tiwari
KS06082611897,1035669897,"DT se lagatar humming noise aa rahi hai, sabko lagta hai kabhi bhi phat sakta hai",2026-06-08 20:28,2026-06-09 03:28,CLOSED,JAJMAU,JAJMAU SUBDIVISION,DIVISION-3,ZONE-2,CIRCLE-2,Overloading,R. Kashyap
KS06082610447,1014649135,naya meter lagne ke baad se reading galat aa rahi hai har mahine,2026-06-08 20:47,,PENDING,HARRISGANJ,HARRISGANJ SUBDIVISION,DIVISION-1,ZONE-1,CIRCLE-1,Meter Related,A. Hussain
KS06082610309,1095500158,"24 ghante se zyada ho gaye bijli gayi hue, ghar mein pani bhi nahi aa raha pump ke bina",2026-06-08 20:59,,PENDING,COLONELGANJ,COLONELGANJ SUBDIVISION,DIVISION-1,ZONE-1,CIRCLE-1,Supply Related (Miscellaneous),R. Kashyap
KS06082610398,1091843845,"voltage up-down ho raha hai lagatar, appliances damage ho rahe hain",2026-06-08 21:13,2026-06-11 15:13,CLOSED,ARYA NAGAR,ARYA NAGAR SUBDIVISION,DIVISION-2,ZONE-1,CIRCLE-1,Voltage Fluctuation,S. Tiwari
KS06082610403,1067808566,"poore mohalle mein pichle 18 ghanto se supply band hai, bachche aur budhe pareshan hain",2026-06-08 21:24,2026-06-09 20:24,CLOSED,COLONELGANJ,COLONELGANJ SUBDIVISION,DIVISION-1,ZONE-1,CIRCLE-1,Supply Related (Miscellaneous),K. Pandey
KS06082611128,1024560421,"digital meter display kaam nahi kar raha, kuch bhi nahi dikh raha screen par",2026-06-08 21:29,2026-06-10 00:29,CLOSED,PANKI,PANKI SUBDIVISION,DIVISION-5,ZONE-2,CIRCLE-3,Meter Related,A. Hussain
KS06082611702,1086060854,"high tension line mein kharabi hai, JE sahab abhi tak nahi aaye",2026-06-08 21:41,2026-06-09 19:41,CLOSED,KAKADEO,KAKADEO SUBDIVISION,DIVISION-4,ZONE-2,CIRCLE-2,11KV Line Fault,P. Kumar
KS06082610009,1015054255,low voltage ki wajah se motor start nahi ho pa rahi hai,2026-06-08 22:03,,PENDING,KAKADEO,KAKADEO SUBDIVISION,DIVISION-4,ZONE-2,CIRCLE-2,Voltage Fluctuation,S. Tiwari
KS06082612432,1061957821,meter ki reading bahut zyada aa rahi hai jabki consumption kam hua hai is mahine,2026-06-08 22:11,2026-06-09 04:11,CLOSED,JAJMAU,JAJMAU SUBDIVISION,DIVISION-3,ZONE-2,CIRCLE-2,Meter Related,K. Pandey
KS06082611917,1052156478,"bill time par nahi mila is baar, late fee lag gayi hai bina wajah",2026-06-08 22:26,2026-06-17 02:26,CLOSED,YASHODA NAGAR,YASHODA NAGAR SUBDIVISION,DIVISION-4,ZONE-2,CIRCLE-2,Billing Related,V. Mishra
KS06082611455,1074466205,"khuli taar se sparking ho rahi hai road ke pass, karnt lagne ka khatra hai",2026-06-08 23:42,2026-06-09 00:42,CLOSED,VIKAS NAGAR,VIKAS NAGAR SUBDIVISION,DIVISION-5,ZONE-2,CIRCLE-3,Wire Snapping/Pole Fault,V. Mishra
KS06092612402,1015054255,"pichle bill mein galat amount charge hua hai, correction chahiye",2026-06-09 00:16,,PENDING,RAWATPUR,RAWATPUR SUBDIVISION,DIVISION-3,ZONE-2,CIRCLE-2,Billing Related,N. Srivastava
KS06092610758,1033543717,"transformer se dhuaan aur jalne ki smell aa rahi hai, turant madad chahiye",2026-06-09 01:08,2026-06-09 03:08,CLOSED,YASHODA NAGAR,YASHODA NAGAR SUBDIVISION,DIVISION-4,ZONE-2,CIRCLE-2,DT Damaged/DT Fuse Burnt/Fire on DT,P. Kumar
KS06092610182,1019816472,low voltage ki wajah se motor start nahi ho pa rahi hai,2026-06-09 01:40,2026-06-09 15:40,CLOSED,KIDWAI NAGAR,KIDWAI NAGAR SUBDIVISION,DIVISION-2,ZONE-1,CIRCLE-1,Voltage Fluctuation,R. Kashyap
KS06092612284,1063900106,"aspatal mein 20 ghante se bijli nahi hai, generator ka diesel bhi khatam hone wala hai",2026-06-09 03:44,,PENDING,ARYA NAGAR,ARYA NAGAR SUBDIVISION,DIVISION-2,ZONE-1,CIRCLE-1,Supply Related (Miscellaneous),V. Mishra
KS06092610681,1010449456,"aspatal mein 20 ghante se bijli nahi hai, generator ka diesel bhi khatam hone wala hai",2026-06-09 05:22,2026-06-09 09:22,CLOSED,GOVIND NAGAR,GOVIND NAGAR SUBDIVISION,DIVISION-4,ZONE-2,CIRCLE-2,Supply Related (Miscellaneous),B. Gupta
KS06092610367,1078560373,meter ki reading bahut zyada aa rahi hai jabki consumption kam hua hai is mahine,2026-06-09 05:29,2026-06-09 17:29,CLOSED,HARRISGANJ,HARRISGANJ SUBDIVISION,DIVISION-1,ZONE-1,CIRCLE-1,Meter Related,B. Gupta
KS06092610070,1032448259,"DT se lagatar humming noise aa rahi hai, sabko lagta hai kabhi bhi phat sakta hai",2026-06-09 05:49,2026-06-09 20:49,CLOSED,SWAROOP NAGAR,SWAROOP NAGAR SUBDIVISION,DIVISION-2,ZONE-1,CIRCLE-1,Overloading,R. Kashyap
KS06092610913,1021147119,"line ka fuse udh gaya tez hawa mein, dobara nahi laga abhi tak",2026-06-09 06:43,2026-06-09 13:43,CLOSED,VIKAS NAGAR,VIKAS NAGAR SUBDIVISION,DIVISION-5,ZONE-2,CIRCLE-3,Fuse Off Call (FOC),D. Yadav
KS06092611628,1026799589,"aspatal mein 20 ghante se bijli nahi hai, generator ka diesel bhi khatam hone wala hai",2026-06-09 07:52,2026-06-10 06:52,CLOSED,KAKADEO,KAKADEO SUBDIVISION,DIVISION-4,ZONE-2,CIRCLE-2,Supply Related (Miscellaneous),D. Yadav
KS06092610916,1056762268,"khuli taar se sparking ho rahi hai road ke pass, karnt lagne ka khatra hai",2026-06-09 08:29,,PENDING,HARRISGANJ,HARRISGANJ SUBDIVISION,DIVISION-1,ZONE-1,CIRCLE-1,Wire Snapping/Pole Fault,M. Verma
KS06092611798,1052855680,"voltage up-down ho raha hai lagatar, appliances damage ho rahe hain",2026-06-09 08:34,2026-06-11 03:34,CLOSED,RAWATPUR,RAWATPUR SUBDIVISION,DIVISION-3,ZONE-2,CIRCLE-2,Voltage Fluctuation,P. Kumar
KS06092610371,1032949699,"DT se lagatar humming noise aa rahi hai, sabko lagta hai kabhi bhi phat sakta hai",2026-06-09 08:35,2026-06-10 05:35,CLOSED,DADA NAGAR,DADA NAGAR SUBDIVISION,DIVISION-5,ZONE-2,CIRCLE-3,Overloading,R. Kashyap
KS06092612343,1025178039,"DT se lagatar humming noise aa rahi hai, sabko lagta hai kabhi bhi phat sakta hai",2026-06-09 08:39,2026-06-10 04:39,CLOSED,RAWATPUR,RAWATPUR SUBDIVISION,DIVISION-3,ZONE-2,CIRCLE-2,Overloading,J. Singh
KS06092612426,1013049001,"khuli taar se sparking ho rahi hai road ke pass, karnt lagne ka khatra hai",2026-06-09 08:57,,PENDING,TATMILL,TATMILL SUBDIVISION,DIVISION-3,ZONE-2,CIRCLE-2,Wire Snapping/Pole Fault,L. Awasthi
KS06092611786,1068949632,line fault ke karan pura substation area mein supply thap ho gayi hai,2026-06-09 09:18,,PENDING,DADA NAGAR,DADA NAGAR SUBDIVISION,DIVISION-5,ZONE-2,CIRCLE-3,11KV Line Fault,N. Srivastava
KS06092610635,1043775032,"11KV ki taar sadak par gir gayi hai, log ke pass se guzar rahe hain, koi accident na ho jaye",2026-06-09 09:39,2026-06-09 11:39,CLOSED,SWAROOP NAGAR,SWAROOP NAGAR SUBDIVISION,DIVISION-2,ZONE-1,CIRCLE-1,Wire Snapping/Pole Fault,L. Awasthi
KS06092610307,1084623543,meter ki reading bahut zyada aa rahi hai jabki consumption kam hua hai is mahine,2026-06-09 09:57,2026-06-10 12:57,CLOSED,RAWATPUR,RAWATPUR SUBDIVISION,DIVISION-3,ZONE-2,CIRCLE-2,Meter Related,A. Hussain
KS06092611000,1045854154,"11KV ki taar sadak par gir gayi hai, log ke pass se guzar rahe hain, koi accident na ho jaye",2026-06-09 10:00,2026-06-09 12:00,CLOSED,PANKI,PANKI SUBDIVISION,DIVISION-5,ZONE-2,CIRCLE-3,Wire Snapping/Pole Fault,P. Kumar
KS06092611035,1052807040,naya meter lagne ke baad se reading galat aa rahi hai har mahine,2026-06-09 10:03,2026-06-10 16:03,CLOSED,TATMILL,TATMILL SUBDIVISION,DIVISION-3,ZONE-2,CIRCLE-2,Meter Related,N. Srivastava
KS06092612380,1016906638,temporary connection ki application pending hai construction site ke liye,2026-06-09 10:06,2026-06-11 11:06,CLOSED,SWAROOP NAGAR,SWAROOP NAGAR SUBDIVISION,DIVISION-2,ZONE-1,CIRCLE-1,New Connection,L. Awasthi
KS06092610914,1049986788,"DT ka fuse baar baar gir raha hai, substation wale theek nahi karte, 3 baar shikayat kar chuke hain",2026-06-09 10:13,,PENDING,HARRISGANJ,HARRISGANJ SUBDIVISION,DIVISION-1,ZONE-1,CIRCLE-1,Fuse Off Call (FOC),M. Verma
KS06092612483,1035669897,"high tension line mein kharabi hai, JE sahab abhi tak nahi aaye",2026-06-09 10:15,2026-06-10 07:15,CLOSED,TATMILL,TATMILL SUBDIVISION,DIVISION-3,ZONE-2,CIRCLE-2,11KV Line Fault,P. Kumar
KS06092610982,1038462747,"pichle bill mein galat amount charge hua hai, correction chahiye",2026-06-09 10:33,2026-06-17 19:33,CLOSED,VIKAS NAGAR,VIKAS NAGAR SUBDIVISION,DIVISION-5,ZONE-2,CIRCLE-3,Billing Related,V. Mishra
KS06092611684,1057394588,"24 ghante se zyada ho gaye bijli gayi hue, ghar mein pani bhi nahi aa raha pump ke bina",2026-06-09 10:40,,PENDING,HARRISGANJ,HARRISGANJ SUBDIVISION,DIVISION-1,ZONE-1,CIRCLE-1,Supply Related (Miscellaneous),P. Kumar
KS06092611062,1034711321,gर्मी mein overloading ki wajah se baar baar trip ho raha hai transformer,2026-06-09 10:56,2026-06-10 08:56,CLOSED,VIKAS NAGAR,VIKAS NAGAR SUBDIVISION,DIVISION-5,ZONE-2,CIRCLE-3,Overloading,B. Gupta
KS06092611611,1014458726,"do mahine ka combined bill aaya hai, samajh nahi aa raha calculation",2026-06-09 11:15,2026-06-10 20:15,CLOSED,BARRA,BARRA SUBDIVISION,DIVISION-5,ZONE-2,CIRCLE-3,Billing Related,N. Srivastava
KS06092610898,1056762268,"aspatal mein 20 ghante se bijli nahi hai, generator ka diesel bhi khatam hone wala hai",2026-06-09 11:17,2026-06-10 12:17,CLOSED,RAWATPUR,RAWATPUR SUBDIVISION,DIVISION-3,ZONE-2,CIRCLE-2,Supply Related (Miscellaneous),K. Pandey
KS06092611689,1061430704,"11KV line mein fault aa gaya hai, 6 ghante se bijli band hai poore ilake mein",2026-06-09 11:22,2026-06-10 15:22,CLOSED,BARRA,BARRA SUBDIVISION,DIVISION-5,ZONE-2,CIRCLE-3,11KV Line Fault,R. Kashyap
KS06092612469,1082523525,line fault ke karan pura substation area mein supply thap ho gayi hai,2026-06-09 11:26,2026-06-10 12:26,CLOSED,SWAROOP NAGAR,SWAROOP NAGAR SUBDIVISION,DIVISION-2,ZONE-1,CIRCLE-1,11KV Line Fault,K. Pandey
KS06092611242,1075343807,line fault ke karan pura substation area mein supply thap ho gayi hai,2026-06-09 11:30,2026-06-10 00:30,CLOSED,TATMILL,TATMILL SUBDIVISION,DIVISION-3,ZONE-2,CIRCLE-2,11KV Line Fault,R. Kashyap
KS06092611170,1051734775,"high tension line mein kharabi hai, JE sahab abhi tak nahi aaye",2026-06-09 11:33,2026-06-09 23:33,CLOSED,VIKAS NAGAR,VIKAS NAGAR SUBDIVISION,DIVISION-5,ZONE-2,CIRCLE-3,11KV Line Fault,V. Mishra
KS06092611599,1085002832,"DT se lagatar humming noise aa rahi hai, sabko lagta hai kabhi bhi phat sakta hai",2026-06-09 11:42,2026-06-10 10:42,CLOSED,KAKADEO,KAKADEO SUBDIVISION,DIVISION-4,ZONE-2,CIRCLE-2,Overloading,M. Verma
KS06092612480,1080331924,"voltage bahut kam hai, sirf 180 volt aa raha hai, AC aur fridge kharab ho gaye",2026-06-09 11:46,2026-06-10 01:46,CLOSED,VIKAS NAGAR,VIKAS NAGAR SUBDIVISION,DIVISION-5,ZONE-2,CIRCLE-3,Voltage Fluctuation,D. Yadav
KS06092611409,1054484414,"bill time par nahi mila is baar, late fee lag gayi hai bina wajah",2026-06-09 11:46,2026-06-15 09:46,CLOSED,COLONELGANJ,COLONELGANJ SUBDIVISION,DIVISION-1,ZONE-1,CIRCLE-1,Billing Related,P. Kumar
KS06092610708,1046329471,"voltage up-down ho raha hai lagatar, appliances damage ho rahe hain",2026-06-09 12:02,2026-06-10 15:02,CLOSED,COLONELGANJ,COLONELGANJ SUBDIVISION,DIVISION-1,ZONE-1,CIRCLE-1,Voltage Fluctuation,L. Awasthi
KS06092611866,1038462747,"line ka fuse udh gaya tez hawa mein, dobara nahi laga abhi tak",2026-06-09 12:38,2026-06-11 11:38,CLOSED,BARRA,BARRA SUBDIVISION,DIVISION-5,ZONE-2,CIRCLE-3,Fuse Off Call (FOC),K. Pandey
KS06092611910,1055876118,"transformer mein aag lag gayi aur dhuaan nikal raha hai, poori colony andhere mein hai",2026-06-09 12:39,2026-06-09 16:39,CLOSED,DADA NAGAR,DADA NAGAR SUBDIVISION,DIVISION-5,ZONE-2,CIRCLE-3,DT Damaged/DT Fuse Burnt/Fire on DT,L. Awasthi
KS06092612113,1012253618,naya meter lagne ke baad se reading galat aa rahi hai har mahine,2026-06-09 12:43,2026-06-11 06:43,CLOSED,SWAROOP NAGAR,SWAROOP NAGAR SUBDIVISION,DIVISION-2,ZONE-1,CIRCLE-1,Meter Related,A. Hussain
KS06092612164,1099599975,"naye ghar ke liye connection application diye hue ek mahina ho gaya hai, abhi tak survey nahi hua",2026-06-09 13:01,2026-06-17 20:01,CLOSED,VIKAS NAGAR,VIKAS NAGAR SUBDIVISION,DIVISION-5,ZONE-2,CIRCLE-3,New Connection,A. Hussain
KS06092611112,1020750359,naya meter lagne ke baad se reading galat aa rahi hai har mahine,2026-06-09 13:23,2026-06-10 23:23,CLOSED,PANKI,PANKI SUBDIVISION,DIVISION-5,ZONE-2,CIRCLE-3,Meter Related,D. Yadav
KS06092610504,1041610063,low voltage ki wajah se motor start nahi ho pa rahi hai,2026-06-09 13:25,2026-06-10 16:25,CLOSED,YASHODA NAGAR,YASHODA NAGAR SUBDIVISION,DIVISION-4,ZONE-2,CIRCLE-2,Voltage Fluctuation,P. Kumar
KS06092610850,1042866622,"24 ghante se zyada ho gaye bijli gayi hue, ghar mein pani bhi nahi aa raha pump ke bina",2026-06-09 13:29,2026-06-09 18:29,CLOSED,DADA NAGAR,DADA NAGAR SUBDIVISION,DIVISION-5,ZONE-2,CIRCLE-3,Supply Related (Miscellaneous),P. Kumar
KS06092611532,1032459335,low voltage ki wajah se motor start nahi ho pa rahi hai,2026-06-09 13:47,2026-06-10 02:47,CLOSED,KAKADEO,KAKADEO SUBDIVISION,DIVISION-4,ZONE-2,CIRCLE-2,Voltage Fluctuation,N. Srivastava
KS06092612010,1049082068,"transformer se dhuaan aur jalne ki smell aa rahi hai, turant madad chahiye",2026-06-09 13:52,2026-06-09 17:52,CLOSED,GOVIND NAGAR,GOVIND NAGAR SUBDIVISION,DIVISION-4,ZONE-2,CIRCLE-2,DT Damaged/DT Fuse Burnt/Fire on DT,B. Gupta
KS06092612035,1061267499,"pichle bill mein galat amount charge hua hai, correction chahiye",2026-06-09 14:05,2026-06-19 12:05,CLOSED,ARYA NAGAR,ARYA NAGAR SUBDIVISION,DIVISION-2,ZONE-1,CIRCLE-1,Billing Related,B. Gupta
KS06092611830,1030695321,low voltage ki wajah se motor start nahi ho pa rahi hai,2026-06-09 14:24,2026-06-11 00:24,CLOSED,HARRISGANJ,HARRISGANJ SUBDIVISION,DIVISION-1,ZONE-1,CIRCLE-1,Voltage Fluctuation,N. Srivastava
KS06092610746,1015778796,"high tension line mein kharabi hai, JE sahab abhi tak nahi aaye",2026-06-09 14:29,2026-06-10 18:29,CLOSED,RAWATPUR,RAWATPUR SUBDIVISION,DIVISION-3,ZONE-2,CIRCLE-2,11KV Line Fault,B. Gupta
KS06092611528,1017235259,"aspatal mein 20 ghante se bijli nahi hai, generator ka diesel bhi khatam hone wala hai",2026-06-09 14:32,2026-06-10 00:32,CLOSED,JAJMAU,JAJMAU SUBDIVISION,DIVISION-3,ZONE-2,CIRCLE-2,Supply Related (Miscellaneous),J. Singh
KS06092611908,1058441680,"do mahine ka combined bill aaya hai, samajh nahi aa raha calculation",2026-06-09 14:35,2026-06-10 17:35,CLOSED,PANKI,PANKI SUBDIVISION,DIVISION-5,ZONE-2,CIRCLE-3,Billing Related,L. Awasthi
KS06092611203,1031447484,"pichle bill mein galat amount charge hua hai, correction chahiye",2026-06-09 14:39,,PENDING,JAJMAU,JAJMAU SUBDIVISION,DIVISION-3,ZONE-2,CIRCLE-2,Billing Related,R. Kashyap
KS06092610535,1088271585,"poore mohalle mein pichle 18 ghanto se supply band hai, bachche aur budhe pareshan hain",2026-06-09 15:06,2026-06-10 14:06,CLOSED,VIKAS NAGAR,VIKAS NAGAR SUBDIVISION,DIVISION-5,ZONE-2,CIRCLE-3,Supply Related (Miscellaneous),R. Kashyap
KS06092610368,1055286066,"high tension line mein kharabi hai, JE sahab abhi tak nahi aaye",2026-06-09 15:07,2026-06-10 14:07,CLOSED,KIDWAI NAGAR,KIDWAI NAGAR SUBDIVISION,DIVISION-2,ZONE-1,CIRCLE-1,11KV Line Fault,M. Verma
KS06092612059,1034342306,"transformer se dhuaan aur jalne ki smell aa rahi hai, turant madad chahiye",2026-06-09 15:18,2026-06-09 21:18,CLOSED,KIDWAI NAGAR,KIDWAI NAGAR SUBDIVISION,DIVISION-2,ZONE-1,CIRCLE-1,DT Damaged/DT Fuse Burnt/Fire on DT,V. Mishra
KS06092610130,1093057791,"aspatal mein 20 ghante se bijli nahi hai, generator ka diesel bhi khatam hone wala hai",2026-06-09 15:26,2026-06-10 10:26,CLOSED,RAWATPUR,RAWATPUR SUBDIVISION,DIVISION-3,ZONE-2,CIRCLE-2,Supply Related (Miscellaneous),P. Kumar
KS06092610927,1010243654,"load enhancement ke liye request diya tha, koi update nahi mila",2026-06-09 15:31,2026-06-15 01:31,CLOSED,HARRISGANJ,HARRISGANJ SUBDIVISION,DIVISION-1,ZONE-1,CIRCLE-1,New Connection,R. Kashyap
KS06092612194,1065590250,"digital meter display kaam nahi kar raha, kuch bhi nahi dikh raha screen par",2026-06-09 15:32,2026-06-09 23:32,CLOSED,TATMILL,TATMILL SUBDIVISION,DIVISION-3,ZONE-2,CIRCLE-2,Meter Related,B. Gupta
KS06092610830,1032484347,naya meter lagne ke baad se reading galat aa rahi hai har mahine,2026-06-09 16:17,2026-06-12 10:17,CLOSED,ARYA NAGAR,ARYA NAGAR SUBDIVISION,DIVISION-2,ZONE-1,CIRCLE-1,Meter Related,M. Verma
KS06092612157,1020750359,"DT se lagatar humming noise aa rahi hai, sabko lagta hai kabhi bhi phat sakta hai",2026-06-09 16:20,2026-06-10 21:20,CLOSED,KAKADEO,KAKADEO SUBDIVISION,DIVISION-4,ZONE-2,CIRCLE-2,Overloading,V. Mishra
KS06092611557,1014799257,"voltage bahut kam hai, sirf 180 volt aa raha hai, AC aur fridge kharab ho gaye",2026-06-09 16:39,2026-06-12 02:39,CLOSED,VIKAS NAGAR,VIKAS NAGAR SUBDIVISION,DIVISION-5,ZONE-2,CIRCLE-3,Voltage Fluctuation,P. Kumar
KS06092610122,1011483398,"pole gir gaya hai bijli ki taar ke saath, bahut khatarnak sthiti hai",2026-06-09 16:40,2026-06-09 21:40,CLOSED,VIKAS NAGAR,VIKAS NAGAR SUBDIVISION,DIVISION-5,ZONE-2,CIRCLE-3,Wire Snapping/Pole Fault,P. Kumar
KS06092611407,1066067949,"khuli taar se sparking ho rahi hai road ke pass, karnt lagne ka khatra hai",2026-06-09 16:40,2026-06-09 17:40,CLOSED,BARRA,BARRA SUBDIVISION,DIVISION-5,ZONE-2,CIRCLE-3,Wire Snapping/Pole Fault,L. Awasthi
KS06092611098,1035813976,temporary connection ki application pending hai construction site ke liye,2026-06-09 16:45,2026-06-14 19:45,CLOSED,DADA NAGAR,DADA NAGAR SUBDIVISION,DIVISION-5,ZONE-2,CIRCLE-3,New Connection,V. Mishra
KS06092611422,1052807040,"voltage up-down ho raha hai lagatar, appliances damage ho rahe hain",2026-06-09 16:53,2026-06-11 21:53,CLOSED,SWAROOP NAGAR,SWAROOP NAGAR SUBDIVISION,DIVISION-2,ZONE-1,CIRCLE-1,Voltage Fluctuation,R. Kashyap
KS06092612482,1043955365,"11KV ki taar sadak par gir gayi hai, log ke pass se guzar rahe hain, koi accident na ho jaye",2026-06-09 17:12,2026-06-09 20:12,CLOSED,KIDWAI NAGAR,KIDWAI NAGAR SUBDIVISION,DIVISION-2,ZONE-1,CIRCLE-1,Wire Snapping/Pole Fault,D. Yadav
KS06092611291,1056491704,"digital meter display kaam nahi kar raha, kuch bhi nahi dikh raha screen par",2026-06-09 17:27,2026-06-11 20:27,CLOSED,SWAROOP NAGAR,SWAROOP NAGAR SUBDIVISION,DIVISION-2,ZONE-1,CIRCLE-1,Meter Related,S. Tiwari
KS06092611987,1077590786,naya meter lagne ke baad se reading galat aa rahi hai har mahine,2026-06-09 17:32,,PENDING,RING ROAD,RING ROAD SUBDIVISION,DIVISION-1,ZONE-1,CIRCLE-1,Meter Related,L. Awasthi
KS06092610091,1094559034,naya meter lagne ke baad se reading galat aa rahi hai har mahine,2026-06-09 17:37,2026-06-11 11:37,CLOSED,ARYA NAGAR,ARYA NAGAR SUBDIVISION,DIVISION-2,ZONE-1,CIRCLE-1,Meter Related,V. Mishra
KS06092612218,1039320244,"fuse off ho gaya hai kal raat se, poori gali mein andhera hai",2026-06-09 17:53,2026-06-11 07:53,CLOSED,BARRA,BARRA SUBDIVISION,DIVISION-5,ZONE-2,CIRCLE-3,Fuse Off Call (FOC),R. Kashyap
KS06092611107,1033614962,line fault ke karan pura substation area mein supply thap ho gayi hai,2026-06-09 18:25,,PENDING,PANKI,PANKI SUBDIVISION,DIVISION-5,ZONE-2,CIRCLE-3,11KV Line Fault,A. Hussain
KS06092611848,1068750849,"voltage bahut kam hai, sirf 180 volt aa raha hai, AC aur fridge kharab ho gaye",2026-06-09 18:38,2026-06-11 23:38,CLOSED,RAWATPUR,RAWATPUR SUBDIVISION,DIVISION-3,ZONE-2,CIRCLE-2,Voltage Fluctuation,V. Mishra
KS06092611646,1093098129,"DT se lagatar humming noise aa rahi hai, sabko lagta hai kabhi bhi phat sakta hai",2026-06-09 18:52,2026-06-10 22:52,CLOSED,VIKAS NAGAR,VIKAS NAGAR SUBDIVISION,DIVISION-5,ZONE-2,CIRCLE-3,Overloading,L. Awasthi
KS06092610008,1029847887,"aspatal mein 20 ghante se bijli nahi hai, generator ka diesel bhi khatam hone wala hai",2026-06-09 18:54,2026-06-10 16:54,CLOSED,HARRISGANJ,HARRISGANJ SUBDIVISION,DIVISION-1,ZONE-1,CIRCLE-1,Supply Related (Miscellaneous),S. Tiwari
KS06092610444,1082731605,"transformer bahut garam ho raha hai aur buzzing sound aa rahi hai, overload lag raha hai",2026-06-09 19:04,2026-06-10 21:04,CLOSED,GOVIND NAGAR,GOVIND NAGAR SUBDIVISION,DIVISION-4,ZONE-2,CIRCLE-2,Overloading,N. Srivastava
KS06092611487,1039687382,"voltage up-down ho raha hai lagatar, appliances damage ho rahe hain",2026-06-09 19:16,2026-06-11 12:16,CLOSED,RING ROAD,RING ROAD SUBDIVISION,DIVISION-1,ZONE-1,CIRCLE-1,Voltage Fluctuation,V. Mishra
KS06092611367,1073189032,"poore mohalle mein pichle 18 ghanto se supply band hai, bachche aur budhe pareshan hain",2026-06-09 19:21,,PENDING,KAKADEO,KAKADEO SUBDIVISION,DIVISION-4,ZONE-2,CIRCLE-2,Supply Related (Miscellaneous),V. Mishra
KS06092610992,1077205853,"do mahine ka combined bill aaya hai, samajh nahi aa raha calculation",2026-06-09 19:29,2026-06-13 14:29,CLOSED,VIKAS NAGAR,VIKAS NAGAR SUBDIVISION,DIVISION-5,ZONE-2,CIRCLE-3,Billing Related,P. Kumar
KS06092610572,1079560557,"voltage bahut kam hai, sirf 180 volt aa raha hai, AC aur fridge kharab ho gaye",2026-06-09 19:40,2026-06-12 15:40,CLOSED,ARYA NAGAR,ARYA NAGAR SUBDIVISION,DIVISION-2,ZONE-1,CIRCLE-1,Voltage Fluctuation,K. Pandey
KS06092611043,1040092330,"digital meter display kaam nahi kar raha, kuch bhi nahi dikh raha screen par",2026-06-09 19:52,2026-06-10 01:52,CLOSED,GOVIND NAGAR,GOVIND NAGAR SUBDIVISION,DIVISION-4,ZONE-2,CIRCLE-2,Meter Related,V. Mishra
KS06092612044,1064664591,"line ka fuse udh gaya tez hawa mein, dobara nahi laga abhi tak",2026-06-09 19:55,2026-06-12 08:55,CLOSED,ARYA NAGAR,ARYA NAGAR SUBDIVISION,DIVISION-2,ZONE-1,CIRCLE-1,Fuse Off Call (FOC),L. Awasthi
KS06092611949,1067592995,"fuse off ho gaya hai kal raat se, poori gali mein andhera hai",2026-06-09 20:18,,PENDING,KAKADEO,KAKADEO SUBDIVISION,DIVISION-4,ZONE-2,CIRCLE-2,Fuse Off Call (FOC),R. Kashyap
KS06092611108,1070082403,"fuse off ho gaya hai kal raat se, poori gali mein andhera hai",2026-06-09 20:36,2026-06-10 22:36,CLOSED,RAWATPUR,RAWATPUR SUBDIVISION,DIVISION-3,ZONE-2,CIRCLE-2,Fuse Off Call (FOC),M. Verma
KS06092611097,1060698461,"bill time par nahi mila is baar, late fee lag gayi hai bina wajah",2026-06-09 20:54,2026-06-18 03:54,CLOSED,KAKADEO,KAKADEO SUBDIVISION,DIVISION-4,ZONE-2,CIRCLE-2,Billing Related,R. Kashyap
KS06092610900,1017959489,"voltage bahut kam hai, sirf 180 volt aa raha hai, AC aur fridge kharab ho gaye",2026-06-09 21:02,2026-06-11 23:02,CLOSED,RAWATPUR,RAWATPUR SUBDIVISION,DIVISION-3,ZONE-2,CIRCLE-2,Voltage Fluctuation,B. Gupta
KS06092611930,1085842350,"digital meter display kaam nahi kar raha, kuch bhi nahi dikh raha screen par",2026-06-09 21:20,2026-06-10 10:20,CLOSED,GOVIND NAGAR,GOVIND NAGAR SUBDIVISION,DIVISION-4,ZONE-2,CIRCLE-2,Meter Related,S. Tiwari
KS06092611760,1064205165,line fault ke karan pura substation area mein supply thap ho gayi hai,2026-06-09 21:25,2026-06-10 08:25,CLOSED,PANKI,PANKI SUBDIVISION,DIVISION-5,ZONE-2,CIRCLE-3,11KV Line Fault,B. Gupta
KS06092612080,1059375264,"high tension line mein kharabi hai, JE sahab abhi tak nahi aaye",2026-06-09 21:58,2026-06-10 19:58,CLOSED,TATMILL,TATMILL SUBDIVISION,DIVISION-3,ZONE-2,CIRCLE-2,11KV Line Fault,P. Kumar
KS06092610958,1071471345,"voltage bahut kam hai, sirf 180 volt aa raha hai, AC aur fridge kharab ho gaye",2026-06-09 22:08,2026-06-12 17:08,CLOSED,GOVIND NAGAR,GOVIND NAGAR SUBDIVISION,DIVISION-4,ZONE-2,CIRCLE-2,Voltage Fluctuation,J. Singh
KS06092610756,1078247221,"11KV line mein fault aa gaya hai, 6 ghante se bijli band hai poore ilake mein",2026-06-09 22:10,2026-06-10 08:10,CLOSED,GOVIND NAGAR,GOVIND NAGAR SUBDIVISION,DIVISION-4,ZONE-2,CIRCLE-2,11KV Line Fault,V. Mishra
KS06092610010,1054762507,"high tension line mein kharabi hai, JE sahab abhi tak nahi aaye",2026-06-09 23:59,2026-06-10 18:59,CLOSED,RING ROAD,RING ROAD SUBDIVISION,DIVISION-1,ZONE-1,CIRCLE-1,11KV Line Fault,P. Kumar
KS06102610142,1067808566,"line ka fuse udh gaya tez hawa mein, dobara nahi laga abhi tak",2026-06-10 02:43,2026-06-12 03:43,CLOSED,RING ROAD,RING ROAD SUBDIVISION,DIVISION-1,ZONE-1,CIRCLE-1,Fuse Off Call (FOC),S. Tiwari
KS06102610723,1026120970,"fuse off ho gaya hai kal raat se, poori gali mein andhera hai",2026-06-10 06:05,2026-06-11 00:05,CLOSED,BARRA,BARRA SUBDIVISION,DIVISION-5,ZONE-2,CIRCLE-3,Fuse Off Call (FOC),V. Mishra
KS06102611682,1033614962,"do mahine ka combined bill aaya hai, samajh nahi aa raha calculation",2026-06-10 06:24,,PENDING,GOVIND NAGAR,GOVIND NAGAR SUBDIVISION,DIVISION-4,ZONE-2,CIRCLE-2,Billing Related,J. Singh
KS06102610486,1088776502,low voltage ki wajah se motor start nahi ho pa rahi hai,2026-06-10 06:45,2026-06-12 20:45,CLOSED,TATMILL,TATMILL SUBDIVISION,DIVISION-3,ZONE-2,CIRCLE-2,Voltage Fluctuation,J. Singh
KS06102610527,1058253795,"fuse off ho gaya hai kal raat se, poori gali mein andhera hai",2026-06-10 06:46,,PENDING,VIKAS NAGAR,VIKAS NAGAR SUBDIVISION,DIVISION-5,ZONE-2,CIRCLE-3,Fuse Off Call (FOC),J. Singh
KS06102610969,1030550260,"poore mohalle mein pichle 18 ghanto se supply band hai, bachche aur budhe pareshan hain",2026-06-10 07:08,2026-06-10 11:08,CLOSED,PANKI,PANKI SUBDIVISION,DIVISION-5,ZONE-2,CIRCLE-3,Supply Related (Miscellaneous),A. Hussain
KS06102612127,1066354335,"11KV line mein fault aa gaya hai, 6 ghante se bijli band hai poore ilake mein",2026-06-10 07:33,2026-06-11 05:33,CLOSED,BARRA,BARRA SUBDIVISION,DIVISION-5,ZONE-2,CIRCLE-3,11KV Line Fault,D. Yadav
KS06102612214,1013260009,"DT ka fuse baar baar gir raha hai, substation wale theek nahi karte, 3 baar shikayat kar chuke hain",2026-06-10 07:52,,PENDING,ARYA NAGAR,ARYA NAGAR SUBDIVISION,DIVISION-2,ZONE-1,CIRCLE-1,Fuse Off Call (FOC),J. Singh
KS06102610826,1014196263,meter ki reading bahut zyada aa rahi hai jabki consumption kam hua hai is mahine,2026-06-10 08:36,2026-06-11 13:36,CLOSED,KAKADEO,KAKADEO SUBDIVISION,DIVISION-4,ZONE-2,CIRCLE-2,Meter Related,N. Srivastava
KS06102610984,1032984376,"24 ghante se zyada ho gaye bijli gayi hue, ghar mein pani bhi nahi aa raha pump ke bina",2026-06-10 08:38,2026-06-11 12:38,CLOSED,KAKADEO,KAKADEO SUBDIVISION,DIVISION-4,ZONE-2,CIRCLE-2,Supply Related (Miscellaneous),B. Gupta
KS06102611406,1090148438,"line ka fuse udh gaya tez hawa mein, dobara nahi laga abhi tak",2026-06-10 08:48,2026-06-12 06:48,CLOSED,GOVIND NAGAR,GOVIND NAGAR SUBDIVISION,DIVISION-4,ZONE-2,CIRCLE-2,Fuse Off Call (FOC),D. Yadav
KS06102610936,1032331851,"line ka fuse udh gaya tez hawa mein, dobara nahi laga abhi tak",2026-06-10 08:55,,PENDING,SWAROOP NAGAR,SWAROOP NAGAR SUBDIVISION,DIVISION-2,ZONE-1,CIRCLE-1,Fuse Off Call (FOC),N. Srivastava
KS06102610820,1062704337,"transformer se dhuaan aur jalne ki smell aa rahi hai, turant madad chahiye",2026-06-10 09:19,2026-06-10 12:19,CLOSED,BARRA,BARRA SUBDIVISION,DIVISION-5,ZONE-2,CIRCLE-3,DT Damaged/DT Fuse Burnt/Fire on DT,P. Kumar
KS06102611250,1057917378,"khuli taar se sparking ho rahi hai road ke pass, karnt lagne ka khatra hai",2026-06-10 09:21,2026-06-10 14:21,CLOSED,ARYA NAGAR,ARYA NAGAR SUBDIVISION,DIVISION-2,ZONE-1,CIRCLE-1,Wire Snapping/Pole Fault,N. Srivastava
KS06102611991,1085364512,meter ki reading bahut zyada aa rahi hai jabki consumption kam hua hai is mahine,2026-06-10 09:41,2026-06-12 05:41,CLOSED,BARRA,BARRA SUBDIVISION,DIVISION-5,ZONE-2,CIRCLE-3,Meter Related,R. Kashyap
KS06102612220,1033614962,"11KV line mein fault aa gaya hai, 6 ghante se bijli band hai poore ilake mein",2026-06-10 09:46,2026-06-10 17:46,CLOSED,KAKADEO,KAKADEO SUBDIVISION,DIVISION-4,ZONE-2,CIRCLE-2,11KV Line Fault,P. Kumar
KS06102610250,1089854904,"digital meter display kaam nahi kar raha, kuch bhi nahi dikh raha screen par",2026-06-10 09:52,2026-06-13 05:52,CLOSED,ARYA NAGAR,ARYA NAGAR SUBDIVISION,DIVISION-2,ZONE-1,CIRCLE-1,Meter Related,L. Awasthi
KS06102610552,1033614962,"poore mohalle mein pichle 18 ghanto se supply band hai, bachche aur budhe pareshan hain",2026-06-10 10:02,2026-06-11 10:02,CLOSED,SWAROOP NAGAR,SWAROOP NAGAR SUBDIVISION,DIVISION-2,ZONE-1,CIRCLE-1,Supply Related (Miscellaneous),N. Srivastava
KS06102611594,1088776502,"pichle bill mein galat amount charge hua hai, correction chahiye",2026-06-10 10:07,,PENDING,COLONELGANJ,COLONELGANJ SUBDIVISION,DIVISION-1,ZONE-1,CIRCLE-1,Billing Related,S. Tiwari
KS06102612425,1024927942,"do mahine ka combined bill aaya hai, samajh nahi aa raha calculation",2026-06-10 10:38,2026-06-16 22:38,CLOSED,PANKI,PANKI SUBDIVISION,DIVISION-5,ZONE-2,CIRCLE-3,Billing Related,A. Hussain
KS06102610713,1095263987,temporary connection ki application pending hai construction site ke liye,2026-06-10 10:47,,PENDING,DADA NAGAR,DADA NAGAR SUBDIVISION,DIVISION-5,ZONE-2,CIRCLE-3,New Connection,B. Gupta
KS06102610971,1071434277,"DT mein blast ho gaya, chingari nikal rahi hai, log dar ke maare ghar se bahar hain",2026-06-10 11:05,2026-06-10 18:05,CLOSED,KIDWAI NAGAR,KIDWAI NAGAR SUBDIVISION,DIVISION-2,ZONE-1,CIRCLE-1,DT Damaged/DT Fuse Burnt/Fire on DT,N. Srivastava
KS06102611717,1044121255,naya meter lagne ke baad se reading galat aa rahi hai har mahine,2026-06-10 11:11,2026-06-13 00:11,CLOSED,TATMILL,TATMILL SUBDIVISION,DIVISION-3,ZONE-2,CIRCLE-2,Meter Related,K. Pandey
KS06102611026,1082731605,"fuse off ho gaya hai kal raat se, poori gali mein andhera hai",2026-06-10 11:23,2026-06-11 08:23,CLOSED,BARRA,BARRA SUBDIVISION,DIVISION-5,ZONE-2,CIRCLE-3,Fuse Off Call (FOC),V. Mishra
KS06102610153,1092209028,"voltage bahut kam hai, sirf 180 volt aa raha hai, AC aur fridge kharab ho gaye",2026-06-10 11:41,2026-06-11 19:41,CLOSED,YASHODA NAGAR,YASHODA NAGAR SUBDIVISION,DIVISION-4,ZONE-2,CIRCLE-2,Voltage Fluctuation,L. Awasthi
KS06102611774,1094825414,"digital meter display kaam nahi kar raha, kuch bhi nahi dikh raha screen par",2026-06-10 11:52,2026-06-10 23:52,CLOSED,SWAROOP NAGAR,SWAROOP NAGAR SUBDIVISION,DIVISION-2,ZONE-1,CIRCLE-1,Meter Related,B. Gupta
KS06102611671,1068949632,meter ki reading bahut zyada aa rahi hai jabki consumption kam hua hai is mahine,2026-06-10 12:04,2026-06-12 11:04,CLOSED,RAWATPUR,RAWATPUR SUBDIVISION,DIVISION-3,ZONE-2,CIRCLE-2,Meter Related,A. Hussain
KS06102612229,1038462747,"digital meter display kaam nahi kar raha, kuch bhi nahi dikh raha screen par",2026-06-10 12:16,,PENDING,RING ROAD,RING ROAD SUBDIVISION,DIVISION-1,ZONE-1,CIRCLE-1,Meter Related,V. Mishra
KS06102612050,1018995666,"line ka fuse udh gaya tez hawa mein, dobara nahi laga abhi tak",2026-06-10 12:23,2026-06-13 01:23,CLOSED,COLONELGANJ,COLONELGANJ SUBDIVISION,DIVISION-1,ZONE-1,CIRCLE-1,Fuse Off Call (FOC),N. Srivastava
KS06102610645,1023426576,"load enhancement ke liye request diya tha, koi update nahi mila",2026-06-10 12:30,2026-06-19 02:30,CLOSED,JAJMAU,JAJMAU SUBDIVISION,DIVISION-3,ZONE-2,CIRCLE-2,New Connection,M. Verma
KS06102612302,1010000078,"voltage up-down ho raha hai lagatar, appliances damage ho rahe hain",2026-06-10 12:50,2026-06-13 02:50,CLOSED,VIKAS NAGAR,VIKAS NAGAR SUBDIVISION,DIVISION-5,ZONE-2,CIRCLE-3,Voltage Fluctuation,D. Yadav
KS06102611207,1052493000,"voltage bahut kam hai, sirf 180 volt aa raha hai, AC aur fridge kharab ho gaye",2026-06-10 12:54,2026-06-10 20:54,CLOSED,ARYA NAGAR,ARYA NAGAR SUBDIVISION,DIVISION-2,ZONE-1,CIRCLE-1,Voltage Fluctuation,M. Verma
KS06102610365,1058525145,"voltage up-down ho raha hai lagatar, appliances damage ho rahe hain",2026-06-10 13:00,2026-06-13 01:00,CLOSED,VIKAS NAGAR,VIKAS NAGAR SUBDIVISION,DIVISION-5,ZONE-2,CIRCLE-3,Voltage Fluctuation,D. Yadav
KS06102610710,1038769900,"fuse off ho gaya hai kal raat se, poori gali mein andhera hai",2026-06-10 13:13,2026-06-11 07:13,CLOSED,RAWATPUR,RAWATPUR SUBDIVISION,DIVISION-3,ZONE-2,CIRCLE-2,Fuse Off Call (FOC),A. Hussain
KS06102610396,1077590786,"do mahine ka combined bill aaya hai, samajh nahi aa raha calculation",2026-06-10 13:27,,PENDING,BARRA,BARRA SUBDIVISION,DIVISION-5,ZONE-2,CIRCLE-3,Billing Related,A. Hussain
KS06102611386,1033614962,"bill time par nahi mila is baar, late fee lag gayi hai bina wajah",2026-06-10 13:38,2026-06-15 07:38,CLOSED,BARRA,BARRA SUBDIVISION,DIVISION-5,ZONE-2,CIRCLE-3,Billing Related,K. Pandey
KS06102610004,1082100238,"khuli taar se sparking ho rahi hai road ke pass, karnt lagne ka khatra hai",2026-06-10 13:46,2026-06-10 14:46,CLOSED,GOVIND NAGAR,GOVIND NAGAR SUBDIVISION,DIVISION-4,ZONE-2,CIRCLE-2,Wire Snapping/Pole Fault,V. Mishra
KS06102611452,1097293868,temporary connection ki application pending hai construction site ke liye,2026-06-10 14:07,,PENDING,YASHODA NAGAR,YASHODA NAGAR SUBDIVISION,DIVISION-4,ZONE-2,CIRCLE-2,New Connection,R. Kashyap
KS06102612175,1099534953,"voltage up-down ho raha hai lagatar, appliances damage ho rahe hain",2026-06-10 14:11,2026-06-13 04:11,CLOSED,VIKAS NAGAR,VIKAS NAGAR SUBDIVISION,DIVISION-5,ZONE-2,CIRCLE-3,Voltage Fluctuation,P. Kumar
KS06102610630,1013260009,"line ka fuse udh gaya tez hawa mein, dobara nahi laga abhi tak",2026-06-10 14:36,2026-06-11 12:36,CLOSED,ARYA NAGAR,ARYA NAGAR SUBDIVISION,DIVISION-2,ZONE-1,CIRCLE-1,Fuse Off Call (FOC),L. Awasthi
KS06102611469,1089248280,"24 ghante se zyada ho gaye bijli gayi hue, ghar mein pani bhi nahi aa raha pump ke bina",2026-06-10 14:38,,PENDING,RAWATPUR,RAWATPUR SUBDIVISION,DIVISION-3,ZONE-2,CIRCLE-2,Supply Related (Miscellaneous),A. Hussain
KS06102611642,1032063331,"voltage bahut kam hai, sirf 180 volt aa raha hai, AC aur fridge kharab ho gaye",2026-06-10 14:44,2026-06-11 21:44,CLOSED,RING ROAD,RING ROAD SUBDIVISION,DIVISION-1,ZONE-1,CIRCLE-1,Voltage Fluctuation,V. Mishra
KS06102611663,1023589381,"transformer bahut garam ho raha hai aur buzzing sound aa rahi hai, overload lag raha hai",2026-06-10 14:51,2026-06-11 07:51,CLOSED,GOVIND NAGAR,GOVIND NAGAR SUBDIVISION,DIVISION-4,ZONE-2,CIRCLE-2,Overloading,R. Kashyap
KS06102612154,1036978035,meter ki reading bahut zyada aa rahi hai jabki consumption kam hua hai is mahine,2026-06-10 14:59,,PENDING,BARRA,BARRA SUBDIVISION,DIVISION-5,ZONE-2,CIRCLE-3,Meter Related,M. Verma
KS06102610998,1052825480,"DT ka fuse baar baar gir raha hai, substation wale theek nahi karte, 3 baar shikayat kar chuke hain",2026-06-10 15:02,2026-06-12 10:02,CLOSED,JAJMAU,JAJMAU SUBDIVISION,DIVISION-3,ZONE-2,CIRCLE-2,Fuse Off Call (FOC),V. Mishra
KS06102611375,1014196263,"pole gir gaya hai bijli ki taar ke saath, bahut khatarnak sthiti hai",2026-06-10 15:04,2026-06-10 22:04,CLOSED,KAKADEO,KAKADEO SUBDIVISION,DIVISION-4,ZONE-2,CIRCLE-2,Wire Snapping/Pole Fault,K. Pandey
KS06102611883,1087663372,"do mahine ka combined bill aaya hai, samajh nahi aa raha calculation",2026-06-10 15:11,,PENDING,RAWATPUR,RAWATPUR SUBDIVISION,DIVISION-3,ZONE-2,CIRCLE-2,Billing Related,D. Yadav
KS06102611171,1010089099,"do mahine ka combined bill aaya hai, samajh nahi aa raha calculation",2026-06-10 15:13,2026-06-18 15:13,CLOSED,KAKADEO,KAKADEO SUBDIVISION,DIVISION-4,ZONE-2,CIRCLE-2,Billing Related,L. Awasthi
KS06102610106,1083338834,low voltage ki wajah se motor start nahi ho pa rahi hai,2026-06-10 15:43,,PENDING,VIKAS NAGAR,VIKAS NAGAR SUBDIVISION,DIVISION-5,ZONE-2,CIRCLE-3,Voltage Fluctuation,K. Pandey
KS06102610709,1014799257,"voltage up-down ho raha hai lagatar, appliances damage ho rahe hain",2026-06-10 15:44,2026-06-13 03:44,CLOSED,GOVIND NAGAR,GOVIND NAGAR SUBDIVISION,DIVISION-4,ZONE-2,CIRCLE-2,Voltage Fluctuation,M. Verma
KS06102610358,1011115749,"voltage up-down ho raha hai lagatar, appliances damage ho rahe hain",2026-06-10 15:45,2026-06-11 12:45,CLOSED,DADA NAGAR,DADA NAGAR SUBDIVISION,DIVISION-5,ZONE-2,CIRCLE-3,Voltage Fluctuation,P. Kumar
KS06102610123,1051634004,"voltage bahut kam hai, sirf 180 volt aa raha hai, AC aur fridge kharab ho gaye",2026-06-10 16:00,2026-06-11 14:00,CLOSED,YASHODA NAGAR,YASHODA NAGAR SUBDIVISION,DIVISION-4,ZONE-2,CIRCLE-2,Voltage Fluctuation,M. Verma
KS06102611339,1025713056,"11KV line mein fault aa gaya hai, 6 ghante se bijli band hai poore ilake mein",2026-06-10 16:04,2026-06-10 22:04,CLOSED,VIKAS NAGAR,VIKAS NAGAR SUBDIVISION,DIVISION-5,ZONE-2,CIRCLE-3,11KV Line Fault,K. Pandey
KS06102611252,1059512209,"24 ghante se zyada ho gaye bijli gayi hue, ghar mein pani bhi nahi aa raha pump ke bina",2026-06-10 16:09,2026-06-10 21:09,CLOSED,COLONELGANJ,COLONELGANJ SUBDIVISION,DIVISION-1,ZONE-1,CIRCLE-1,Supply Related (Miscellaneous),L. Awasthi
KS06102611837,1038542392,"voltage up-down ho raha hai lagatar, appliances damage ho rahe hain",2026-06-10 16:35,2026-06-12 01:35,CLOSED,BARRA,BARRA SUBDIVISION,DIVISION-5,ZONE-2,CIRCLE-3,Voltage Fluctuation,N. Srivastava
KS06102610531,1086060854,"do mahine ka combined bill aaya hai, samajh nahi aa raha calculation",2026-06-10 16:56,2026-06-12 03:56,CLOSED,SWAROOP NAGAR,SWAROOP NAGAR SUBDIVISION,DIVISION-2,ZONE-1,CIRCLE-1,Billing Related,V. Mishra
KS06102610364,1070592564,meter ki reading bahut zyada aa rahi hai jabki consumption kam hua hai is mahine,2026-06-10 17:07,,PENDING,RING ROAD,RING ROAD SUBDIVISION,DIVISION-1,ZONE-1,CIRCLE-1,Meter Related,J. Singh
KS06102611970,1040068447,line fault ke karan pura substation area mein supply thap ho gayi hai,2026-06-10 17:14,2026-06-10 22:14,CLOSED,PANKI,PANKI SUBDIVISION,DIVISION-5,ZONE-2,CIRCLE-3,11KV Line Fault,R. Kashyap
KS06102610560,1077590786,"pole gir gaya hai bijli ki taar ke saath, bahut khatarnak sthiti hai",2026-06-10 17:30,2026-06-10 20:30,CLOSED,COLONELGANJ,COLONELGANJ SUBDIVISION,DIVISION-1,ZONE-1,CIRCLE-1,Wire Snapping/Pole Fault,A. Hussain
KS06102610201,1070014995,"DT ka fuse baar baar gir raha hai, substation wale theek nahi karte, 3 baar shikayat kar chuke hain",2026-06-10 17:31,,PENDING,RING ROAD,RING ROAD SUBDIVISION,DIVISION-1,ZONE-1,CIRCLE-1,Fuse Off Call (FOC),K. Pandey
KS06102611276,1051651903,"24 ghante se zyada ho gaye bijli gayi hue, ghar mein pani bhi nahi aa raha pump ke bina",2026-06-10 17:32,2026-06-11 04:32,CLOSED,COLONELGANJ,COLONELGANJ SUBDIVISION,DIVISION-1,ZONE-1,CIRCLE-1,Supply Related (Miscellaneous),N. Srivastava
KS06102612287,1095135912,"bill time par nahi mila is baar, late fee lag gayi hai bina wajah",2026-06-10 17:42,,PENDING,RAWATPUR,RAWATPUR SUBDIVISION,DIVISION-3,ZONE-2,CIRCLE-2,Billing Related,B. Gupta
KS06102612021,1021238496,"11KV ki taar sadak par gir gayi hai, log ke pass se guzar rahe hain, koi accident na ho jaye",2026-06-10 17:43,2026-06-10 21:43,CLOSED,BARRA,BARRA SUBDIVISION,DIVISION-5,ZONE-2,CIRCLE-3,Wire Snapping/Pole Fault,P. Kumar
KS06102610412,1088816462,"pole gir gaya hai bijli ki taar ke saath, bahut khatarnak sthiti hai",2026-06-10 18:11,2026-06-11 01:11,CLOSED,YASHODA NAGAR,YASHODA NAGAR SUBDIVISION,DIVISION-4,ZONE-2,CIRCLE-2,Wire Snapping/Pole Fault,D. Yadav
KS06102610824,1058913136,"pichle bill mein galat amount charge hua hai, correction chahiye",2026-06-10 18:35,,PENDING,RAWATPUR,RAWATPUR SUBDIVISION,DIVISION-3,ZONE-2,CIRCLE-2,Billing Related,P. Kumar
KS06102611964,1092321680,"pichle bill mein galat amount charge hua hai, correction chahiye",2026-06-10 18:44,2026-06-14 09:44,CLOSED,HARRISGANJ,HARRISGANJ SUBDIVISION,DIVISION-1,ZONE-1,CIRCLE-1,Billing Related,A. Hussain
KS06102611373,1038769900,"do mahine ka combined bill aaya hai, samajh nahi aa raha calculation",2026-06-10 19:03,,PENDING,HARRISGANJ,HARRISGANJ SUBDIVISION,DIVISION-1,ZONE-1,CIRCLE-1,Billing Related,L. Awasthi
KS06102611387,1080448520,"high tension line mein kharabi hai, JE sahab abhi tak nahi aaye",2026-06-10 19:40,2026-06-11 18:40,CLOSED,VIKAS NAGAR,VIKAS NAGAR SUBDIVISION,DIVISION-5,ZONE-2,CIRCLE-3,11KV Line Fault,K. Pandey
KS06102612492,1038542392,"transformer mein aag lag gayi aur dhuaan nikal raha hai, poori colony andhere mein hai",2026-06-10 19:49,2026-06-10 22:49,CLOSED,YASHODA NAGAR,YASHODA NAGAR SUBDIVISION,DIVISION-4,ZONE-2,CIRCLE-2,DT Damaged/DT Fuse Burnt/Fire on DT,V. Mishra
KS06102612160,1073797586,"voltage bahut kam hai, sirf 180 volt aa raha hai, AC aur fridge kharab ho gaye",2026-06-10 19:51,2026-06-11 15:51,CLOSED,TATMILL,TATMILL SUBDIVISION,DIVISION-3,ZONE-2,CIRCLE-2,Voltage Fluctuation,A. Hussain
KS06102611396,1085297666,low voltage ki wajah se motor start nahi ho pa rahi hai,2026-06-10 19:52,2026-06-13 07:52,CLOSED,YASHODA NAGAR,YASHODA NAGAR SUBDIVISION,DIVISION-4,ZONE-2,CIRCLE-2,Voltage Fluctuation,A. Hussain
KS06102612363,1083425741,temporary connection ki application pending hai construction site ke liye,2026-06-10 19:53,2026-06-13 02:53,CLOSED,BARRA,BARRA SUBDIVISION,DIVISION-5,ZONE-2,CIRCLE-3,New Connection,B. Gupta
KS06102611804,1027983750,"digital meter display kaam nahi kar raha, kuch bhi nahi dikh raha screen par",2026-06-10 20:12,2026-06-12 22:12,CLOSED,GOVIND NAGAR,GOVIND NAGAR SUBDIVISION,DIVISION-4,ZONE-2,CIRCLE-2,Meter Related,A. Hussain
KS06102611881,1047778882,"digital meter display kaam nahi kar raha, kuch bhi nahi dikh raha screen par",2026-06-10 20:19,2026-06-11 19:19,CLOSED,YASHODA NAGAR,YASHODA NAGAR SUBDIVISION,DIVISION-4,ZONE-2,CIRCLE-2,Meter Related,N. Srivastava
KS06102612407,1093704835,"transformer bahut garam ho raha hai aur buzzing sound aa rahi hai, overload lag raha hai",2026-06-10 20:30,2026-06-11 18:30,CLOSED,SWAROOP NAGAR,SWAROOP NAGAR SUBDIVISION,DIVISION-2,ZONE-1,CIRCLE-1,Overloading,M. Verma
KS06102610853,1031162952,"naye ghar ke liye connection application diye hue ek mahina ho gaya hai, abhi tak survey nahi hua",2026-06-10 20:48,2026-06-16 22:48,CLOSED,TATMILL,TATMILL SUBDIVISION,DIVISION-3,ZONE-2,CIRCLE-2,New Connection,A. Hussain
KS06102611348,1049082068,"voltage bahut kam hai, sirf 180 volt aa raha hai, AC aur fridge kharab ho gaye",2026-06-10 21:01,,PENDING,JAJMAU,JAJMAU SUBDIVISION,DIVISION-3,ZONE-2,CIRCLE-2,Voltage Fluctuation,P. Kumar
KS06102610860,1025713056,"do mahine ka combined bill aaya hai, samajh nahi aa raha calculation",2026-06-10 22:25,,PENDING,RING ROAD,RING ROAD SUBDIVISION,DIVISION-1,ZONE-1,CIRCLE-1,Billing Related,R. Kashyap
KS06102610778,1067401102,"do mahine ka combined bill aaya hai, samajh nahi aa raha calculation",2026-06-10 22:37,2026-06-18 10:37,CLOSED,HARRISGANJ,HARRISGANJ SUBDIVISION,DIVISION-1,ZONE-1,CIRCLE-1,Billing Related,D. Yadav
KS06102610495,1055647110,"voltage bahut kam hai, sirf 180 volt aa raha hai, AC aur fridge kharab ho gaye",2026-06-10 22:50,2026-06-11 15:50,CLOSED,JAJMAU,JAJMAU SUBDIVISION,DIVISION-3,ZONE-2,CIRCLE-2,Voltage Fluctuation,J. Singh
KS06102611106,1062903973,"24 ghante se zyada ho gaye bijli gayi hue, ghar mein pani bhi nahi aa raha pump ke bina",2026-06-10 23:41,,PENDING,JAJMAU,JAJMAU SUBDIVISION,DIVISION-3,ZONE-2,CIRCLE-2,Supply Related (Miscellaneous),P. Kumar
KS06112610685,1084997377,line fault ke karan pura substation area mein supply thap ho gayi hai,2026-06-11 01:42,2026-06-12 01:42,CLOSED,BARRA,BARRA SUBDIVISION,DIVISION-5,ZONE-2,CIRCLE-3,11KV Line Fault,P. Kumar
KS06112611175,1062169824,"pichle bill mein galat amount charge hua hai, correction chahiye",2026-06-11 02:39,,PENDING,TATMILL,TATMILL SUBDIVISION,DIVISION-3,ZONE-2,CIRCLE-2,Billing Related,B. Gupta
KS06112612238,1010673469,"high tension line mein kharabi hai, JE sahab abhi tak nahi aaye",2026-06-11 03:26,2026-06-12 06:26,CLOSED,SWAROOP NAGAR,SWAROOP NAGAR SUBDIVISION,DIVISION-2,ZONE-1,CIRCLE-1,11KV Line Fault,N. Srivastava
KS06112610663,1036935721,"11KV ki taar sadak par gir gayi hai, log ke pass se guzar rahe hain, koi accident na ho jaye",2026-06-11 05:43,2026-06-11 09:43,CLOSED,RING ROAD,RING ROAD SUBDIVISION,DIVISION-1,ZONE-1,CIRCLE-1,Wire Snapping/Pole Fault,N. Srivastava
KS06112610856,1032949699,"do mahine ka combined bill aaya hai, samajh nahi aa raha calculation",2026-06-11 06:10,,PENDING,PANKI,PANKI SUBDIVISION,DIVISION-5,ZONE-2,CIRCLE-3,Billing Related,S. Tiwari
KS06112611894,1099178522,"high tension line mein kharabi hai, JE sahab abhi tak nahi aaye",2026-06-11 07:06,2026-06-11 14:06,CLOSED,VIKAS NAGAR,VIKAS NAGAR SUBDIVISION,DIVISION-5,ZONE-2,CIRCLE-3,11KV Line Fault,M. Verma
KS06112612073,1088490778,"naye ghar ke liye connection application diye hue ek mahina ho gaya hai, abhi tak survey nahi hua",2026-06-11 07:34,,PENDING,DADA NAGAR,DADA NAGAR SUBDIVISION,DIVISION-5,ZONE-2,CIRCLE-3,New Connection,L. Awasthi
KS06112610078,1016310298,"voltage bahut kam hai, sirf 180 volt aa raha hai, AC aur fridge kharab ho gaye",2026-06-11 07:59,2026-06-12 01:59,CLOSED,VIKAS NAGAR,VIKAS NAGAR SUBDIVISION,DIVISION-5,ZONE-2,CIRCLE-3,Voltage Fluctuation,V. Mishra
KS06112612146,1091832540,"11KV ki taar sadak par gir gayi hai, log ke pass se guzar rahe hain, koi accident na ho jaye",2026-06-11 08:31,2026-06-11 11:31,CLOSED,DADA NAGAR,DADA NAGAR SUBDIVISION,DIVISION-5,ZONE-2,CIRCLE-3,Wire Snapping/Pole Fault,D. Yadav
KS06112611335,1034947832,temporary connection ki application pending hai construction site ke liye,2026-06-11 09:10,2026-06-20 08:10,CLOSED,SWAROOP NAGAR,SWAROOP NAGAR SUBDIVISION,DIVISION-2,ZONE-1,CIRCLE-1,New Connection,N. Srivastava
KS06112610573,1018995666,"do mahine ka combined bill aaya hai, samajh nahi aa raha calculation",2026-06-11 09:21,2026-06-18 20:21,CLOSED,TATMILL,TATMILL SUBDIVISION,DIVISION-3,ZONE-2,CIRCLE-2,Billing Related,N. Srivastava
KS06112610530,1071123082,"digital meter display kaam nahi kar raha, kuch bhi nahi dikh raha screen par",2026-06-11 09:38,2026-06-11 20:38,CLOSED,RING ROAD,RING ROAD SUBDIVISION,DIVISION-1,ZONE-1,CIRCLE-1,Meter Related,S. Tiwari
KS06112612163,1079698874,low voltage ki wajah se motor start nahi ho pa rahi hai,2026-06-11 09:46,,PENDING,SWAROOP NAGAR,SWAROOP NAGAR SUBDIVISION,DIVISION-2,ZONE-1,CIRCLE-1,Voltage Fluctuation,R. Kashyap
KS06112610870,1092098479,"do mahine ka combined bill aaya hai, samajh nahi aa raha calculation",2026-06-11 09:55,2026-06-15 15:55,CLOSED,COLONELGANJ,COLONELGANJ SUBDIVISION,DIVISION-1,ZONE-1,CIRCLE-1,Billing Related,V. Mishra
KS06112611770,1094631626,naya meter lagne ke baad se reading galat aa rahi hai har mahine,2026-06-11 10:19,2026-06-12 02:19,CLOSED,KAKADEO,KAKADEO SUBDIVISION,DIVISION-4,ZONE-2,CIRCLE-2,Meter Related,M. Verma
KS06112610576,1011115749,"load enhancement ke liye request diya tha, koi update nahi mila",2026-06-11 10:22,2026-06-14 10:22,CLOSED,YASHODA NAGAR,YASHODA NAGAR SUBDIVISION,DIVISION-4,ZONE-2,CIRCLE-2,New Connection,B. Gupta
KS06112612249,1043775032,"high tension line mein kharabi hai, JE sahab abhi tak nahi aaye",2026-06-11 10:30,2026-06-12 05:30,CLOSED,KAKADEO,KAKADEO SUBDIVISION,DIVISION-4,ZONE-2,CIRCLE-2,11KV Line Fault,A. Hussain
KS06112611945,1089248280,"line ka fuse udh gaya tez hawa mein, dobara nahi laga abhi tak",2026-06-11 10:34,2026-06-14 09:34,CLOSED,PANKI,PANKI SUBDIVISION,DIVISION-5,ZONE-2,CIRCLE-3,Fuse Off Call (FOC),S. Tiwari
KS06112611198,1011422291,"transformer bahut garam ho raha hai aur buzzing sound aa rahi hai, overload lag raha hai",2026-06-11 10:59,,PENDING,TATMILL,TATMILL SUBDIVISION,DIVISION-3,ZONE-2,CIRCLE-2,Overloading,S. Tiwari
KS06112612298,1061738213,"transformer mein aag lag gayi aur dhuaan nikal raha hai, poori colony andhere mein hai",2026-06-11 11:14,2026-06-11 14:14,CLOSED,BARRA,BARRA SUBDIVISION,DIVISION-5,ZONE-2,CIRCLE-3,DT Damaged/DT Fuse Burnt/Fire on DT,P. Kumar
KS06112610773,1038067263,"naye ghar ke liye connection application diye hue ek mahina ho gaya hai, abhi tak survey nahi hua",2026-06-11 11:23,,PENDING,JAJMAU,JAJMAU SUBDIVISION,DIVISION-3,ZONE-2,CIRCLE-2,New Connection,A. Hussain
KS06112611257,1058004868,"bill time par nahi mila is baar, late fee lag gayi hai bina wajah",2026-06-11 11:29,2026-06-19 19:29,CLOSED,YASHODA NAGAR,YASHODA NAGAR SUBDIVISION,DIVISION-4,ZONE-2,CIRCLE-2,Billing Related,K. Pandey
KS06112611844,1020386771,"aspatal mein 20 ghante se bijli nahi hai, generator ka diesel bhi khatam hone wala hai",2026-06-11 12:08,,PENDING,JAJMAU,JAJMAU SUBDIVISION,DIVISION-3,ZONE-2,CIRCLE-2,Supply Related (Miscellaneous),J. Singh
KS06112612340,1055876118,"poore mohalle mein pichle 18 ghanto se supply band hai, bachche aur budhe pareshan hain",2026-06-11 12:12,2026-06-12 09:12,CLOSED,GOVIND NAGAR,GOVIND NAGAR SUBDIVISION,DIVISION-4,ZONE-2,CIRCLE-2,Supply Related (Miscellaneous),L. Awasthi
KS06112611066,1052461235,"11KV line mein fault aa gaya hai, 6 ghante se bijli band hai poore ilake mein",2026-06-11 12:26,,PENDING,BARRA,BARRA SUBDIVISION,DIVISION-5,ZONE-2,CIRCLE-3,11KV Line Fault,K. Pandey
KS06112611933,1088561915,"pichle bill mein galat amount charge hua hai, correction chahiye",2026-06-11 12:36,2026-06-15 04:36,CLOSED,ARYA NAGAR,ARYA NAGAR SUBDIVISION,DIVISION-2,ZONE-1,CIRCLE-1,Billing Related,M. Verma
KS06112611025,1050598114,"high tension line mein kharabi hai, JE sahab abhi tak nahi aaye",2026-06-11 12:41,2026-06-11 22:41,CLOSED,HARRISGANJ,HARRISGANJ SUBDIVISION,DIVISION-1,ZONE-1,CIRCLE-1,11KV Line Fault,J. Singh
KS06112610267,1072144598,"poore mohalle mein pichle 18 ghanto se supply band hai, bachche aur budhe pareshan hain",2026-06-11 12:54,2026-06-12 01:54,CLOSED,KIDWAI NAGAR,KIDWAI NAGAR SUBDIVISION,DIVISION-2,ZONE-1,CIRCLE-1,Supply Related (Miscellaneous),R. Kashyap
KS06112610935,1032138291,"24 ghante se zyada ho gaye bijli gayi hue, ghar mein pani bhi nahi aa raha pump ke bina",2026-06-11 12:57,2026-06-12 04:57,CLOSED,KAKADEO,KAKADEO SUBDIVISION,DIVISION-4,ZONE-2,CIRCLE-2,Supply Related (Miscellaneous),N. Srivastava
KS06112612245,1067629890,"aspatal mein 20 ghante se bijli nahi hai, generator ka diesel bhi khatam hone wala hai",2026-06-11 13:08,2026-06-12 05:08,CLOSED,DADA NAGAR,DADA NAGAR SUBDIVISION,DIVISION-5,ZONE-2,CIRCLE-3,Supply Related (Miscellaneous),S. Tiwari
KS06112612387,1059512209,"transformer se dhuaan aur jalne ki smell aa rahi hai, turant madad chahiye",2026-06-11 13:14,2026-06-11 15:14,CLOSED,KAKADEO,KAKADEO SUBDIVISION,DIVISION-4,ZONE-2,CIRCLE-2,DT Damaged/DT Fuse Burnt/Fire on DT,M. Verma
KS06112611716,1013049001,"high tension line mein kharabi hai, JE sahab abhi tak nahi aaye",2026-06-11 13:31,2026-06-11 18:31,CLOSED,PANKI,PANKI SUBDIVISION,DIVISION-5,ZONE-2,CIRCLE-3,11KV Line Fault,S. Tiwari
KS06112612493,1080255100,"line ka fuse udh gaya tez hawa mein, dobara nahi laga abhi tak",2026-06-11 13:32,2026-06-13 21:32,CLOSED,BARRA,BARRA SUBDIVISION,DIVISION-5,ZONE-2,CIRCLE-3,Fuse Off Call (FOC),A. Hussain
KS06112611541,1061409186,"transformer bahut garam ho raha hai aur buzzing sound aa rahi hai, overload lag raha hai",2026-06-11 13:34,2026-06-12 18:34,CLOSED,KIDWAI NAGAR,KIDWAI NAGAR SUBDIVISION,DIVISION-2,ZONE-1,CIRCLE-1,Overloading,R. Kashyap
KS06112611494,1067885078,"voltage bahut kam hai, sirf 180 volt aa raha hai, AC aur fridge kharab ho gaye",2026-06-11 13:42,2026-06-11 22:42,CLOSED,YASHODA NAGAR,YASHODA NAGAR SUBDIVISION,DIVISION-4,ZONE-2,CIRCLE-2,Voltage Fluctuation,L. Awasthi
KS06112612389,1072269657,"khuli taar se sparking ho rahi hai road ke pass, karnt lagne ka khatra hai",2026-06-11 13:43,2026-06-11 20:43,CLOSED,RAWATPUR,RAWATPUR SUBDIVISION,DIVISION-3,ZONE-2,CIRCLE-2,Wire Snapping/Pole Fault,B. Gupta
KS06112610304,1095559834,temporary connection ki application pending hai construction site ke liye,2026-06-11 13:47,2026-06-15 18:47,CLOSED,YASHODA NAGAR,YASHODA NAGAR SUBDIVISION,DIVISION-4,ZONE-2,CIRCLE-2,New Connection,P. Kumar
KS06112612147,1074706307,"DT ka fuse baar baar gir raha hai, substation wale theek nahi karte, 3 baar shikayat kar chuke hain",2026-06-11 14:06,2026-06-13 00:06,CLOSED,BARRA,BARRA SUBDIVISION,DIVISION-5,ZONE-2,CIRCLE-3,Fuse Off Call (FOC),S. Tiwari
KS06112611505,1056491704,"voltage bahut kam hai, sirf 180 volt aa raha hai, AC aur fridge kharab ho gaye",2026-06-11 14:07,2026-06-13 12:07,CLOSED,PANKI,PANKI SUBDIVISION,DIVISION-5,ZONE-2,CIRCLE-3,Voltage Fluctuation,K. Pandey
KS06112611226,1080219357,"voltage bahut kam hai, sirf 180 volt aa raha hai, AC aur fridge kharab ho gaye",2026-06-11 14:30,,PENDING,KAKADEO,KAKADEO SUBDIVISION,DIVISION-4,ZONE-2,CIRCLE-2,Voltage Fluctuation,A. Hussain
KS06112611481,1071434277,"11KV ki taar sadak par gir gayi hai, log ke pass se guzar rahe hain, koi accident na ho jaye",2026-06-11 14:36,2026-06-11 20:36,CLOSED,BARRA,BARRA SUBDIVISION,DIVISION-5,ZONE-2,CIRCLE-3,Wire Snapping/Pole Fault,M. Verma
KS06112611188,1071434277,"24 ghante se zyada ho gaye bijli gayi hue, ghar mein pani bhi nahi aa raha pump ke bina",2026-06-11 14:37,2026-06-12 14:37,CLOSED,JAJMAU,JAJMAU SUBDIVISION,DIVISION-3,ZONE-2,CIRCLE-2,Supply Related (Miscellaneous),P. Kumar
KS06112610077,1057479038,"digital meter display kaam nahi kar raha, kuch bhi nahi dikh raha screen par",2026-06-11 14:54,2026-06-13 21:54,CLOSED,HARRISGANJ,HARRISGANJ SUBDIVISION,DIVISION-1,ZONE-1,CIRCLE-1,Meter Related,V. Mishra
KS06112610823,1067808566,meter ki reading bahut zyada aa rahi hai jabki consumption kam hua hai is mahine,2026-06-11 15:04,2026-06-13 20:04,CLOSED,YASHODA NAGAR,YASHODA NAGAR SUBDIVISION,DIVISION-4,ZONE-2,CIRCLE-2,Meter Related,M. Verma
KS06112611096,1052825480,gर्मी mein overloading ki wajah se baar baar trip ho raha hai transformer,2026-06-11 15:25,2026-06-12 07:25,CLOSED,GOVIND NAGAR,GOVIND NAGAR SUBDIVISION,DIVISION-4,ZONE-2,CIRCLE-2,Overloading,M. Verma
KS06112611186,1075975645,"11KV line mein fault aa gaya hai, 6 ghante se bijli band hai poore ilake mein",2026-06-11 15:32,2026-06-12 09:32,CLOSED,TATMILL,TATMILL SUBDIVISION,DIVISION-3,ZONE-2,CIRCLE-2,11KV Line Fault,D. Yadav
KS06112612444,1094335644,"voltage up-down ho raha hai lagatar, appliances damage ho rahe hain",2026-06-11 15:36,2026-06-14 03:36,CLOSED,KAKADEO,KAKADEO SUBDIVISION,DIVISION-4,ZONE-2,CIRCLE-2,Voltage Fluctuation,M. Verma
KS06112611249,1079535379,"line ka fuse udh gaya tez hawa mein, dobara nahi laga abhi tak",2026-06-11 15:38,2026-06-13 01:38,CLOSED,GOVIND NAGAR,GOVIND NAGAR SUBDIVISION,DIVISION-4,ZONE-2,CIRCLE-2,Fuse Off Call (FOC),B. Gupta
KS06112610910,1049329035,"do mahine ka combined bill aaya hai, samajh nahi aa raha calculation",2026-06-11 15:55,,PENDING,SWAROOP NAGAR,SWAROOP NAGAR SUBDIVISION,DIVISION-2,ZONE-1,CIRCLE-1,Billing Related,B. Gupta
KS06112611129,1080032500,"fuse off ho gaya hai kal raat se, poori gali mein andhera hai",2026-06-11 16:10,2026-06-12 00:10,CLOSED,TATMILL,TATMILL SUBDIVISION,DIVISION-3,ZONE-2,CIRCLE-2,Fuse Off Call (FOC),M. Verma
KS06112610337,1056597982,"pichle bill mein galat amount charge hua hai, correction chahiye",2026-06-11 16:22,,PENDING,KIDWAI NAGAR,KIDWAI NAGAR SUBDIVISION,DIVISION-2,ZONE-1,CIRCLE-1,Billing Related,P. Kumar
KS06112612171,1044274496,"DT se lagatar humming noise aa rahi hai, sabko lagta hai kabhi bhi phat sakta hai",2026-06-11 16:29,2026-06-12 15:29,CLOSED,KAKADEO,KAKADEO SUBDIVISION,DIVISION-4,ZONE-2,CIRCLE-2,Overloading,P. Kumar
KS06112610405,1045041814,temporary connection ki application pending hai construction site ke liye,2026-06-11 16:36,2026-06-17 16:36,CLOSED,TATMILL,TATMILL SUBDIVISION,DIVISION-3,ZONE-2,CIRCLE-2,New Connection,D. Yadav
KS06112610324,1084409733,"naye ghar ke liye connection application diye hue ek mahina ho gaya hai, abhi tak survey nahi hua",2026-06-11 16:51,2026-06-20 07:51,CLOSED,TATMILL,TATMILL SUBDIVISION,DIVISION-3,ZONE-2,CIRCLE-2,New Connection,K. Pandey
KS06112611710,1054762507,"pichle bill mein galat amount charge hua hai, correction chahiye",2026-06-11 16:53,2026-06-16 10:53,CLOSED,YASHODA NAGAR,YASHODA NAGAR SUBDIVISION,DIVISION-4,ZONE-2,CIRCLE-2,Billing Related,N. Srivastava
KS06112611756,1098796331,"aspatal mein 20 ghante se bijli nahi hai, generator ka diesel bhi khatam hone wala hai",2026-06-11 17:05,2026-06-11 20:05,CLOSED,RAWATPUR,RAWATPUR SUBDIVISION,DIVISION-3,ZONE-2,CIRCLE-2,Supply Related (Miscellaneous),L. Awasthi
KS06112610370,1047644958,"bill time par nahi mila is baar, late fee lag gayi hai bina wajah",2026-06-11 17:20,,PENDING,RAWATPUR,RAWATPUR SUBDIVISION,DIVISION-3,ZONE-2,CIRCLE-2,Billing Related,P. Kumar
KS06112611545,1023948665,"11KV line mein fault aa gaya hai, 6 ghante se bijli band hai poore ilake mein",2026-06-11 17:28,,PENDING,HARRISGANJ,HARRISGANJ SUBDIVISION,DIVISION-1,ZONE-1,CIRCLE-1,11KV Line Fault,D. Yadav
KS06112611012,1047778882,"voltage up-down ho raha hai lagatar, appliances damage ho rahe hain",2026-06-11 17:55,2026-06-13 06:55,CLOSED,TATMILL,TATMILL SUBDIVISION,DIVISION-3,ZONE-2,CIRCLE-2,Voltage Fluctuation,K. Pandey
KS06112610113,1049082068,naya meter lagne ke baad se reading galat aa rahi hai har mahine,2026-06-11 18:08,2026-06-12 15:08,CLOSED,KAKADEO,KAKADEO SUBDIVISION,DIVISION-4,ZONE-2,CIRCLE-2,Meter Related,M. Verma
KS06112610625,1019751833,"voltage up-down ho raha hai lagatar, appliances damage ho rahe hain",2026-06-11 18:13,,PENDING,BARRA,BARRA SUBDIVISION,DIVISION-5,ZONE-2,CIRCLE-3,Voltage Fluctuation,A. Hussain
KS06112612225,1018995666,"transformer bahut garam ho raha hai aur buzzing sound aa rahi hai, overload lag raha hai",2026-06-11 18:31,2026-06-12 00:31,CLOSED,ARYA NAGAR,ARYA NAGAR SUBDIVISION,DIVISION-2,ZONE-1,CIRCLE-1,Overloading,P. Kumar
KS06112611084,1035524103,"fuse off ho gaya hai kal raat se, poori gali mein andhera hai",2026-06-11 18:39,2026-06-14 00:39,CLOSED,RING ROAD,RING ROAD SUBDIVISION,DIVISION-1,ZONE-1,CIRCLE-1,Fuse Off Call (FOC),V. Mishra
KS06112611493,1069043364,"bill time par nahi mila is baar, late fee lag gayi hai bina wajah",2026-06-11 18:42,2026-06-16 14:42,CLOSED,ARYA NAGAR,ARYA NAGAR SUBDIVISION,DIVISION-2,ZONE-1,CIRCLE-1,Billing Related,M. Verma
KS06112611292,1049114375,"voltage up-down ho raha hai lagatar, appliances damage ho rahe hain",2026-06-11 18:46,2026-06-14 09:46,CLOSED,BARRA,BARRA SUBDIVISION,DIVISION-5,ZONE-2,CIRCLE-3,Voltage Fluctuation,K. Pandey
KS06112610373,1075975645,"high tension line mein kharabi hai, JE sahab abhi tak nahi aaye",2026-06-11 18:47,2026-06-12 05:47,CLOSED,SWAROOP NAGAR,SWAROOP NAGAR SUBDIVISION,DIVISION-2,ZONE-1,CIRCLE-1,11KV Line Fault,D. Yadav
KS06112610501,1032331851,temporary connection ki application pending hai construction site ke liye,2026-06-11 19:07,,PENDING,PANKI,PANKI SUBDIVISION,DIVISION-5,ZONE-2,CIRCLE-3,New Connection,J. Singh
KS06112611561,1057917378,naya meter lagne ke baad se reading galat aa rahi hai har mahine,2026-06-11 19:26,2026-06-14 15:26,CLOSED,DADA NAGAR,DADA NAGAR SUBDIVISION,DIVISION-5,ZONE-2,CIRCLE-3,Meter Related,S. Tiwari
KS06112610770,1014196263,"DT se lagatar humming noise aa rahi hai, sabko lagta hai kabhi bhi phat sakta hai",2026-06-11 19:36,2026-06-11 21:36,CLOSED,HARRISGANJ,HARRISGANJ SUBDIVISION,DIVISION-1,ZONE-1,CIRCLE-1,Overloading,L. Awasthi
KS06112612333,1072144598,"24 ghante se zyada ho gaye bijli gayi hue, ghar mein pani bhi nahi aa raha pump ke bina",2026-06-11 19:46,2026-06-12 02:46,CLOSED,HARRISGANJ,HARRISGANJ SUBDIVISION,DIVISION-1,ZONE-1,CIRCLE-1,Supply Related (Miscellaneous),M. Verma
KS06112610321,1032331851,"voltage up-down ho raha hai lagatar, appliances damage ho rahe hain",2026-06-11 19:47,2026-06-13 10:47,CLOSED,RAWATPUR,RAWATPUR SUBDIVISION,DIVISION-3,ZONE-2,CIRCLE-2,Voltage Fluctuation,N. Srivastava
KS06112611412,1077590786,temporary connection ki application pending hai construction site ke liye,2026-06-11 19:56,,PENDING,SWAROOP NAGAR,SWAROOP NAGAR SUBDIVISION,DIVISION-2,ZONE-1,CIRCLE-1,New Connection,K. Pandey
KS06112612219,1032484347,"high tension line mein kharabi hai, JE sahab abhi tak nahi aaye",2026-06-11 19:57,,PENDING,GOVIND NAGAR,GOVIND NAGAR SUBDIVISION,DIVISION-4,ZONE-2,CIRCLE-2,11KV Line Fault,M. Verma
KS06112610282,1018707760,"transformer bahut garam ho raha hai aur buzzing sound aa rahi hai, overload lag raha hai",2026-06-11 20:12,2026-06-12 14:12,CLOSED,COLONELGANJ,COLONELGANJ SUBDIVISION,DIVISION-1,ZONE-1,CIRCLE-1,Overloading,V. Mishra
KS06112610923,1042450859,low voltage ki wajah se motor start nahi ho pa rahi hai,2026-06-11 20:16,,PENDING,GOVIND NAGAR,GOVIND NAGAR SUBDIVISION,DIVISION-4,ZONE-2,CIRCLE-2,Voltage Fluctuation,D. Yadav
KS06112611272,1067808566,line fault ke karan pura substation area mein supply thap ho gayi hai,2026-06-11 20:37,,PENDING,JAJMAU,JAJMAU SUBDIVISION,DIVISION-3,ZONE-2,CIRCLE-2,11KV Line Fault,M. Verma
KS06112611893,1055876118,"transformer se dhuaan aur jalne ki smell aa rahi hai, turant madad chahiye",2026-06-11 20:39,2026-06-12 02:39,CLOSED,RAWATPUR,RAWATPUR SUBDIVISION,DIVISION-3,ZONE-2,CIRCLE-2,DT Damaged/DT Fuse Burnt/Fire on DT,N. Srivastava
KS06112611395,1026799589,"aspatal mein 20 ghante se bijli nahi hai, generator ka diesel bhi khatam hone wala hai",2026-06-11 20:56,2026-06-11 23:56,CLOSED,COLONELGANJ,COLONELGANJ SUBDIVISION,DIVISION-1,ZONE-1,CIRCLE-1,Supply Related (Miscellaneous),A. Hussain
KS06112610072,1074706307,"naye ghar ke liye connection application diye hue ek mahina ho gaya hai, abhi tak survey nahi hua",2026-06-11 21:24,2026-06-14 00:24,CLOSED,ARYA NAGAR,ARYA NAGAR SUBDIVISION,DIVISION-2,ZONE-1,CIRCLE-1,New Connection,D. Yadav
KS06112611429,1056260071,low voltage ki wajah se motor start nahi ho pa rahi hai,2026-06-11 22:17,2026-06-13 00:17,CLOSED,BARRA,BARRA SUBDIVISION,DIVISION-5,ZONE-2,CIRCLE-3,Voltage Fluctuation,J. Singh
KS06112611134,1054331401,"line ka fuse udh gaya tez hawa mein, dobara nahi laga abhi tak",2026-06-11 22:21,2026-06-12 17:21,CLOSED,YASHODA NAGAR,YASHODA NAGAR SUBDIVISION,DIVISION-4,ZONE-2,CIRCLE-2,Fuse Off Call (FOC),D. Yadav
KS06112610149,1056491704,"DT mein blast ho gaya, chingari nikal rahi hai, log dar ke maare ghar se bahar hain",2026-06-11 22:31,2026-06-12 02:31,CLOSED,HARRISGANJ,HARRISGANJ SUBDIVISION,DIVISION-1,ZONE-1,CIRCLE-1,DT Damaged/DT Fuse Burnt/Fire on DT,R. Kashyap
KS06112610718,1053398296,naya meter lagne ke baad se reading galat aa rahi hai har mahine,2026-06-11 22:33,,PENDING,GOVIND NAGAR,GOVIND NAGAR SUBDIVISION,DIVISION-4,ZONE-2,CIRCLE-2,Meter Related,B. Gupta
KS06112612309,1099534953,"naye ghar ke liye connection application diye hue ek mahina ho gaya hai, abhi tak survey nahi hua",2026-06-11 23:52,2026-06-13 20:52,CLOSED,GOVIND NAGAR,GOVIND NAGAR SUBDIVISION,DIVISION-4,ZONE-2,CIRCLE-2,New Connection,D. Yadav
KS06122610628,1027802188,"voltage up-down ho raha hai lagatar, appliances damage ho rahe hain",2026-06-12 01:20,2026-06-13 05:20,CLOSED,KAKADEO,KAKADEO SUBDIVISION,DIVISION-4,ZONE-2,CIRCLE-2,Voltage Fluctuation,B. Gupta
KS06122610844,1043313499,"11KV ki taar sadak par gir gayi hai, log ke pass se guzar rahe hain, koi accident na ho jaye",2026-06-12 02:38,2026-06-12 07:38,CLOSED,YASHODA NAGAR,YASHODA NAGAR SUBDIVISION,DIVISION-4,ZONE-2,CIRCLE-2,Wire Snapping/Pole Fault,M. Verma
KS06122611794,1094935084,"load enhancement ke liye request diya tha, koi update nahi mila",2026-06-12 05:00,,PENDING,ARYA NAGAR,ARYA NAGAR SUBDIVISION,DIVISION-2,ZONE-1,CIRCLE-1,New Connection,R. Kashyap
KS06122610407,1067529138,"do mahine ka combined bill aaya hai, samajh nahi aa raha calculation",2026-06-12 05:53,2026-06-13 22:53,CLOSED,ARYA NAGAR,ARYA NAGAR SUBDIVISION,DIVISION-2,ZONE-1,CIRCLE-1,Billing Related,N. Srivastava
KS06122611350,1066354335,"do mahine ka combined bill aaya hai, samajh nahi aa raha calculation",2026-06-12 06:02,2026-06-18 23:02,CLOSED,ARYA NAGAR,ARYA NAGAR SUBDIVISION,DIVISION-2,ZONE-1,CIRCLE-1,Billing Related,R. Kashyap
KS06122612015,1056762268,"voltage up-down ho raha hai lagatar, appliances damage ho rahe hain",2026-06-12 06:09,2026-06-13 06:09,CLOSED,VIKAS NAGAR,VIKAS NAGAR SUBDIVISION,DIVISION-5,ZONE-2,CIRCLE-3,Voltage Fluctuation,B. Gupta
KS06122610703,1034947832,temporary connection ki application pending hai construction site ke liye,2026-06-12 07:23,2026-06-20 14:23,CLOSED,BARRA,BARRA SUBDIVISION,DIVISION-5,ZONE-2,CIRCLE-3,New Connection,B. Gupta
KS06122610200,1056762268,"pichle bill mein galat amount charge hua hai, correction chahiye",2026-06-12 08:06,,PENDING,VIKAS NAGAR,VIKAS NAGAR SUBDIVISION,DIVISION-5,ZONE-2,CIRCLE-3,Billing Related,K. Pandey
KS06122611943,1032971567,"24 ghante se zyada ho gaye bijli gayi hue, ghar mein pani bhi nahi aa raha pump ke bina",2026-06-12 08:13,,PENDING,DADA NAGAR,DADA NAGAR SUBDIVISION,DIVISION-5,ZONE-2,CIRCLE-3,Supply Related (Miscellaneous),K. Pandey
KS06122612216,1043950136,"poore mohalle mein pichle 18 ghanto se supply band hai, bachche aur budhe pareshan hain",2026-06-12 08:32,,PENDING,TATMILL,TATMILL SUBDIVISION,DIVISION-3,ZONE-2,CIRCLE-2,Supply Related (Miscellaneous),K. Pandey
KS06122611997,1012253618,"11KV line mein fault aa gaya hai, 6 ghante se bijli band hai poore ilake mein",2026-06-12 08:49,,PENDING,COLONELGANJ,COLONELGANJ SUBDIVISION,DIVISION-1,ZONE-1,CIRCLE-1,11KV Line Fault,M. Verma
KS06122612196,1089248280,"khuli taar se sparking ho rahi hai road ke pass, karnt lagne ka khatra hai",2026-06-12 09:04,2026-06-12 14:04,CLOSED,YASHODA NAGAR,YASHODA NAGAR SUBDIVISION,DIVISION-4,ZONE-2,CIRCLE-2,Wire Snapping/Pole Fault,N. Srivastava
KS06122610813,1029181687,meter ki reading bahut zyada aa rahi hai jabki consumption kam hua hai is mahine,2026-06-12 09:10,,PENDING,BARRA,BARRA SUBDIVISION,DIVISION-5,ZONE-2,CIRCLE-3,Meter Related,S. Tiwari
KS06122610232,1096642904,"DT ka fuse baar baar gir raha hai, substation wale theek nahi karte, 3 baar shikayat kar chuke hain",2026-06-12 09:23,2026-06-13 13:23,CLOSED,KAKADEO,KAKADEO SUBDIVISION,DIVISION-4,ZONE-2,CIRCLE-2,Fuse Off Call (FOC),J. Singh
KS06122611875,1078991298,"pichle bill mein galat amount charge hua hai, correction chahiye",2026-06-12 09:24,2026-06-22 08:24,CLOSED,KIDWAI NAGAR,KIDWAI NAGAR SUBDIVISION,DIVISION-2,ZONE-1,CIRCLE-1,Billing Related,L. Awasthi
KS06122611615,1013175375,"DT se lagatar humming noise aa rahi hai, sabko lagta hai kabhi bhi phat sakta hai",2026-06-12 09:30,2026-06-13 07:30,CLOSED,KAKADEO,KAKADEO SUBDIVISION,DIVISION-4,ZONE-2,CIRCLE-2,Overloading,D. Yadav
KS06122610587,1095544663,"high tension line mein kharabi hai, JE sahab abhi tak nahi aaye",2026-06-12 09:31,,PENDING,RING ROAD,RING ROAD SUBDIVISION,DIVISION-1,ZONE-1,CIRCLE-1,11KV Line Fault,J. Singh
KS06122612286,1049329035,temporary connection ki application pending hai construction site ke liye,2026-06-12 09:41,2026-06-15 22:41,CLOSED,KIDWAI NAGAR,KIDWAI NAGAR SUBDIVISION,DIVISION-2,ZONE-1,CIRCLE-1,New Connection,K. Pandey
KS06122610445,1047644958,"bill time par nahi mila is baar, late fee lag gayi hai bina wajah",2026-06-12 09:50,2026-06-21 05:50,CLOSED,TATMILL,TATMILL SUBDIVISION,DIVISION-3,ZONE-2,CIRCLE-2,Billing Related,S. Tiwari
KS06122610425,1089868059,"bill time par nahi mila is baar, late fee lag gayi hai bina wajah",2026-06-12 10:26,2026-06-15 05:26,CLOSED,RAWATPUR,RAWATPUR SUBDIVISION,DIVISION-3,ZONE-2,CIRCLE-2,Billing Related,K. Pandey
KS06122612151,1073680424,"DT mein blast ho gaya, chingari nikal rahi hai, log dar ke maare ghar se bahar hain",2026-06-12 10:35,2026-06-12 11:35,CLOSED,RAWATPUR,RAWATPUR SUBDIVISION,DIVISION-3,ZONE-2,CIRCLE-2,DT Damaged/DT Fuse Burnt/Fire on DT,M. Verma
KS06122610637,1095544663,"bill time par nahi mila is baar, late fee lag gayi hai bina wajah",2026-06-12 10:36,2026-06-16 02:36,CLOSED,COLONELGANJ,COLONELGANJ SUBDIVISION,DIVISION-1,ZONE-1,CIRCLE-1,Billing Related,P. Kumar
KS06122611115,1055780171,"khuli taar se sparking ho rahi hai road ke pass, karnt lagne ka khatra hai",2026-06-12 10:43,2026-06-12 13:43,CLOSED,KAKADEO,KAKADEO SUBDIVISION,DIVISION-4,ZONE-2,CIRCLE-2,Wire Snapping/Pole Fault,R. Kashyap
KS06122612281,1031718290,"aspatal mein 20 ghante se bijli nahi hai, generator ka diesel bhi khatam hone wala hai",2026-06-12 10:47,2026-06-13 04:47,CLOSED,COLONELGANJ,COLONELGANJ SUBDIVISION,DIVISION-1,ZONE-1,CIRCLE-1,Supply Related (Miscellaneous),N. Srivastava
KS06122610583,1017959489,"high tension line mein kharabi hai, JE sahab abhi tak nahi aaye",2026-06-12 10:49,2026-06-12 21:49,CLOSED,GOVIND NAGAR,GOVIND NAGAR SUBDIVISION,DIVISION-4,ZONE-2,CIRCLE-2,11KV Line Fault,N. Srivastava
KS06122610216,1034575751,"poore mohalle mein pichle 18 ghanto se supply band hai, bachche aur budhe pareshan hain",2026-06-12 10:56,,PENDING,PANKI,PANKI SUBDIVISION,DIVISION-5,ZONE-2,CIRCLE-3,Supply Related (Miscellaneous),K. Pandey
KS06122612388,1022404219,"bill time par nahi mila is baar, late fee lag gayi hai bina wajah",2026-06-12 11:00,,PENDING,GOVIND NAGAR,GOVIND NAGAR SUBDIVISION,DIVISION-4,ZONE-2,CIRCLE-2,Billing Related,N. Srivastava
KS06122611448,1062873075,naya meter lagne ke baad se reading galat aa rahi hai har mahine,2026-06-12 11:03,2026-06-14 03:03,CLOSED,KAKADEO,KAKADEO SUBDIVISION,DIVISION-4,ZONE-2,CIRCLE-2,Meter Related,R. Kashyap
KS06122611514,1051272534,"naye ghar ke liye connection application diye hue ek mahina ho gaya hai, abhi tak survey nahi hua",2026-06-12 11:38,,PENDING,KIDWAI NAGAR,KIDWAI NAGAR SUBDIVISION,DIVISION-2,ZONE-1,CIRCLE-1,New Connection,B. Gupta
KS06122610455,1086193838,"poore mohalle mein pichle 18 ghanto se supply band hai, bachche aur budhe pareshan hain",2026-06-12 11:53,2026-06-12 22:53,CLOSED,BARRA,BARRA SUBDIVISION,DIVISION-5,ZONE-2,CIRCLE-3,Supply Related (Miscellaneous),M. Verma
KS06122611768,1024266410,"24 ghante se zyada ho gaye bijli gayi hue, ghar mein pani bhi nahi aa raha pump ke bina",2026-06-12 11:54,2026-06-13 05:54,CLOSED,RAWATPUR,RAWATPUR SUBDIVISION,DIVISION-3,ZONE-2,CIRCLE-2,Supply Related (Miscellaneous),V. Mishra
KS06122610814,1094559034,"poore mohalle mein pichle 18 ghanto se supply band hai, bachche aur budhe pareshan hain",2026-06-12 11:57,2026-06-12 21:57,CLOSED,SWAROOP NAGAR,SWAROOP NAGAR SUBDIVISION,DIVISION-2,ZONE-1,CIRCLE-1,Supply Related (Miscellaneous),K. Pandey
KS06122610044,1057394588,"pichle bill mein galat amount charge hua hai, correction chahiye",2026-06-12 12:07,,PENDING,BARRA,BARRA SUBDIVISION,DIVISION-5,ZONE-2,CIRCLE-3,Billing Related,D. Yadav
KS06122611834,1056491704,gर्मी mein overloading ki wajah se baar baar trip ho raha hai transformer,2026-06-12 12:18,2026-06-12 21:18,CLOSED,COLONELGANJ,COLONELGANJ SUBDIVISION,DIVISION-1,ZONE-1,CIRCLE-1,Overloading,R. Kashyap
KS06122611694,1085227666,"digital meter display kaam nahi kar raha, kuch bhi nahi dikh raha screen par",2026-06-12 12:28,,PENDING,COLONELGANJ,COLONELGANJ SUBDIVISION,DIVISION-1,ZONE-1,CIRCLE-1,Meter Related,L. Awasthi
KS06122611036,1054935222,"11KV line mein fault aa gaya hai, 6 ghante se bijli band hai poore ilake mein",2026-06-12 12:30,2026-06-12 18:30,CLOSED,VIKAS NAGAR,VIKAS NAGAR SUBDIVISION,DIVISION-5,ZONE-2,CIRCLE-3,11KV Line Fault,N. Srivastava
KS06122611361,1032984376,line fault ke karan pura substation area mein supply thap ho gayi hai,2026-06-12 12:35,2026-06-13 12:35,CLOSED,ARYA NAGAR,ARYA NAGAR SUBDIVISION,DIVISION-2,ZONE-1,CIRCLE-1,11KV Line Fault,L. Awasthi
KS06122610497,1099178522,meter ki reading bahut zyada aa rahi hai jabki consumption kam hua hai is mahine,2026-06-12 12:39,,PENDING,TATMILL,TATMILL SUBDIVISION,DIVISION-3,ZONE-2,CIRCLE-2,Meter Related,R. Kashyap
KS06122612414,1059919230,low voltage ki wajah se motor start nahi ho pa rahi hai,2026-06-12 12:40,2026-06-13 13:40,CLOSED,DADA NAGAR,DADA NAGAR SUBDIVISION,DIVISION-5,ZONE-2,CIRCLE-3,Voltage Fluctuation,N. Srivastava
KS06122611982,1013049001,temporary connection ki application pending hai construction site ke liye,2026-06-12 12:53,,PENDING,BARRA,BARRA SUBDIVISION,DIVISION-5,ZONE-2,CIRCLE-3,New Connection,R. Kashyap
KS06122610139,1079437812,"pole gir gaya hai bijli ki taar ke saath, bahut khatarnak sthiti hai",2026-06-12 13:00,2026-06-12 20:00,CLOSED,YASHODA NAGAR,YASHODA NAGAR SUBDIVISION,DIVISION-4,ZONE-2,CIRCLE-2,Wire Snapping/Pole Fault,K. Pandey
KS06122611408,1027808126,"load enhancement ke liye request diya tha, koi update nahi mila",2026-06-12 13:05,2026-06-21 02:05,CLOSED,GOVIND NAGAR,GOVIND NAGAR SUBDIVISION,DIVISION-4,ZONE-2,CIRCLE-2,New Connection,R. Kashyap
KS06122611377,1088508482,temporary connection ki application pending hai construction site ke liye,2026-06-12 13:22,2026-06-19 16:22,CLOSED,COLONELGANJ,COLONELGANJ SUBDIVISION,DIVISION-1,ZONE-1,CIRCLE-1,New Connection,D. Yadav
KS06122611270,1084623543,"line ka fuse udh gaya tez hawa mein, dobara nahi laga abhi tak",2026-06-12 13:32,2026-06-13 23:32,CLOSED,PANKI,PANKI SUBDIVISION,DIVISION-5,ZONE-2,CIRCLE-3,Fuse Off Call (FOC),L. Awasthi
KS06122610052,1075975645,"do mahine ka combined bill aaya hai, samajh nahi aa raha calculation",2026-06-12 13:33,,PENDING,HARRISGANJ,HARRISGANJ SUBDIVISION,DIVISION-1,ZONE-1,CIRCLE-1,Billing Related,D. Yadav
KS06122611727,1041796059,"load enhancement ke liye request diya tha, koi update nahi mila",2026-06-12 13:40,2026-06-16 09:40,CLOSED,ARYA NAGAR,ARYA NAGAR SUBDIVISION,DIVISION-2,ZONE-1,CIRCLE-1,New Connection,N. Srivastava
KS06122612383,1017235259,"transformer se dhuaan aur jalne ki smell aa rahi hai, turant madad chahiye",2026-06-12 13:47,2026-06-12 18:47,CLOSED,ARYA NAGAR,ARYA NAGAR SUBDIVISION,DIVISION-2,ZONE-1,CIRCLE-1,DT Damaged/DT Fuse Burnt/Fire on DT,K. Pandey
KS06122611603,1029497009,"pichle bill mein galat amount charge hua hai, correction chahiye",2026-06-12 13:51,2026-06-18 18:51,CLOSED,KAKADEO,KAKADEO SUBDIVISION,DIVISION-4,ZONE-2,CIRCLE-2,Billing Related,K. Pandey
KS06122612029,1017959489,"digital meter display kaam nahi kar raha, kuch bhi nahi dikh raha screen par",2026-06-12 14:05,2026-06-15 03:05,CLOSED,SWAROOP NAGAR,SWAROOP NAGAR SUBDIVISION,DIVISION-2,ZONE-1,CIRCLE-1,Meter Related,P. Kumar
KS06122610326,1025563457,"bill time par nahi mila is baar, late fee lag gayi hai bina wajah",2026-06-12 14:56,2026-06-21 06:56,CLOSED,KAKADEO,KAKADEO SUBDIVISION,DIVISION-4,ZONE-2,CIRCLE-2,Billing Related,N. Srivastava
KS06122612428,1026542730,naya meter lagne ke baad se reading galat aa rahi hai har mahine,2026-06-12 15:07,2026-06-13 03:07,CLOSED,JAJMAU,JAJMAU SUBDIVISION,DIVISION-3,ZONE-2,CIRCLE-2,Meter Related,D. Yadav
KS06122610323,1066408945,low voltage ki wajah se motor start nahi ho pa rahi hai,2026-06-12 15:10,2026-06-13 18:10,CLOSED,KAKADEO,KAKADEO SUBDIVISION,DIVISION-4,ZONE-2,CIRCLE-2,Voltage Fluctuation,D. Yadav
KS06122611809,1027114979,"pole gir gaya hai bijli ki taar ke saath, bahut khatarnak sthiti hai",2026-06-12 15:11,,PENDING,TATMILL,TATMILL SUBDIVISION,DIVISION-3,ZONE-2,CIRCLE-2,Wire Snapping/Pole Fault,D. Yadav
KS06122610857,1024917765,"load enhancement ke liye request diya tha, koi update nahi mila",2026-06-12 15:31,,PENDING,COLONELGANJ,COLONELGANJ SUBDIVISION,DIVISION-1,ZONE-1,CIRCLE-1,New Connection,N. Srivastava
KS06122610651,1091832540,temporary connection ki application pending hai construction site ke liye,2026-06-12 15:46,2026-06-17 06:46,CLOSED,SWAROOP NAGAR,SWAROOP NAGAR SUBDIVISION,DIVISION-2,ZONE-1,CIRCLE-1,New Connection,N. Srivastava
KS06122611217,1093617371,"voltage bahut kam hai, sirf 180 volt aa raha hai, AC aur fridge kharab ho gaye",2026-06-12 16:22,2026-06-15 06:22,CLOSED,RING ROAD,RING ROAD SUBDIVISION,DIVISION-1,ZONE-1,CIRCLE-1,Voltage Fluctuation,P. Kumar
KS06122612305,1013049001,"11KV line mein fault aa gaya hai, 6 ghante se bijli band hai poore ilake mein",2026-06-12 16:34,2026-06-13 00:34,CLOSED,RAWATPUR,RAWATPUR SUBDIVISION,DIVISION-3,ZONE-2,CIRCLE-2,11KV Line Fault,M. Verma
KS06122610760,1054642256,"pichle bill mein galat amount charge hua hai, correction chahiye",2026-06-12 16:42,2026-06-20 06:42,CLOSED,TATMILL,TATMILL SUBDIVISION,DIVISION-3,ZONE-2,CIRCLE-2,Billing Related,M. Verma
KS06122610689,1049266168,low voltage ki wajah se motor start nahi ho pa rahi hai,2026-06-12 17:08,2026-06-14 21:08,CLOSED,BARRA,BARRA SUBDIVISION,DIVISION-5,ZONE-2,CIRCLE-3,Voltage Fluctuation,N. Srivastava
KS06122612188,1098960266,"DT se lagatar humming noise aa rahi hai, sabko lagta hai kabhi bhi phat sakta hai",2026-06-12 17:10,2026-06-12 19:10,CLOSED,VIKAS NAGAR,VIKAS NAGAR SUBDIVISION,DIVISION-5,ZONE-2,CIRCLE-3,Overloading,M. Verma
KS06122612462,1029361809,"khuli taar se sparking ho rahi hai road ke pass, karnt lagne ka khatra hai",2026-06-12 17:26,2026-06-13 00:26,CLOSED,KIDWAI NAGAR,KIDWAI NAGAR SUBDIVISION,DIVISION-2,ZONE-1,CIRCLE-1,Wire Snapping/Pole Fault,S. Tiwari
KS06122612342,1095263987,"bill time par nahi mila is baar, late fee lag gayi hai bina wajah",2026-06-12 17:32,2026-06-19 11:32,CLOSED,COLONELGANJ,COLONELGANJ SUBDIVISION,DIVISION-1,ZONE-1,CIRCLE-1,Billing Related,D. Yadav
KS06122612185,1024688601,"poore mohalle mein pichle 18 ghanto se supply band hai, bachche aur budhe pareshan hain",2026-06-12 17:38,2026-06-13 18:38,CLOSED,KAKADEO,KAKADEO SUBDIVISION,DIVISION-4,ZONE-2,CIRCLE-2,Supply Related (Miscellaneous),M. Verma
KS06122611320,1038317146,low voltage ki wajah se motor start nahi ho pa rahi hai,2026-06-12 17:46,2026-06-12 23:46,CLOSED,JAJMAU,JAJMAU SUBDIVISION,DIVISION-3,ZONE-2,CIRCLE-2,Voltage Fluctuation,D. Yadav
KS06122610188,1033833395,"do mahine ka combined bill aaya hai, samajh nahi aa raha calculation",2026-06-12 17:53,2026-06-18 13:53,CLOSED,BARRA,BARRA SUBDIVISION,DIVISION-5,ZONE-2,CIRCLE-3,Billing Related,R. Kashyap
KS06122611907,1031162952,"pole gir gaya hai bijli ki taar ke saath, bahut khatarnak sthiti hai",2026-06-12 17:57,,PENDING,BARRA,BARRA SUBDIVISION,DIVISION-5,ZONE-2,CIRCLE-3,Wire Snapping/Pole Fault,B. Gupta
KS06122611818,1049986788,"voltage up-down ho raha hai lagatar, appliances damage ho rahe hain",2026-06-12 18:06,2026-06-15 16:06,CLOSED,TATMILL,TATMILL SUBDIVISION,DIVISION-3,ZONE-2,CIRCLE-2,Voltage Fluctuation,K. Pandey
KS06122611019,1032984376,"voltage bahut kam hai, sirf 180 volt aa raha hai, AC aur fridge kharab ho gaye",2026-06-12 18:25,2026-06-13 13:25,CLOSED,COLONELGANJ,COLONELGANJ SUBDIVISION,DIVISION-1,ZONE-1,CIRCLE-1,Voltage Fluctuation,V. Mishra
KS06122610565,1032949699,naya meter lagne ke baad se reading galat aa rahi hai har mahine,2026-06-12 18:40,2026-06-14 16:40,CLOSED,KAKADEO,KAKADEO SUBDIVISION,DIVISION-4,ZONE-2,CIRCLE-2,Meter Related,B. Gupta
KS06122610187,1042412020,"11KV ki taar sadak par gir gayi hai, log ke pass se guzar rahe hain, koi accident na ho jaye",2026-06-12 18:45,2026-06-12 23:45,CLOSED,KAKADEO,KAKADEO SUBDIVISION,DIVISION-4,ZONE-2,CIRCLE-2,Wire Snapping/Pole Fault,L. Awasthi
KS06122610499,1017418518,"voltage up-down ho raha hai lagatar, appliances damage ho rahe hain",2026-06-12 18:45,2026-06-13 14:45,CLOSED,DADA NAGAR,DADA NAGAR SUBDIVISION,DIVISION-5,ZONE-2,CIRCLE-3,Voltage Fluctuation,D. Yadav
KS06122611510,1065014297,"24 ghante se zyada ho gaye bijli gayi hue, ghar mein pani bhi nahi aa raha pump ke bina",2026-06-12 18:51,2026-06-13 11:51,CLOSED,SWAROOP NAGAR,SWAROOP NAGAR SUBDIVISION,DIVISION-2,ZONE-1,CIRCLE-1,Supply Related (Miscellaneous),B. Gupta
KS06122610660,1052807040,gर्मी mein overloading ki wajah se baar baar trip ho raha hai transformer,2026-06-12 19:17,2026-06-13 18:17,CLOSED,RING ROAD,RING ROAD SUBDIVISION,DIVISION-1,ZONE-1,CIRCLE-1,Overloading,J. Singh
KS06122612121,1094401251,"transformer se dhuaan aur jalne ki smell aa rahi hai, turant madad chahiye",2026-06-12 19:19,2026-06-12 23:19,CLOSED,KIDWAI NAGAR,KIDWAI NAGAR SUBDIVISION,DIVISION-2,ZONE-1,CIRCLE-1,DT Damaged/DT Fuse Burnt/Fire on DT,J. Singh
KS06122612478,1035669897,"11KV line mein fault aa gaya hai, 6 ghante se bijli band hai poore ilake mein",2026-06-12 19:26,2026-06-13 00:26,CLOSED,BARRA,BARRA SUBDIVISION,DIVISION-5,ZONE-2,CIRCLE-3,11KV Line Fault,M. Verma
KS06122610960,1030152581,"voltage bahut kam hai, sirf 180 volt aa raha hai, AC aur fridge kharab ho gaye",2026-06-12 19:29,2026-06-15 15:29,CLOSED,YASHODA NAGAR,YASHODA NAGAR SUBDIVISION,DIVISION-4,ZONE-2,CIRCLE-2,Voltage Fluctuation,J. Singh
KS06122610024,1058897825,"do mahine ka combined bill aaya hai, samajh nahi aa raha calculation",2026-06-12 19:31,2026-06-13 20:31,CLOSED,GOVIND NAGAR,GOVIND NAGAR SUBDIVISION,DIVISION-4,ZONE-2,CIRCLE-2,Billing Related,M. Verma
KS06122610047,1071471345,"DT se lagatar humming noise aa rahi hai, sabko lagta hai kabhi bhi phat sakta hai",2026-06-12 19:51,2026-06-13 07:51,CLOSED,RAWATPUR,RAWATPUR SUBDIVISION,DIVISION-3,ZONE-2,CIRCLE-2,Overloading,P. Kumar
KS06122612417,1011892430,"voltage up-down ho raha hai lagatar, appliances damage ho rahe hain",2026-06-12 19:56,,PENDING,KIDWAI NAGAR,KIDWAI NAGAR SUBDIVISION,DIVISION-2,ZONE-1,CIRCLE-1,Voltage Fluctuation,K. Pandey
KS06122611434,1099599975,"aspatal mein 20 ghante se bijli nahi hai, generator ka diesel bhi khatam hone wala hai",2026-06-12 19:58,2026-06-13 14:58,CLOSED,PANKI,PANKI SUBDIVISION,DIVISION-5,ZONE-2,CIRCLE-3,Supply Related (Miscellaneous),K. Pandey
KS06122612009,1069478136,meter ki reading bahut zyada aa rahi hai jabki consumption kam hua hai is mahine,2026-06-12 20:13,2026-06-14 09:13,CLOSED,BARRA,BARRA SUBDIVISION,DIVISION-5,ZONE-2,CIRCLE-3,Meter Related,L. Awasthi
KS06122611676,1015054255,"do mahine ka combined bill aaya hai, samajh nahi aa raha calculation",2026-06-12 20:24,2026-06-14 01:24,CLOSED,GOVIND NAGAR,GOVIND NAGAR SUBDIVISION,DIVISION-4,ZONE-2,CIRCLE-2,Billing Related,S. Tiwari
KS06122612270,1065479951,naya meter lagne ke baad se reading galat aa rahi hai har mahine,2026-06-12 20:30,2026-06-15 05:30,CLOSED,GOVIND NAGAR,GOVIND NAGAR SUBDIVISION,DIVISION-4,ZONE-2,CIRCLE-2,Meter Related,M. Verma
KS06122611787,1032984376,naya meter lagne ke baad se reading galat aa rahi hai har mahine,2026-06-12 20:44,,PENDING,GOVIND NAGAR,GOVIND NAGAR SUBDIVISION,DIVISION-4,ZONE-2,CIRCLE-2,Meter Related,B. Gupta
KS06122610327,1011483398,"voltage up-down ho raha hai lagatar, appliances damage ho rahe hain",2026-06-12 21:02,2026-06-15 13:02,CLOSED,DADA NAGAR,DADA NAGAR SUBDIVISION,DIVISION-5,ZONE-2,CIRCLE-3,Voltage Fluctuation,B. Gupta
KS06122610026,1039787034,low voltage ki wajah se motor start nahi ho pa rahi hai,2026-06-12 21:02,2026-06-15 16:02,CLOSED,DADA NAGAR,DADA NAGAR SUBDIVISION,DIVISION-5,ZONE-2,CIRCLE-3,Voltage Fluctuation,B. Gupta
KS06122611551,1075161101,"voltage up-down ho raha hai lagatar, appliances damage ho rahe hain",2026-06-12 21:05,2026-06-14 14:05,CLOSED,RING ROAD,RING ROAD SUBDIVISION,DIVISION-1,ZONE-1,CIRCLE-1,Voltage Fluctuation,R. Kashyap
KS06122610415,1078277456,gर्मी mein overloading ki wajah se baar baar trip ho raha hai transformer,2026-06-12 21:59,,PENDING,BARRA,BARRA SUBDIVISION,DIVISION-5,ZONE-2,CIRCLE-3,Overloading,N. Srivastava
KS06122611054,1049986788,"transformer bahut garam ho raha hai aur buzzing sound aa rahi hai, overload lag raha hai",2026-06-12 22:18,,PENDING,RAWATPUR,RAWATPUR SUBDIVISION,DIVISION-3,ZONE-2,CIRCLE-2,Overloading,D. Yadav
KS06122611708,1011483398,temporary connection ki application pending hai construction site ke liye,2026-06-12 22:29,,PENDING,TATMILL,TATMILL SUBDIVISION,DIVISION-3,ZONE-2,CIRCLE-2,New Connection,J. Singh
KS06122611755,1017270682,naya meter lagne ke baad se reading galat aa rahi hai har mahine,2026-06-12 22:38,2026-06-15 15:38,CLOSED,JAJMAU,JAJMAU SUBDIVISION,DIVISION-3,ZONE-2,CIRCLE-2,Meter Related,K. Pandey
KS06122612065,1070592564,"fuse off ho gaya hai kal raat se, poori gali mein andhera hai",2026-06-12 22:42,,PENDING,JAJMAU,JAJMAU SUBDIVISION,DIVISION-3,ZONE-2,CIRCLE-2,Fuse Off Call (FOC),V. Mishra
KS06122610459,1020633770,naya meter lagne ke baad se reading galat aa rahi hai har mahine,2026-06-12 22:53,2026-06-13 12:53,CLOSED,HARRISGANJ,HARRISGANJ SUBDIVISION,DIVISION-1,ZONE-1,CIRCLE-1,Meter Related,N. Srivastava
KS06122610607,1011483398,"aspatal mein 20 ghante se bijli nahi hai, generator ka diesel bhi khatam hone wala hai",2026-06-12 22:57,2026-06-13 00:57,CLOSED,YASHODA NAGAR,YASHODA NAGAR SUBDIVISION,DIVISION-4,ZONE-2,CIRCLE-2,Supply Related (Miscellaneous),B. Gupta
KS06122611518,1088591593,"24 ghante se zyada ho gaye bijli gayi hue, ghar mein pani bhi nahi aa raha pump ke bina",2026-06-12 23:20,2026-06-13 17:20,CLOSED,KIDWAI NAGAR,KIDWAI NAGAR SUBDIVISION,DIVISION-2,ZONE-1,CIRCLE-1,Supply Related (Miscellaneous),N. Srivastava
KS06132610843,1095500158,"11KV line mein fault aa gaya hai, 6 ghante se bijli band hai poore ilake mein",2026-06-13 00:04,2026-06-13 19:04,CLOSED,HARRISGANJ,HARRISGANJ SUBDIVISION,DIVISION-1,ZONE-1,CIRCLE-1,11KV Line Fault,A. Hussain
KS06132610507,1060894584,"do mahine ka combined bill aaya hai, samajh nahi aa raha calculation",2026-06-13 00:29,,PENDING,RING ROAD,RING ROAD SUBDIVISION,DIVISION-1,ZONE-1,CIRCLE-1,Billing Related,V. Mishra
KS06132610659,1097293868,line fault ke karan pura substation area mein supply thap ho gayi hai,2026-06-13 00:30,2026-06-13 02:30,CLOSED,YASHODA NAGAR,YASHODA NAGAR SUBDIVISION,DIVISION-4,ZONE-2,CIRCLE-2,11KV Line Fault,D. Yadav
KS06132610833,1047778882,naya meter lagne ke baad se reading galat aa rahi hai har mahine,2026-06-13 01:56,2026-06-14 05:56,CLOSED,RAWATPUR,RAWATPUR SUBDIVISION,DIVISION-3,ZONE-2,CIRCLE-2,Meter Related,N. Srivastava
KS06132612316,1078277456,"24 ghante se zyada ho gaye bijli gayi hue, ghar mein pani bhi nahi aa raha pump ke bina",2026-06-13 02:39,2026-06-13 21:39,CLOSED,VIKAS NAGAR,VIKAS NAGAR SUBDIVISION,DIVISION-5,ZONE-2,CIRCLE-3,Supply Related (Miscellaneous),N. Srivastava
KS06132612265,1082630922,"aspatal mein 20 ghante se bijli nahi hai, generator ka diesel bhi khatam hone wala hai",2026-06-13 04:59,2026-06-14 07:59,CLOSED,KIDWAI NAGAR,KIDWAI NAGAR SUBDIVISION,DIVISION-2,ZONE-1,CIRCLE-1,Supply Related (Miscellaneous),P. Kumar
KS06132611071,1071123082,naya meter lagne ke baad se reading galat aa rahi hai har mahine,2026-06-13 05:30,2026-06-13 16:30,CLOSED,RAWATPUR,RAWATPUR SUBDIVISION,DIVISION-3,ZONE-2,CIRCLE-2,Meter Related,J. Singh
KS06132610133,1039196509,line fault ke karan pura substation area mein supply thap ho gayi hai,2026-06-13 05:38,2026-06-13 09:38,CLOSED,KIDWAI NAGAR,KIDWAI NAGAR SUBDIVISION,DIVISION-2,ZONE-1,CIRCLE-1,11KV Line Fault,S. Tiwari
KS06132612434,1091832540,"digital meter display kaam nahi kar raha, kuch bhi nahi dikh raha screen par",2026-06-13 06:43,2026-06-15 15:43,CLOSED,YASHODA NAGAR,YASHODA NAGAR SUBDIVISION,DIVISION-4,ZONE-2,CIRCLE-2,Meter Related,R. Kashyap
KS06132612006,1099599975,"voltage bahut kam hai, sirf 180 volt aa raha hai, AC aur fridge kharab ho gaye",2026-06-13 07:11,,PENDING,KIDWAI NAGAR,KIDWAI NAGAR SUBDIVISION,DIVISION-2,ZONE-1,CIRCLE-1,Voltage Fluctuation,V. Mishra
KS06132610764,1081851572,temporary connection ki application pending hai construction site ke liye,2026-06-13 07:42,2026-06-21 01:42,CLOSED,HARRISGANJ,HARRISGANJ SUBDIVISION,DIVISION-1,ZONE-1,CIRCLE-1,New Connection,P. Kumar
KS06132610092,1091832540,"voltage up-down ho raha hai lagatar, appliances damage ho rahe hain",2026-06-13 07:58,2026-06-15 14:58,CLOSED,PANKI,PANKI SUBDIVISION,DIVISION-5,ZONE-2,CIRCLE-3,Voltage Fluctuation,S. Tiwari
KS06132610962,1065363887,"aspatal mein 20 ghante se bijli nahi hai, generator ka diesel bhi khatam hone wala hai",2026-06-13 08:08,2026-06-14 12:08,CLOSED,HARRISGANJ,HARRISGANJ SUBDIVISION,DIVISION-1,ZONE-1,CIRCLE-1,Supply Related (Miscellaneous),K. Pandey
KS06132612451,1089854904,"do mahine ka combined bill aaya hai, samajh nahi aa raha calculation",2026-06-13 08:28,2026-06-16 17:28,CLOSED,RING ROAD,RING ROAD SUBDIVISION,DIVISION-1,ZONE-1,CIRCLE-1,Billing Related,V. Mishra
KS06132612181,1056762268,"fuse off ho gaya hai kal raat se, poori gali mein andhera hai",2026-06-13 09:02,2026-06-13 19:02,CLOSED,YASHODA NAGAR,YASHODA NAGAR SUBDIVISION,DIVISION-4,ZONE-2,CIRCLE-2,Fuse Off Call (FOC),A. Hussain
KS06132612356,1040324265,low voltage ki wajah se motor start nahi ho pa rahi hai,2026-06-13 09:03,2026-06-14 13:03,CLOSED,GOVIND NAGAR,GOVIND NAGAR SUBDIVISION,DIVISION-4,ZONE-2,CIRCLE-2,Voltage Fluctuation,S. Tiwari
KS06132611589,1041787360,"aspatal mein 20 ghante se bijli nahi hai, generator ka diesel bhi khatam hone wala hai",2026-06-13 09:04,2026-06-14 06:04,CLOSED,SWAROOP NAGAR,SWAROOP NAGAR SUBDIVISION,DIVISION-2,ZONE-1,CIRCLE-1,Supply Related (Miscellaneous),D. Yadav
KS06132611497,1025923469,meter ki reading bahut zyada aa rahi hai jabki consumption kam hua hai is mahine,2026-06-13 09:52,2026-06-14 14:52,CLOSED,TATMILL,TATMILL SUBDIVISION,DIVISION-3,ZONE-2,CIRCLE-2,Meter Related,S. Tiwari
KS06132612405,1056260071,"transformer bahut garam ho raha hai aur buzzing sound aa rahi hai, overload lag raha hai",2026-06-13 10:01,2026-06-13 23:01,CLOSED,PANKI,PANKI SUBDIVISION,DIVISION-5,ZONE-2,CIRCLE-3,Overloading,A. Hussain
KS06132611486,1052644955,"DT ka fuse baar baar gir raha hai, substation wale theek nahi karte, 3 baar shikayat kar chuke hain",2026-06-13 10:25,,PENDING,ARYA NAGAR,ARYA NAGAR SUBDIVISION,DIVISION-2,ZONE-1,CIRCLE-1,Fuse Off Call (FOC),R. Kashyap
KS06132612447,1072905830,line fault ke karan pura substation area mein supply thap ho gayi hai,2026-06-13 10:33,,PENDING,VIKAS NAGAR,VIKAS NAGAR SUBDIVISION,DIVISION-5,ZONE-2,CIRCLE-3,11KV Line Fault,A. Hussain
KS06132610677,1024014401,low voltage ki wajah se motor start nahi ho pa rahi hai,2026-06-13 10:42,,PENDING,ARYA NAGAR,ARYA NAGAR SUBDIVISION,DIVISION-2,ZONE-1,CIRCLE-1,Voltage Fluctuation,R. Kashyap
KS06132610874,1057117899,"pichle bill mein galat amount charge hua hai, correction chahiye",2026-06-13 10:56,2026-06-15 02:56,CLOSED,ARYA NAGAR,ARYA NAGAR SUBDIVISION,DIVISION-2,ZONE-1,CIRCLE-1,Billing Related,L. Awasthi
KS06132611233,1018707760,meter ki reading bahut zyada aa rahi hai jabki consumption kam hua hai is mahine,2026-06-13 11:21,2026-06-14 06:21,CLOSED,KAKADEO,KAKADEO SUBDIVISION,DIVISION-4,ZONE-2,CIRCLE-2,Meter Related,D. Yadav
KS06132610523,1014398783,"digital meter display kaam nahi kar raha, kuch bhi nahi dikh raha screen par",2026-06-13 11:31,2026-06-16 03:31,CLOSED,VIKAS NAGAR,VIKAS NAGAR SUBDIVISION,DIVISION-5,ZONE-2,CIRCLE-3,Meter Related,K. Pandey
KS06132611648,1067936641,temporary connection ki application pending hai construction site ke liye,2026-06-13 11:34,2026-06-23 04:34,CLOSED,ARYA NAGAR,ARYA NAGAR SUBDIVISION,DIVISION-2,ZONE-1,CIRCLE-1,New Connection,M. Verma
KS06132611617,1034484066,meter ki reading bahut zyada aa rahi hai jabki consumption kam hua hai is mahine,2026-06-13 11:44,,PENDING,KIDWAI NAGAR,KIDWAI NAGAR SUBDIVISION,DIVISION-2,ZONE-1,CIRCLE-1,Meter Related,V. Mishra
KS06132610338,1063486497,"11KV ki taar sadak par gir gayi hai, log ke pass se guzar rahe hain, koi accident na ho jaye",2026-06-13 11:53,2026-06-13 12:53,CLOSED,SWAROOP NAGAR,SWAROOP NAGAR SUBDIVISION,DIVISION-2,ZONE-1,CIRCLE-1,Wire Snapping/Pole Fault,S. Tiwari
KS06132611283,1091193469,meter ki reading bahut zyada aa rahi hai jabki consumption kam hua hai is mahine,2026-06-13 11:55,2026-06-13 20:55,CLOSED,TATMILL,TATMILL SUBDIVISION,DIVISION-3,ZONE-2,CIRCLE-2,Meter Related,K. Pandey
KS06132612240,1011422291,"DT se lagatar humming noise aa rahi hai, sabko lagta hai kabhi bhi phat sakta hai",2026-06-13 11:57,2026-06-14 06:57,CLOSED,TATMILL,TATMILL SUBDIVISION,DIVISION-3,ZONE-2,CIRCLE-2,Overloading,P. Kumar
KS06132610802,1011483398,"naye ghar ke liye connection application diye hue ek mahina ho gaya hai, abhi tak survey nahi hua",2026-06-13 12:17,,PENDING,YASHODA NAGAR,YASHODA NAGAR SUBDIVISION,DIVISION-4,ZONE-2,CIRCLE-2,New Connection,R. Kashyap
KS06132611031,1061776545,"pichle bill mein galat amount charge hua hai, correction chahiye",2026-06-13 12:42,,PENDING,DADA NAGAR,DADA NAGAR SUBDIVISION,DIVISION-5,ZONE-2,CIRCLE-3,Billing Related,S. Tiwari
KS06132610174,1064355019,"aspatal mein 20 ghante se bijli nahi hai, generator ka diesel bhi khatam hone wala hai",2026-06-13 13:03,2026-06-14 00:03,CLOSED,VIKAS NAGAR,VIKAS NAGAR SUBDIVISION,DIVISION-5,ZONE-2,CIRCLE-3,Supply Related (Miscellaneous),M. Verma
KS06132611823,1056762268,naya meter lagne ke baad se reading galat aa rahi hai har mahine,2026-06-13 13:16,2026-06-16 08:16,CLOSED,YASHODA NAGAR,YASHODA NAGAR SUBDIVISION,DIVISION-4,ZONE-2,CIRCLE-2,Meter Related,K. Pandey
KS06132610000,1066457919,"bill time par nahi mila is baar, late fee lag gayi hai bina wajah",2026-06-13 13:35,,PENDING,KAKADEO,KAKADEO SUBDIVISION,DIVISION-4,ZONE-2,CIRCLE-2,Billing Related,J. Singh
KS06132611215,1084354369,low voltage ki wajah se motor start nahi ho pa rahi hai,2026-06-13 13:40,2026-06-14 02:40,CLOSED,JAJMAU,JAJMAU SUBDIVISION,DIVISION-3,ZONE-2,CIRCLE-2,Voltage Fluctuation,V. Mishra
KS06132610098,1060671744,"24 ghante se zyada ho gaye bijli gayi hue, ghar mein pani bhi nahi aa raha pump ke bina",2026-06-13 14:22,2026-06-14 03:22,CLOSED,RING ROAD,RING ROAD SUBDIVISION,DIVISION-1,ZONE-1,CIRCLE-1,Supply Related (Miscellaneous),D. Yadav
KS06132611821,1038542392,"voltage bahut kam hai, sirf 180 volt aa raha hai, AC aur fridge kharab ho gaye",2026-06-13 14:28,2026-06-13 21:28,CLOSED,YASHODA NAGAR,YASHODA NAGAR SUBDIVISION,DIVISION-4,ZONE-2,CIRCLE-2,Voltage Fluctuation,S. Tiwari
KS06132610725,1096027447,"DT mein blast ho gaya, chingari nikal rahi hai, log dar ke maare ghar se bahar hain",2026-06-13 14:38,2026-06-13 18:38,CLOSED,RAWATPUR,RAWATPUR SUBDIVISION,DIVISION-3,ZONE-2,CIRCLE-2,DT Damaged/DT Fuse Burnt/Fire on DT,V. Mishra
KS06132612075,1070919029,"voltage bahut kam hai, sirf 180 volt aa raha hai, AC aur fridge kharab ho gaye",2026-06-13 14:50,,PENDING,KIDWAI NAGAR,KIDWAI NAGAR SUBDIVISION,DIVISION-2,ZONE-1,CIRCLE-1,Voltage Fluctuation,M. Verma
KS06132610788,1077511171,"pichle bill mein galat amount charge hua hai, correction chahiye",2026-06-13 14:58,2026-06-17 12:58,CLOSED,TATMILL,TATMILL SUBDIVISION,DIVISION-3,ZONE-2,CIRCLE-2,Billing Related,N. Srivastava
KS06132611094,1067592995,naya meter lagne ke baad se reading galat aa rahi hai har mahine,2026-06-13 15:13,,PENDING,VIKAS NAGAR,VIKAS NAGAR SUBDIVISION,DIVISION-5,ZONE-2,CIRCLE-3,Meter Related,A. Hussain
KS06132610863,1093594160,"voltage up-down ho raha hai lagatar, appliances damage ho rahe hain",2026-06-13 15:49,2026-06-14 20:49,CLOSED,COLONELGANJ,COLONELGANJ SUBDIVISION,DIVISION-1,ZONE-1,CIRCLE-1,Voltage Fluctuation,L. Awasthi
KS06132611382,1068373710,low voltage ki wajah se motor start nahi ho pa rahi hai,2026-06-13 15:53,2026-06-14 01:53,CLOSED,VIKAS NAGAR,VIKAS NAGAR SUBDIVISION,DIVISION-5,ZONE-2,CIRCLE-3,Voltage Fluctuation,L. Awasthi
KS06132611566,1010350473,"pole gir gaya hai bijli ki taar ke saath, bahut khatarnak sthiti hai",2026-06-13 16:29,2026-06-13 21:29,CLOSED,DADA NAGAR,DADA NAGAR SUBDIVISION,DIVISION-5,ZONE-2,CIRCLE-3,Wire Snapping/Pole Fault,J. Singh
KS06132610886,1036585171,"11KV line mein fault aa gaya hai, 6 ghante se bijli band hai poore ilake mein",2026-06-13 16:32,2026-06-14 20:32,CLOSED,RAWATPUR,RAWATPUR SUBDIVISION,DIVISION-3,ZONE-2,CIRCLE-2,11KV Line Fault,B. Gupta
KS06132611458,1027680656,"fuse off ho gaya hai kal raat se, poori gali mein andhera hai",2026-06-13 16:56,,PENDING,GOVIND NAGAR,GOVIND NAGAR SUBDIVISION,DIVISION-4,ZONE-2,CIRCLE-2,Fuse Off Call (FOC),D. Yadav
KS06132611915,1045645872,"poore mohalle mein pichle 18 ghanto se supply band hai, bachche aur budhe pareshan hain",2026-06-13 17:11,2026-06-14 02:11,CLOSED,VIKAS NAGAR,VIKAS NAGAR SUBDIVISION,DIVISION-5,ZONE-2,CIRCLE-3,Supply Related (Miscellaneous),N. Srivastava
KS06132610221,1047778882,"voltage bahut kam hai, sirf 180 volt aa raha hai, AC aur fridge kharab ho gaye",2026-06-13 17:14,,PENDING,TATMILL,TATMILL SUBDIVISION,DIVISION-3,ZONE-2,CIRCLE-2,Voltage Fluctuation,K. Pandey
KS06132610102,1045645872,"DT se lagatar humming noise aa rahi hai, sabko lagta hai kabhi bhi phat sakta hai",2026-06-13 17:16,2026-06-14 00:16,CLOSED,GOVIND NAGAR,GOVIND NAGAR SUBDIVISION,DIVISION-4,ZONE-2,CIRCLE-2,Overloading,V. Mishra
KS06132610357,1058897825,"bill time par nahi mila is baar, late fee lag gayi hai bina wajah",2026-06-13 17:23,2026-06-21 11:23,CLOSED,DADA NAGAR,DADA NAGAR SUBDIVISION,DIVISION-5,ZONE-2,CIRCLE-3,Billing Related,R. Kashyap
KS06132611418,1065405341,temporary connection ki application pending hai construction site ke liye,2026-06-13 17:32,,PENDING,RAWATPUR,RAWATPUR SUBDIVISION,DIVISION-3,ZONE-2,CIRCLE-2,New Connection,D. Yadav
KS06132610159,1082731605,"bill time par nahi mila is baar, late fee lag gayi hai bina wajah",2026-06-13 17:37,2026-06-19 04:37,CLOSED,BARRA,BARRA SUBDIVISION,DIVISION-5,ZONE-2,CIRCLE-3,Billing Related,A. Hussain
KS06132611812,1037836271,"pichle bill mein galat amount charge hua hai, correction chahiye",2026-06-13 17:45,,PENDING,YASHODA NAGAR,YASHODA NAGAR SUBDIVISION,DIVISION-4,ZONE-2,CIRCLE-2,Billing Related,J. Singh
KS06132610339,1047778882,"line ka fuse udh gaya tez hawa mein, dobara nahi laga abhi tak",2026-06-13 17:47,2026-06-16 05:47,CLOSED,JAJMAU,JAJMAU SUBDIVISION,DIVISION-3,ZONE-2,CIRCLE-2,Fuse Off Call (FOC),B. Gupta
KS06132611148,1084623543,low voltage ki wajah se motor start nahi ho pa rahi hai,2026-06-13 17:51,2026-06-16 04:51,CLOSED,SWAROOP NAGAR,SWAROOP NAGAR SUBDIVISION,DIVISION-2,ZONE-1,CIRCLE-1,Voltage Fluctuation,L. Awasthi
KS06132610845,1045854154,"naye ghar ke liye connection application diye hue ek mahina ho gaya hai, abhi tak survey nahi hua",2026-06-13 17:52,2026-06-18 10:52,CLOSED,YASHODA NAGAR,YASHODA NAGAR SUBDIVISION,DIVISION-4,ZONE-2,CIRCLE-2,New Connection,B. Gupta
KS06132610536,1034711321,"voltage bahut kam hai, sirf 180 volt aa raha hai, AC aur fridge kharab ho gaye",2026-06-13 17:59,2026-06-15 18:59,CLOSED,COLONELGANJ,COLONELGANJ SUBDIVISION,DIVISION-1,ZONE-1,CIRCLE-1,Voltage Fluctuation,R. Kashyap
KS06132610763,1041949073,"aspatal mein 20 ghante se bijli nahi hai, generator ka diesel bhi khatam hone wala hai",2026-06-13 18:04,2026-06-14 04:04,CLOSED,RAWATPUR,RAWATPUR SUBDIVISION,DIVISION-3,ZONE-2,CIRCLE-2,Supply Related (Miscellaneous),B. Gupta
KS06132611133,1052886009,"bill time par nahi mila is baar, late fee lag gayi hai bina wajah",2026-06-13 18:08,2026-06-17 19:08,CLOSED,RAWATPUR,RAWATPUR SUBDIVISION,DIVISION-3,ZONE-2,CIRCLE-2,Billing Related,P. Kumar
KS06132610812,1084617881,"line ka fuse udh gaya tez hawa mein, dobara nahi laga abhi tak",2026-06-13 18:17,,PENDING,COLONELGANJ,COLONELGANJ SUBDIVISION,DIVISION-1,ZONE-1,CIRCLE-1,Fuse Off Call (FOC),M. Verma
KS06132612351,1013712772,"load enhancement ke liye request diya tha, koi update nahi mila",2026-06-13 18:19,2026-06-22 11:19,CLOSED,ARYA NAGAR,ARYA NAGAR SUBDIVISION,DIVISION-2,ZONE-1,CIRCLE-1,New Connection,D. Yadav
KS06132610002,1017979448,"naye ghar ke liye connection application diye hue ek mahina ho gaya hai, abhi tak survey nahi hua",2026-06-13 18:21,,PENDING,RAWATPUR,RAWATPUR SUBDIVISION,DIVISION-3,ZONE-2,CIRCLE-2,New Connection,B. Gupta
KS06132612430,1065405341,"pichle bill mein galat amount charge hua hai, correction chahiye",2026-06-13 18:30,2026-06-15 07:30,CLOSED,COLONELGANJ,COLONELGANJ SUBDIVISION,DIVISION-1,ZONE-1,CIRCLE-1,Billing Related,B. Gupta
KS06132610416,1059068440,"aspatal mein 20 ghante se bijli nahi hai, generator ka diesel bhi khatam hone wala hai",2026-06-13 18:44,,PENDING,HARRISGANJ,HARRISGANJ SUBDIVISION,DIVISION-1,ZONE-1,CIRCLE-1,Supply Related (Miscellaneous),J. Singh
KS06132610227,1071434277,"voltage bahut kam hai, sirf 180 volt aa raha hai, AC aur fridge kharab ho gaye",2026-06-13 18:47,2026-06-14 09:47,CLOSED,BARRA,BARRA SUBDIVISION,DIVISION-5,ZONE-2,CIRCLE-3,Voltage Fluctuation,D. Yadav
KS06132612020,1039081248,naya meter lagne ke baad se reading galat aa rahi hai har mahine,2026-06-13 18:52,2026-06-14 11:52,CLOSED,SWAROOP NAGAR,SWAROOP NAGAR SUBDIVISION,DIVISION-2,ZONE-1,CIRCLE-1,Meter Related,R. Kashyap
KS06132610842,1071471345,low voltage ki wajah se motor start nahi ho pa rahi hai,2026-06-13 18:52,,PENDING,JAJMAU,JAJMAU SUBDIVISION,DIVISION-3,ZONE-2,CIRCLE-2,Voltage Fluctuation,R. Kashyap
KS06132611899,1019382519,"transformer se dhuaan aur jalne ki smell aa rahi hai, turant madad chahiye",2026-06-13 19:11,2026-06-14 00:11,CLOSED,YASHODA NAGAR,YASHODA NAGAR SUBDIVISION,DIVISION-4,ZONE-2,CIRCLE-2,DT Damaged/DT Fuse Burnt/Fire on DT,K. Pandey
KS06132611927,1052166499,"pichle bill mein galat amount charge hua hai, correction chahiye",2026-06-13 19:16,,PENDING,GOVIND NAGAR,GOVIND NAGAR SUBDIVISION,DIVISION-4,ZONE-2,CIRCLE-2,Billing Related,M. Verma
KS06132611297,1030389322,"poore mohalle mein pichle 18 ghanto se supply band hai, bachche aur budhe pareshan hain",2026-06-13 19:25,2026-06-14 08:25,CLOSED,JAJMAU,JAJMAU SUBDIVISION,DIVISION-3,ZONE-2,CIRCLE-2,Supply Related (Miscellaneous),M. Verma
KS06132610042,1055876118,"do mahine ka combined bill aaya hai, samajh nahi aa raha calculation",2026-06-13 19:28,,PENDING,PANKI,PANKI SUBDIVISION,DIVISION-5,ZONE-2,CIRCLE-3,Billing Related,R. Kashyap
KS06132611888,1036263114,"load enhancement ke liye request diya tha, koi update nahi mila",2026-06-13 19:39,2026-06-14 22:39,CLOSED,BARRA,BARRA SUBDIVISION,DIVISION-5,ZONE-2,CIRCLE-3,New Connection,P. Kumar
KS06132610700,1015184094,"DT se lagatar humming noise aa rahi hai, sabko lagta hai kabhi bhi phat sakta hai",2026-06-13 19:45,2026-06-14 21:45,CLOSED,BARRA,BARRA SUBDIVISION,DIVISION-5,ZONE-2,CIRCLE-3,Overloading,L. Awasthi
KS06132610639,1077868149,"naye ghar ke liye connection application diye hue ek mahina ho gaya hai, abhi tak survey nahi hua",2026-06-13 19:54,,PENDING,KAKADEO,KAKADEO SUBDIVISION,DIVISION-4,ZONE-2,CIRCLE-2,New Connection,R. Kashyap
KS06132611729,1084617881,line fault ke karan pura substation area mein supply thap ho gayi hai,2026-06-13 19:54,2026-06-14 04:54,CLOSED,RAWATPUR,RAWATPUR SUBDIVISION,DIVISION-3,ZONE-2,CIRCLE-2,11KV Line Fault,S. Tiwari
KS06132610959,1060220891,"voltage bahut kam hai, sirf 180 volt aa raha hai, AC aur fridge kharab ho gaye",2026-06-13 20:00,2026-06-16 02:00,CLOSED,RING ROAD,RING ROAD SUBDIVISION,DIVISION-1,ZONE-1,CIRCLE-1,Voltage Fluctuation,J. Singh
KS06132611392,1048969838,"poore mohalle mein pichle 18 ghanto se supply band hai, bachche aur budhe pareshan hain",2026-06-13 20:17,,PENDING,HARRISGANJ,HARRISGANJ SUBDIVISION,DIVISION-1,ZONE-1,CIRCLE-1,Supply Related (Miscellaneous),B. Gupta
KS06132610973,1076673370,"load enhancement ke liye request diya tha, koi update nahi mila",2026-06-13 20:22,2026-06-23 18:22,CLOSED,YASHODA NAGAR,YASHODA NAGAR SUBDIVISION,DIVISION-4,ZONE-2,CIRCLE-2,New Connection,L. Awasthi
KS06132611685,1054762507,"transformer bahut garam ho raha hai aur buzzing sound aa rahi hai, overload lag raha hai",2026-06-13 20:23,2026-06-13 23:23,CLOSED,ARYA NAGAR,ARYA NAGAR SUBDIVISION,DIVISION-2,ZONE-1,CIRCLE-1,Overloading,R. Kashyap
KS06132610612,1096642904,"line ka fuse udh gaya tez hawa mein, dobara nahi laga abhi tak",2026-06-13 20:33,2026-06-15 05:33,CLOSED,BARRA,BARRA SUBDIVISION,DIVISION-5,ZONE-2,CIRCLE-3,Fuse Off Call (FOC),N. Srivastava
KS06132611405,1092198645,"DT se lagatar humming noise aa rahi hai, sabko lagta hai kabhi bhi phat sakta hai",2026-06-13 20:35,2026-06-14 05:35,CLOSED,GOVIND NAGAR,GOVIND NAGAR SUBDIVISION,DIVISION-4,ZONE-2,CIRCLE-2,Overloading,P. Kumar
KS06132611913,1062933170,low voltage ki wajah se motor start nahi ho pa rahi hai,2026-06-13 20:42,2026-06-15 22:42,CLOSED,SWAROOP NAGAR,SWAROOP NAGAR SUBDIVISION,DIVISION-2,ZONE-1,CIRCLE-1,Voltage Fluctuation,P. Kumar
KS06132611285,1088561915,"line ka fuse udh gaya tez hawa mein, dobara nahi laga abhi tak",2026-06-13 21:14,,PENDING,BARRA,BARRA SUBDIVISION,DIVISION-5,ZONE-2,CIRCLE-3,Fuse Off Call (FOC),R. Kashyap
KS06132610828,1082729731,temporary connection ki application pending hai construction site ke liye,2026-06-13 21:32,2026-06-21 04:32,CLOSED,VIKAS NAGAR,VIKAS NAGAR SUBDIVISION,DIVISION-5,ZONE-2,CIRCLE-3,New Connection,A. Hussain
KS06132611343,1088736575,"voltage bahut kam hai, sirf 180 volt aa raha hai, AC aur fridge kharab ho gaye",2026-06-13 21:46,2026-06-15 09:46,CLOSED,HARRISGANJ,HARRISGANJ SUBDIVISION,DIVISION-1,ZONE-1,CIRCLE-1,Voltage Fluctuation,L. Awasthi
KS06132610461,1030945892,"aspatal mein 20 ghante se bijli nahi hai, generator ka diesel bhi khatam hone wala hai",2026-06-13 21:59,2026-06-14 07:59,CLOSED,TATMILL,TATMILL SUBDIVISION,DIVISION-3,ZONE-2,CIRCLE-2,Supply Related (Miscellaneous),V. Mishra
KS06132611662,1038769900,"bill time par nahi mila is baar, late fee lag gayi hai bina wajah",2026-06-13 22:12,,PENDING,KIDWAI NAGAR,KIDWAI NAGAR SUBDIVISION,DIVISION-2,ZONE-1,CIRCLE-1,Billing Related,P. Kumar
KS06132612420,1079698874,"poore mohalle mein pichle 18 ghanto se supply band hai, bachche aur budhe pareshan hain",2026-06-13 22:35,,PENDING,DADA NAGAR,DADA NAGAR SUBDIVISION,DIVISION-5,ZONE-2,CIRCLE-3,Supply Related (Miscellaneous),S. Tiwari
KS06132610464,1094335644,meter ki reading bahut zyada aa rahi hai jabki consumption kam hua hai is mahine,2026-06-13 22:45,2026-06-14 04:45,CLOSED,BARRA,BARRA SUBDIVISION,DIVISION-5,ZONE-2,CIRCLE-3,Meter Related,S. Tiwari
KS06132610827,1023814298,"DT se lagatar humming noise aa rahi hai, sabko lagta hai kabhi bhi phat sakta hai",2026-06-13 23:23,2026-06-14 18:23,CLOSED,VIKAS NAGAR,VIKAS NAGAR SUBDIVISION,DIVISION-5,ZONE-2,CIRCLE-3,Overloading,L. Awasthi
KS06132610169,1069812173,"DT ka fuse baar baar gir raha hai, substation wale theek nahi karte, 3 baar shikayat kar chuke hain",2026-06-13 23:37,2026-06-14 10:37,CLOSED,PANKI,PANKI SUBDIVISION,DIVISION-5,ZONE-2,CIRCLE-3,Fuse Off Call (FOC),P. Kumar
KS06132611577,1080824701,"load enhancement ke liye request diya tha, koi update nahi mila",2026-06-13 23:55,2026-06-17 11:55,CLOSED,RAWATPUR,RAWATPUR SUBDIVISION,DIVISION-3,ZONE-2,CIRCLE-2,New Connection,V. Mishra
KS06142610134,1092098479,"digital meter display kaam nahi kar raha, kuch bhi nahi dikh raha screen par",2026-06-14 00:29,2026-06-14 17:29,CLOSED,HARRISGANJ,HARRISGANJ SUBDIVISION,DIVISION-1,ZONE-1,CIRCLE-1,Meter Related,K. Pandey
KS06142612467,1065792437,meter ki reading bahut zyada aa rahi hai jabki consumption kam hua hai is mahine,2026-06-14 00:40,2026-06-16 11:40,CLOSED,SWAROOP NAGAR,SWAROOP NAGAR SUBDIVISION,DIVISION-2,ZONE-1,CIRCLE-1,Meter Related,V. Mishra
KS06142610214,1051651903,"bill time par nahi mila is baar, late fee lag gayi hai bina wajah",2026-06-14 04:00,2026-06-20 17:00,CLOSED,TATMILL,TATMILL SUBDIVISION,DIVISION-3,ZONE-2,CIRCLE-2,Billing Related,L. Awasthi
KS06142611041,1096642904,naya meter lagne ke baad se reading galat aa rahi hai har mahine,2026-06-14 04:30,2026-06-16 08:30,CLOSED,KIDWAI NAGAR,KIDWAI NAGAR SUBDIVISION,DIVISION-2,ZONE-1,CIRCLE-1,Meter Related,R. Kashyap
KS06142611294,1035669897,line fault ke karan pura substation area mein supply thap ho gayi hai,2026-06-14 05:23,2026-06-14 15:23,CLOSED,BARRA,BARRA SUBDIVISION,DIVISION-5,ZONE-2,CIRCLE-3,11KV Line Fault,N. Srivastava
KS06142611383,1017235259,"line ka fuse udh gaya tez hawa mein, dobara nahi laga abhi tak",2026-06-14 06:05,2026-06-14 12:05,CLOSED,BARRA,BARRA SUBDIVISION,DIVISION-5,ZONE-2,CIRCLE-3,Fuse Off Call (FOC),D. Yadav
KS06142611963,1065285365,"24 ghante se zyada ho gaye bijli gayi hue, ghar mein pani bhi nahi aa raha pump ke bina",2026-06-14 06:08,,PENDING,BARRA,BARRA SUBDIVISION,DIVISION-5,ZONE-2,CIRCLE-3,Supply Related (Miscellaneous),R. Kashyap
KS06142612204,1069754930,line fault ke karan pura substation area mein supply thap ho gayi hai,2026-06-14 06:49,2026-06-15 11:49,CLOSED,BARRA,BARRA SUBDIVISION,DIVISION-5,ZONE-2,CIRCLE-3,11KV Line Fault,J. Singh
KS06142610290,1012413185,"bill time par nahi mila is baar, late fee lag gayi hai bina wajah",2026-06-14 07:12,2026-06-19 00:12,CLOSED,PANKI,PANKI SUBDIVISION,DIVISION-5,ZONE-2,CIRCLE-3,Billing Related,M. Verma
KS06142612107,1085662654,"DT ka fuse baar baar gir raha hai, substation wale theek nahi karte, 3 baar shikayat kar chuke hain",2026-06-14 07:49,2026-06-16 03:49,CLOSED,COLONELGANJ,COLONELGANJ SUBDIVISION,DIVISION-1,ZONE-1,CIRCLE-1,Fuse Off Call (FOC),A. Hussain
KS06142612381,1011483398,"transformer bahut garam ho raha hai aur buzzing sound aa rahi hai, overload lag raha hai",2026-06-14 08:35,2026-06-15 13:35,CLOSED,HARRISGANJ,HARRISGANJ SUBDIVISION,DIVISION-1,ZONE-1,CIRCLE-1,Overloading,B. Gupta
KS06142610674,1089854904,"digital meter display kaam nahi kar raha, kuch bhi nahi dikh raha screen par",2026-06-14 08:37,2026-06-14 15:37,CLOSED,TATMILL,TATMILL SUBDIVISION,DIVISION-3,ZONE-2,CIRCLE-2,Meter Related,S. Tiwari
KS06142611984,1091224096,meter ki reading bahut zyada aa rahi hai jabki consumption kam hua hai is mahine,2026-06-14 08:55,2026-06-14 19:55,CLOSED,COLONELGANJ,COLONELGANJ SUBDIVISION,DIVISION-1,ZONE-1,CIRCLE-1,Meter Related,A. Hussain
KS06142610482,1021281856,"digital meter display kaam nahi kar raha, kuch bhi nahi dikh raha screen par",2026-06-14 09:35,,PENDING,DADA NAGAR,DADA NAGAR SUBDIVISION,DIVISION-5,ZONE-2,CIRCLE-3,Meter Related,P. Kumar
KS06142610671,1011115749,meter ki reading bahut zyada aa rahi hai jabki consumption kam hua hai is mahine,2026-06-14 09:55,2026-06-16 13:55,CLOSED,DADA NAGAR,DADA NAGAR SUBDIVISION,DIVISION-5,ZONE-2,CIRCLE-3,Meter Related,N. Srivastava
KS06142612132,1051272534,"fuse off ho gaya hai kal raat se, poori gali mein andhera hai",2026-06-14 10:14,2026-06-17 09:14,CLOSED,KIDWAI NAGAR,KIDWAI NAGAR SUBDIVISION,DIVISION-2,ZONE-1,CIRCLE-1,Fuse Off Call (FOC),S. Tiwari
KS06142610693,1040574534,"high tension line mein kharabi hai, JE sahab abhi tak nahi aaye",2026-06-14 10:26,2026-06-14 13:26,CLOSED,BARRA,BARRA SUBDIVISION,DIVISION-5,ZONE-2,CIRCLE-3,11KV Line Fault,V. Mishra
KS06142611246,1014992395,naya meter lagne ke baad se reading galat aa rahi hai har mahine,2026-06-14 10:39,2026-06-15 03:39,CLOSED,KAKADEO,KAKADEO SUBDIVISION,DIVISION-4,ZONE-2,CIRCLE-2,Meter Related,K. Pandey
KS06142611419,1087676054,"fuse off ho gaya hai kal raat se, poori gali mein andhera hai",2026-06-14 10:54,2026-06-16 01:54,CLOSED,KIDWAI NAGAR,KIDWAI NAGAR SUBDIVISION,DIVISION-2,ZONE-1,CIRCLE-1,Fuse Off Call (FOC),M. Verma
KS06142612182,1024688601,"do mahine ka combined bill aaya hai, samajh nahi aa raha calculation",2026-06-14 11:28,2026-06-23 20:28,CLOSED,VIKAS NAGAR,VIKAS NAGAR SUBDIVISION,DIVISION-5,ZONE-2,CIRCLE-3,Billing Related,A. Hussain
KS06142611216,1067629890,"11KV line mein fault aa gaya hai, 6 ghante se bijli band hai poore ilake mein",2026-06-14 11:48,2026-06-15 15:48,CLOSED,HARRISGANJ,HARRISGANJ SUBDIVISION,DIVISION-1,ZONE-1,CIRCLE-1,11KV Line Fault,P. Kumar
KS06142610278,1031819720,"load enhancement ke liye request diya tha, koi update nahi mila",2026-06-14 11:49,2026-06-17 19:49,CLOSED,BARRA,BARRA SUBDIVISION,DIVISION-5,ZONE-2,CIRCLE-3,New Connection,V. Mishra
KS06142611432,1093098129,"transformer se dhuaan aur jalne ki smell aa rahi hai, turant madad chahiye",2026-06-14 12:06,2026-06-14 17:06,CLOSED,KIDWAI NAGAR,KIDWAI NAGAR SUBDIVISION,DIVISION-2,ZONE-1,CIRCLE-1,DT Damaged/DT Fuse Burnt/Fire on DT,P. Kumar
KS06142610274,1068949632,meter ki reading bahut zyada aa rahi hai jabki consumption kam hua hai is mahine,2026-06-14 12:24,,PENDING,TATMILL,TATMILL SUBDIVISION,DIVISION-3,ZONE-2,CIRCLE-2,Meter Related,P. Kumar
KS06142610283,1067353386,"transformer bahut garam ho raha hai aur buzzing sound aa rahi hai, overload lag raha hai",2026-06-14 13:10,2026-06-14 23:10,CLOSED,RING ROAD,RING ROAD SUBDIVISION,DIVISION-1,ZONE-1,CIRCLE-1,Overloading,N. Srivastava
KS06142612081,1017355245,"24 ghante se zyada ho gaye bijli gayi hue, ghar mein pani bhi nahi aa raha pump ke bina",2026-06-14 13:20,2026-06-15 05:20,CLOSED,DADA NAGAR,DADA NAGAR SUBDIVISION,DIVISION-5,ZONE-2,CIRCLE-3,Supply Related (Miscellaneous),A. Hussain
KS06142611221,1025178039,"transformer bahut garam ho raha hai aur buzzing sound aa rahi hai, overload lag raha hai",2026-06-14 13:31,2026-06-15 03:31,CLOSED,DADA NAGAR,DADA NAGAR SUBDIVISION,DIVISION-5,ZONE-2,CIRCLE-3,Overloading,P. Kumar
KS06142611040,1082339078,"khuli taar se sparking ho rahi hai road ke pass, karnt lagne ka khatra hai",2026-06-14 13:43,2026-06-14 14:43,CLOSED,GOVIND NAGAR,GOVIND NAGAR SUBDIVISION,DIVISION-4,ZONE-2,CIRCLE-2,Wire Snapping/Pole Fault,S. Tiwari
KS06142611983,1058897825,gर्मी mein overloading ki wajah se baar baar trip ho raha hai transformer,2026-06-14 13:46,2026-06-14 21:46,CLOSED,RING ROAD,RING ROAD SUBDIVISION,DIVISION-1,ZONE-1,CIRCLE-1,Overloading,B. Gupta
KS06142611234,1092996209,"transformer bahut garam ho raha hai aur buzzing sound aa rahi hai, overload lag raha hai",2026-06-14 13:51,,PENDING,KAKADEO,KAKADEO SUBDIVISION,DIVISION-4,ZONE-2,CIRCLE-2,Overloading,A. Hussain
KS06142611903,1064355019,"poore mohalle mein pichle 18 ghanto se supply band hai, bachche aur budhe pareshan hain",2026-06-14 13:56,2026-06-15 15:56,CLOSED,SWAROOP NAGAR,SWAROOP NAGAR SUBDIVISION,DIVISION-2,ZONE-1,CIRCLE-1,Supply Related (Miscellaneous),B. Gupta
KS06142610173,1055501422,"DT ka fuse baar baar gir raha hai, substation wale theek nahi karte, 3 baar shikayat kar chuke hain",2026-06-14 14:10,2026-06-16 14:10,CLOSED,ARYA NAGAR,ARYA NAGAR SUBDIVISION,DIVISION-2,ZONE-1,CIRCLE-1,Fuse Off Call (FOC),M. Verma
KS06142610220,1014992395,line fault ke karan pura substation area mein supply thap ho gayi hai,2026-06-14 14:12,2026-06-14 16:12,CLOSED,VIKAS NAGAR,VIKAS NAGAR SUBDIVISION,DIVISION-5,ZONE-2,CIRCLE-3,11KV Line Fault,N. Srivastava
KS06142610154,1067529138,"11KV ki taar sadak par gir gayi hai, log ke pass se guzar rahe hain, koi accident na ho jaye",2026-06-14 14:25,2026-06-14 17:25,CLOSED,COLONELGANJ,COLONELGANJ SUBDIVISION,DIVISION-1,ZONE-1,CIRCLE-1,Wire Snapping/Pole Fault,K. Pandey
KS06142611261,1041975338,"high tension line mein kharabi hai, JE sahab abhi tak nahi aaye",2026-06-14 14:30,,PENDING,DADA NAGAR,DADA NAGAR SUBDIVISION,DIVISION-5,ZONE-2,CIRCLE-3,11KV Line Fault,K. Pandey
KS06142610483,1064355019,"high tension line mein kharabi hai, JE sahab abhi tak nahi aaye",2026-06-14 14:31,2026-06-15 09:31,CLOSED,GOVIND NAGAR,GOVIND NAGAR SUBDIVISION,DIVISION-4,ZONE-2,CIRCLE-2,11KV Line Fault,J. Singh
KS06142611354,1018379839,"load enhancement ke liye request diya tha, koi update nahi mila",2026-06-14 15:18,2026-06-21 05:18,CLOSED,GOVIND NAGAR,GOVIND NAGAR SUBDIVISION,DIVISION-4,ZONE-2,CIRCLE-2,New Connection,S. Tiwari
KS06142611588,1018707760,"transformer bahut garam ho raha hai aur buzzing sound aa rahi hai, overload lag raha hai",2026-06-14 15:24,2026-06-15 12:24,CLOSED,RING ROAD,RING ROAD SUBDIVISION,DIVISION-1,ZONE-1,CIRCLE-1,Overloading,L. Awasthi
KS06142612446,1057479038,"transformer mein aag lag gayi aur dhuaan nikal raha hai, poori colony andhere mein hai",2026-06-14 15:30,2026-06-14 18:30,CLOSED,SWAROOP NAGAR,SWAROOP NAGAR SUBDIVISION,DIVISION-2,ZONE-1,CIRCLE-1,DT Damaged/DT Fuse Burnt/Fire on DT,D. Yadav
KS06142610869,1057479038,"24 ghante se zyada ho gaye bijli gayi hue, ghar mein pani bhi nahi aa raha pump ke bina",2026-06-14 15:38,2026-06-15 15:38,CLOSED,TATMILL,TATMILL SUBDIVISION,DIVISION-3,ZONE-2,CIRCLE-2,Supply Related (Miscellaneous),V. Mishra
KS06142610233,1039081248,"digital meter display kaam nahi kar raha, kuch bhi nahi dikh raha screen par",2026-06-14 15:39,2026-06-16 04:39,CLOSED,VIKAS NAGAR,VIKAS NAGAR SUBDIVISION,DIVISION-5,ZONE-2,CIRCLE-3,Meter Related,S. Tiwari
KS06142610979,1074466205,"aspatal mein 20 ghante se bijli nahi hai, generator ka diesel bhi khatam hone wala hai",2026-06-14 16:08,2026-06-15 17:08,CLOSED,RAWATPUR,RAWATPUR SUBDIVISION,DIVISION-3,ZONE-2,CIRCLE-2,Supply Related (Miscellaneous),A. Hussain
KS06142610362,1022896134,"24 ghante se zyada ho gaye bijli gayi hue, ghar mein pani bhi nahi aa raha pump ke bina",2026-06-14 16:12,2026-06-15 16:12,CLOSED,BARRA,BARRA SUBDIVISION,DIVISION-5,ZONE-2,CIRCLE-3,Supply Related (Miscellaneous),L. Awasthi
KS06142610650,1018707760,"11KV line mein fault aa gaya hai, 6 ghante se bijli band hai poore ilake mein",2026-06-14 16:25,2026-06-15 05:25,CLOSED,HARRISGANJ,HARRISGANJ SUBDIVISION,DIVISION-1,ZONE-1,CIRCLE-1,11KV Line Fault,R. Kashyap
KS06142610345,1079437812,"pichle bill mein galat amount charge hua hai, correction chahiye",2026-06-14 16:37,2026-06-18 22:37,CLOSED,COLONELGANJ,COLONELGANJ SUBDIVISION,DIVISION-1,ZONE-1,CIRCLE-1,Billing Related,B. Gupta
KS06142612399,1029847887,low voltage ki wajah se motor start nahi ho pa rahi hai,2026-06-14 16:45,2026-06-17 04:45,CLOSED,DADA NAGAR,DADA NAGAR SUBDIVISION,DIVISION-5,ZONE-2,CIRCLE-3,Voltage Fluctuation,A. Hussain
KS06142610263,1022896134,"aspatal mein 20 ghante se bijli nahi hai, generator ka diesel bhi khatam hone wala hai",2026-06-14 17:38,2026-06-15 07:38,CLOSED,BARRA,BARRA SUBDIVISION,DIVISION-5,ZONE-2,CIRCLE-3,Supply Related (Miscellaneous),V. Mishra
KS06142610972,1058441680,"poore mohalle mein pichle 18 ghanto se supply band hai, bachche aur budhe pareshan hain",2026-06-14 17:44,2026-06-15 22:44,CLOSED,PANKI,PANKI SUBDIVISION,DIVISION-5,ZONE-2,CIRCLE-3,Supply Related (Miscellaneous),B. Gupta
KS06142611454,1054935222,"high tension line mein kharabi hai, JE sahab abhi tak nahi aaye",2026-06-14 17:58,2026-06-14 19:58,CLOSED,VIKAS NAGAR,VIKAS NAGAR SUBDIVISION,DIVISION-5,ZONE-2,CIRCLE-3,11KV Line Fault,L. Awasthi
KS06142610952,1065285365,gर्मी mein overloading ki wajah se baar baar trip ho raha hai transformer,2026-06-14 18:00,2026-06-14 22:00,CLOSED,VIKAS NAGAR,VIKAS NAGAR SUBDIVISION,DIVISION-5,ZONE-2,CIRCLE-3,Overloading,L. Awasthi
KS06142610045,1024266410,"do mahine ka combined bill aaya hai, samajh nahi aa raha calculation",2026-06-14 18:10,2026-06-22 14:10,CLOSED,ARYA NAGAR,ARYA NAGAR SUBDIVISION,DIVISION-2,ZONE-1,CIRCLE-1,Billing Related,M. Verma
KS06142610698,1052886009,meter ki reading bahut zyada aa rahi hai jabki consumption kam hua hai is mahine,2026-06-14 18:12,2026-06-16 10:12,CLOSED,BARRA,BARRA SUBDIVISION,DIVISION-5,ZONE-2,CIRCLE-3,Meter Related,L. Awasthi
KS06142611935,1022554896,"pole gir gaya hai bijli ki taar ke saath, bahut khatarnak sthiti hai",2026-06-14 18:18,2026-06-14 21:18,CLOSED,DADA NAGAR,DADA NAGAR SUBDIVISION,DIVISION-5,ZONE-2,CIRCLE-3,Wire Snapping/Pole Fault,R. Kashyap
KS06142611639,1096151806,"pichle bill mein galat amount charge hua hai, correction chahiye",2026-06-14 18:42,2026-06-16 14:42,CLOSED,HARRISGANJ,HARRISGANJ SUBDIVISION,DIVISION-1,ZONE-1,CIRCLE-1,Billing Related,K. Pandey
KS06142610871,1066067949,"transformer se dhuaan aur jalne ki smell aa rahi hai, turant madad chahiye",2026-06-14 18:51,2026-06-15 01:51,CLOSED,SWAROOP NAGAR,SWAROOP NAGAR SUBDIVISION,DIVISION-2,ZONE-1,CIRCLE-1,DT Damaged/DT Fuse Burnt/Fire on DT,J. Singh
KS06142612491,1036935721,"high tension line mein kharabi hai, JE sahab abhi tak nahi aaye",2026-06-14 19:14,2026-06-15 21:14,CLOSED,SWAROOP NAGAR,SWAROOP NAGAR SUBDIVISION,DIVISION-2,ZONE-1,CIRCLE-1,11KV Line Fault,B. Gupta
KS06142611536,1094401251,"bill time par nahi mila is baar, late fee lag gayi hai bina wajah",2026-06-14 19:22,2026-06-18 00:22,CLOSED,GOVIND NAGAR,GOVIND NAGAR SUBDIVISION,DIVISION-4,ZONE-2,CIRCLE-2,Billing Related,J. Singh
KS06142610950,1055088488,"voltage bahut kam hai, sirf 180 volt aa raha hai, AC aur fridge kharab ho gaye",2026-06-14 19:39,2026-06-15 04:39,CLOSED,RING ROAD,RING ROAD SUBDIVISION,DIVISION-1,ZONE-1,CIRCLE-1,Voltage Fluctuation,N. Srivastava
KS06142612367,1071471345,"voltage bahut kam hai, sirf 180 volt aa raha hai, AC aur fridge kharab ho gaye",2026-06-14 19:42,,PENDING,PANKI,PANKI SUBDIVISION,DIVISION-5,ZONE-2,CIRCLE-3,Voltage Fluctuation,K. Pandey
KS06142611027,1017986104,"high tension line mein kharabi hai, JE sahab abhi tak nahi aaye",2026-06-14 19:43,,PENDING,COLONELGANJ,COLONELGANJ SUBDIVISION,DIVISION-1,ZONE-1,CIRCLE-1,11KV Line Fault,R. Kashyap
KS06142612301,1041610063,"pichle bill mein galat amount charge hua hai, correction chahiye",2026-06-14 20:04,,PENDING,RING ROAD,RING ROAD SUBDIVISION,DIVISION-1,ZONE-1,CIRCLE-1,Billing Related,S. Tiwari
KS06142610050,1058441680,"24 ghante se zyada ho gaye bijli gayi hue, ghar mein pani bhi nahi aa raha pump ke bina",2026-06-14 20:17,2026-06-15 20:17,CLOSED,GOVIND NAGAR,GOVIND NAGAR SUBDIVISION,DIVISION-4,ZONE-2,CIRCLE-2,Supply Related (Miscellaneous),M. Verma
KS06142611480,1043775032,"voltage up-down ho raha hai lagatar, appliances damage ho rahe hain",2026-06-14 20:28,2026-06-17 06:28,CLOSED,BARRA,BARRA SUBDIVISION,DIVISION-5,ZONE-2,CIRCLE-3,Voltage Fluctuation,B. Gupta
KS06142612155,1054805409,temporary connection ki application pending hai construction site ke liye,2026-06-14 20:35,2026-06-24 09:35,CLOSED,YASHODA NAGAR,YASHODA NAGAR SUBDIVISION,DIVISION-4,ZONE-2,CIRCLE-2,New Connection,D. Yadav
KS06142612315,1048969838,gर्मी mein overloading ki wajah se baar baar trip ho raha hai transformer,2026-06-14 20:36,2026-06-15 03:36,CLOSED,VIKAS NAGAR,VIKAS NAGAR SUBDIVISION,DIVISION-5,ZONE-2,CIRCLE-3,Overloading,M. Verma
KS06142610544,1066457919,"aspatal mein 20 ghante se bijli nahi hai, generator ka diesel bhi khatam hone wala hai",2026-06-14 20:38,,PENDING,ARYA NAGAR,ARYA NAGAR SUBDIVISION,DIVISION-2,ZONE-1,CIRCLE-1,Supply Related (Miscellaneous),V. Mishra
KS06142612150,1066354335,naya meter lagne ke baad se reading galat aa rahi hai har mahine,2026-06-14 21:38,,PENDING,JAJMAU,JAJMAU SUBDIVISION,DIVISION-3,ZONE-2,CIRCLE-2,Meter Related,R. Kashyap
KS06142612279,1092321680,meter ki reading bahut zyada aa rahi hai jabki consumption kam hua hai is mahine,2026-06-14 22:25,2026-06-15 15:25,CLOSED,BARRA,BARRA SUBDIVISION,DIVISION-5,ZONE-2,CIRCLE-3,Meter Related,P. Kumar
KS06142612378,1037064109,"24 ghante se zyada ho gaye bijli gayi hue, ghar mein pani bhi nahi aa raha pump ke bina",2026-06-14 22:26,2026-06-15 13:26,CLOSED,DADA NAGAR,DADA NAGAR SUBDIVISION,DIVISION-5,ZONE-2,CIRCLE-3,Supply Related (Miscellaneous),M. Verma
KS06142611208,1052886009,"transformer bahut garam ho raha hai aur buzzing sound aa rahi hai, overload lag raha hai",2026-06-14 22:51,2026-06-15 00:51,CLOSED,BARRA,BARRA SUBDIVISION,DIVISION-5,ZONE-2,CIRCLE-3,Overloading,M. Verma
KS06142611273,1092098479,meter ki reading bahut zyada aa rahi hai jabki consumption kam hua hai is mahine,2026-06-14 22:52,2026-06-16 08:52,CLOSED,PANKI,PANKI SUBDIVISION,DIVISION-5,ZONE-2,CIRCLE-3,Meter Related,L. Awasthi
KS06142611526,1065813198,"11KV line mein fault aa gaya hai, 6 ghante se bijli band hai poore ilake mein",2026-06-14 23:09,2026-06-15 21:09,CLOSED,RAWATPUR,RAWATPUR SUBDIVISION,DIVISION-3,ZONE-2,CIRCLE-2,11KV Line Fault,S. Tiwari
KS06152611126,1091832540,low voltage ki wajah se motor start nahi ho pa rahi hai,2026-06-15 00:43,,PENDING,GOVIND NAGAR,GOVIND NAGAR SUBDIVISION,DIVISION-4,ZONE-2,CIRCLE-2,Voltage Fluctuation,B. Gupta
KS06152611420,1072349440,"pichle bill mein galat amount charge hua hai, correction chahiye",2026-06-15 06:52,2026-06-16 23:52,CLOSED,BARRA,BARRA SUBDIVISION,DIVISION-5,ZONE-2,CIRCLE-3,Billing Related,L. Awasthi
KS06152610647,1027808126,low voltage ki wajah se motor start nahi ho pa rahi hai,2026-06-15 07:11,,PENDING,RING ROAD,RING ROAD SUBDIVISION,DIVISION-1,ZONE-1,CIRCLE-1,Voltage Fluctuation,S. Tiwari
KS06152611937,1085996774,naya meter lagne ke baad se reading galat aa rahi hai har mahine,2026-06-15 08:10,2026-06-17 23:10,CLOSED,PANKI,PANKI SUBDIVISION,DIVISION-5,ZONE-2,CIRCLE-3,Meter Related,R. Kashyap
KS06152611495,1074060385,"digital meter display kaam nahi kar raha, kuch bhi nahi dikh raha screen par",2026-06-15 08:31,,PENDING,TATMILL,TATMILL SUBDIVISION,DIVISION-3,ZONE-2,CIRCLE-2,Meter Related,B. Gupta
KS06152611990,1023315222,"11KV ki taar sadak par gir gayi hai, log ke pass se guzar rahe hain, koi accident na ho jaye",2026-06-15 09:14,2026-06-15 15:14,CLOSED,TATMILL,TATMILL SUBDIVISION,DIVISION-3,ZONE-2,CIRCLE-2,Wire Snapping/Pole Fault,P. Kumar
KS06152611553,1048818644,"11KV line mein fault aa gaya hai, 6 ghante se bijli band hai poore ilake mein",2026-06-15 09:48,,PENDING,YASHODA NAGAR,YASHODA NAGAR SUBDIVISION,DIVISION-4,ZONE-2,CIRCLE-2,11KV Line Fault,D. Yadav
KS06152610734,1038033755,"11KV ki taar sadak par gir gayi hai, log ke pass se guzar rahe hain, koi accident na ho jaye",2026-06-15 10:01,2026-06-15 11:01,CLOSED,JAJMAU,JAJMAU SUBDIVISION,DIVISION-3,ZONE-2,CIRCLE-2,Wire Snapping/Pole Fault,J. Singh
KS06152611855,1067936641,"DT ka fuse baar baar gir raha hai, substation wale theek nahi karte, 3 baar shikayat kar chuke hain",2026-06-15 10:05,2026-06-16 00:05,CLOSED,YASHODA NAGAR,YASHODA NAGAR SUBDIVISION,DIVISION-4,ZONE-2,CIRCLE-2,Fuse Off Call (FOC),V. Mishra
KS06152612311,1033614962,"11KV ki taar sadak par gir gayi hai, log ke pass se guzar rahe hain, koi accident na ho jaye",2026-06-15 10:14,2026-06-15 16:14,CLOSED,COLONELGANJ,COLONELGANJ SUBDIVISION,DIVISION-1,ZONE-1,CIRCLE-1,Wire Snapping/Pole Fault,K. Pandey
KS06152611678,1036263114,temporary connection ki application pending hai construction site ke liye,2026-06-15 10:26,2026-06-22 11:26,CLOSED,KIDWAI NAGAR,KIDWAI NAGAR SUBDIVISION,DIVISION-2,ZONE-1,CIRCLE-1,New Connection,K. Pandey
KS06152610296,1071434277,"fuse off ho gaya hai kal raat se, poori gali mein andhera hai",2026-06-15 10:28,2026-06-17 18:28,CLOSED,HARRISGANJ,HARRISGANJ SUBDIVISION,DIVISION-1,ZONE-1,CIRCLE-1,Fuse Off Call (FOC),M. Verma
KS06152611263,1092209028,"line ka fuse udh gaya tez hawa mein, dobara nahi laga abhi tak",2026-06-15 10:43,2026-06-18 06:43,CLOSED,HARRISGANJ,HARRISGANJ SUBDIVISION,DIVISION-1,ZONE-1,CIRCLE-1,Fuse Off Call (FOC),P. Kumar
KS06152611817,1014458726,low voltage ki wajah se motor start nahi ho pa rahi hai,2026-06-15 10:47,,PENDING,HARRISGANJ,HARRISGANJ SUBDIVISION,DIVISION-1,ZONE-1,CIRCLE-1,Voltage Fluctuation,S. Tiwari
KS06152612485,1070616233,line fault ke karan pura substation area mein supply thap ho gayi hai,2026-06-15 10:50,2026-06-16 14:50,CLOSED,ARYA NAGAR,ARYA NAGAR SUBDIVISION,DIVISION-2,ZONE-1,CIRCLE-1,11KV Line Fault,A. Hussain
KS06152612395,1038942568,"line ka fuse udh gaya tez hawa mein, dobara nahi laga abhi tak",2026-06-15 11:08,2026-06-17 22:08,CLOSED,TATMILL,TATMILL SUBDIVISION,DIVISION-3,ZONE-2,CIRCLE-2,Fuse Off Call (FOC),P. Kumar
KS06152611824,1089371648,"bill time par nahi mila is baar, late fee lag gayi hai bina wajah",2026-06-15 11:30,2026-06-22 04:30,CLOSED,COLONELGANJ,COLONELGANJ SUBDIVISION,DIVISION-1,ZONE-1,CIRCLE-1,Billing Related,B. Gupta
KS06152612178,1023589381,"transformer bahut garam ho raha hai aur buzzing sound aa rahi hai, overload lag raha hai",2026-06-15 11:43,2026-06-15 21:43,CLOSED,RAWATPUR,RAWATPUR SUBDIVISION,DIVISION-3,ZONE-2,CIRCLE-2,Overloading,L. Awasthi
KS06152610811,1014046781,"DT mein blast ho gaya, chingari nikal rahi hai, log dar ke maare ghar se bahar hain",2026-06-15 11:44,2026-06-15 13:44,CLOSED,ARYA NAGAR,ARYA NAGAR SUBDIVISION,DIVISION-2,ZONE-1,CIRCLE-1,DT Damaged/DT Fuse Burnt/Fire on DT,S. Tiwari
KS06152611508,1022896134,gर्मी mein overloading ki wajah se baar baar trip ho raha hai transformer,2026-06-15 11:45,2026-06-15 17:45,CLOSED,HARRISGANJ,HARRISGANJ SUBDIVISION,DIVISION-1,ZONE-1,CIRCLE-1,Overloading,J. Singh
KS06152611202,1030402878,"do mahine ka combined bill aaya hai, samajh nahi aa raha calculation",2026-06-15 11:55,,PENDING,COLONELGANJ,COLONELGANJ SUBDIVISION,DIVISION-1,ZONE-1,CIRCLE-1,Billing Related,M. Verma
KS06152612486,1099115191,"do mahine ka combined bill aaya hai, samajh nahi aa raha calculation",2026-06-15 11:57,,PENDING,DADA NAGAR,DADA NAGAR SUBDIVISION,DIVISION-5,ZONE-2,CIRCLE-3,Billing Related,A. Hussain
KS06152611600,1026542730,"load enhancement ke liye request diya tha, koi update nahi mila",2026-06-15 11:57,2026-06-18 15:57,CLOSED,YASHODA NAGAR,YASHODA NAGAR SUBDIVISION,DIVISION-4,ZONE-2,CIRCLE-2,New Connection,L. Awasthi
KS06152612441,1070592564,"aspatal mein 20 ghante se bijli nahi hai, generator ka diesel bhi khatam hone wala hai",2026-06-15 12:03,2026-06-16 05:03,CLOSED,RING ROAD,RING ROAD SUBDIVISION,DIVISION-1,ZONE-1,CIRCLE-1,Supply Related (Miscellaneous),R. Kashyap
KS06152610766,1052493000,"aspatal mein 20 ghante se bijli nahi hai, generator ka diesel bhi khatam hone wala hai",2026-06-15 12:07,2026-06-16 09:07,CLOSED,HARRISGANJ,HARRISGANJ SUBDIVISION,DIVISION-1,ZONE-1,CIRCLE-1,Supply Related (Miscellaneous),N. Srivastava
KS06152611529,1011823501,"transformer bahut garam ho raha hai aur buzzing sound aa rahi hai, overload lag raha hai",2026-06-15 12:12,2026-06-15 17:12,CLOSED,TATMILL,TATMILL SUBDIVISION,DIVISION-3,ZONE-2,CIRCLE-2,Overloading,P. Kumar
KS06152610014,1011887349,low voltage ki wajah se motor start nahi ho pa rahi hai,2026-06-15 12:43,2026-06-16 19:43,CLOSED,COLONELGANJ,COLONELGANJ SUBDIVISION,DIVISION-1,ZONE-1,CIRCLE-1,Voltage Fluctuation,P. Kumar
KS06152610081,1079437812,"high tension line mein kharabi hai, JE sahab abhi tak nahi aaye",2026-06-15 13:09,2026-06-15 15:09,CLOSED,BARRA,BARRA SUBDIVISION,DIVISION-5,ZONE-2,CIRCLE-3,11KV Line Fault,A. Hussain
KS06152612313,1045411136,"aspatal mein 20 ghante se bijli nahi hai, generator ka diesel bhi khatam hone wala hai",2026-06-15 13:09,2026-06-16 05:09,CLOSED,PANKI,PANKI SUBDIVISION,DIVISION-5,ZONE-2,CIRCLE-3,Supply Related (Miscellaneous),L. Awasthi
KS06152612186,1021776180,"do mahine ka combined bill aaya hai, samajh nahi aa raha calculation",2026-06-15 13:15,2026-06-16 14:15,CLOSED,SWAROOP NAGAR,SWAROOP NAGAR SUBDIVISION,DIVISION-2,ZONE-1,CIRCLE-1,Billing Related,B. Gupta
KS06152612415,1099534953,"11KV ki taar sadak par gir gayi hai, log ke pass se guzar rahe hain, koi accident na ho jaye",2026-06-15 14:09,2026-06-15 21:09,CLOSED,YASHODA NAGAR,YASHODA NAGAR SUBDIVISION,DIVISION-4,ZONE-2,CIRCLE-2,Wire Snapping/Pole Fault,R. Kashyap
KS06152612359,1080255100,"poore mohalle mein pichle 18 ghanto se supply band hai, bachche aur budhe pareshan hain",2026-06-15 14:19,2026-06-16 04:19,CLOSED,DADA NAGAR,DADA NAGAR SUBDIVISION,DIVISION-5,ZONE-2,CIRCLE-3,Supply Related (Miscellaneous),K. Pandey
KS06152612291,1041633111,"do mahine ka combined bill aaya hai, samajh nahi aa raha calculation",2026-06-15 15:08,2026-06-25 01:08,CLOSED,PANKI,PANKI SUBDIVISION,DIVISION-5,ZONE-2,CIRCLE-3,Billing Related,S. Tiwari
KS06152610080,1066354335,"digital meter display kaam nahi kar raha, kuch bhi nahi dikh raha screen par",2026-06-15 15:09,2026-06-15 21:09,CLOSED,BARRA,BARRA SUBDIVISION,DIVISION-5,ZONE-2,CIRCLE-3,Meter Related,N. Srivastava
KS06152612210,1049972507,"DT ka fuse baar baar gir raha hai, substation wale theek nahi karte, 3 baar shikayat kar chuke hain",2026-06-15 15:27,2026-06-16 17:27,CLOSED,KIDWAI NAGAR,KIDWAI NAGAR SUBDIVISION,DIVISION-2,ZONE-1,CIRCLE-1,Fuse Off Call (FOC),B. Gupta
KS06152611008,1014799257,"do mahine ka combined bill aaya hai, samajh nahi aa raha calculation",2026-06-15 15:27,2026-06-22 23:27,CLOSED,KIDWAI NAGAR,KIDWAI NAGAR SUBDIVISION,DIVISION-2,ZONE-1,CIRCLE-1,Billing Related,P. Kumar
KS06152611679,1065590250,low voltage ki wajah se motor start nahi ho pa rahi hai,2026-06-15 15:50,2026-06-16 02:50,CLOSED,JAJMAU,JAJMAU SUBDIVISION,DIVISION-3,ZONE-2,CIRCLE-2,Voltage Fluctuation,P. Kumar
KS06152611416,1070919029,"voltage up-down ho raha hai lagatar, appliances damage ho rahe hain",2026-06-15 15:56,2026-06-18 08:56,CLOSED,BARRA,BARRA SUBDIVISION,DIVISION-5,ZONE-2,CIRCLE-3,Voltage Fluctuation,S. Tiwari
KS06152610137,1055088488,"voltage bahut kam hai, sirf 180 volt aa raha hai, AC aur fridge kharab ho gaye",2026-06-15 16:01,2026-06-17 15:01,CLOSED,PANKI,PANKI SUBDIVISION,DIVISION-5,ZONE-2,CIRCLE-3,Voltage Fluctuation,D. Yadav
KS06152612133,1052461235,"fuse off ho gaya hai kal raat se, poori gali mein andhera hai",2026-06-15 16:01,,PENDING,KIDWAI NAGAR,KIDWAI NAGAR SUBDIVISION,DIVISION-2,ZONE-1,CIRCLE-1,Fuse Off Call (FOC),V. Mishra
KS06152611357,1059375264,"voltage bahut kam hai, sirf 180 volt aa raha hai, AC aur fridge kharab ho gaye",2026-06-15 16:22,2026-06-18 05:22,CLOSED,TATMILL,TATMILL SUBDIVISION,DIVISION-3,ZONE-2,CIRCLE-2,Voltage Fluctuation,D. Yadav
KS06152611490,1091843845,"11KV ki taar sadak par gir gayi hai, log ke pass se guzar rahe hain, koi accident na ho jaye",2026-06-15 16:30,2026-06-15 21:30,CLOSED,RING ROAD,RING ROAD SUBDIVISION,DIVISION-1,ZONE-1,CIRCLE-1,Wire Snapping/Pole Fault,M. Verma
KS06152610578,1046329471,"load enhancement ke liye request diya tha, koi update nahi mila",2026-06-15 16:33,2026-06-23 04:33,CLOSED,HARRISGANJ,HARRISGANJ SUBDIVISION,DIVISION-1,ZONE-1,CIRCLE-1,New Connection,J. Singh
KS06152612439,1057394588,"pichle bill mein galat amount charge hua hai, correction chahiye",2026-06-15 16:38,2026-06-17 19:38,CLOSED,RAWATPUR,RAWATPUR SUBDIVISION,DIVISION-3,ZONE-2,CIRCLE-2,Billing Related,A. Hussain
KS06152612464,1055876118,"transformer bahut garam ho raha hai aur buzzing sound aa rahi hai, overload lag raha hai",2026-06-15 16:49,2026-06-16 17:49,CLOSED,HARRISGANJ,HARRISGANJ SUBDIVISION,DIVISION-1,ZONE-1,CIRCLE-1,Overloading,M. Verma
KS06152611477,1077786938,"DT ka fuse baar baar gir raha hai, substation wale theek nahi karte, 3 baar shikayat kar chuke hain",2026-06-15 17:09,2026-06-18 15:09,CLOSED,TATMILL,TATMILL SUBDIVISION,DIVISION-3,ZONE-2,CIRCLE-2,Fuse Off Call (FOC),V. Mishra
KS06152612458,1077205853,"DT se lagatar humming noise aa rahi hai, sabko lagta hai kabhi bhi phat sakta hai",2026-06-15 17:20,2026-06-16 06:20,CLOSED,KIDWAI NAGAR,KIDWAI NAGAR SUBDIVISION,DIVISION-2,ZONE-1,CIRCLE-1,Overloading,K. Pandey
KS06152611995,1058897825,"pichle bill mein galat amount charge hua hai, correction chahiye",2026-06-15 17:22,2026-06-21 20:22,CLOSED,GOVIND NAGAR,GOVIND NAGAR SUBDIVISION,DIVISION-4,ZONE-2,CIRCLE-2,Billing Related,M. Verma
KS06152612092,1099190021,naya meter lagne ke baad se reading galat aa rahi hai har mahine,2026-06-15 17:33,2026-06-18 14:33,CLOSED,YASHODA NAGAR,YASHODA NAGAR SUBDIVISION,DIVISION-4,ZONE-2,CIRCLE-2,Meter Related,L. Awasthi
KS06152610030,1077108318,"pichle bill mein galat amount charge hua hai, correction chahiye",2026-06-15 17:33,2026-06-25 12:33,CLOSED,TATMILL,TATMILL SUBDIVISION,DIVISION-3,ZONE-2,CIRCLE-2,Billing Related,V. Mishra
KS06152611132,1038769900,"11KV ki taar sadak par gir gayi hai, log ke pass se guzar rahe hain, koi accident na ho jaye",2026-06-15 18:09,2026-06-15 23:09,CLOSED,YASHODA NAGAR,YASHODA NAGAR SUBDIVISION,DIVISION-4,ZONE-2,CIRCLE-2,Wire Snapping/Pole Fault,K. Pandey
KS06152610064,1068882531,"digital meter display kaam nahi kar raha, kuch bhi nahi dikh raha screen par",2026-06-15 18:11,2026-06-18 00:11,CLOSED,KIDWAI NAGAR,KIDWAI NAGAR SUBDIVISION,DIVISION-2,ZONE-1,CIRCLE-1,Meter Related,P. Kumar
KS06152610237,1046518678,"bill time par nahi mila is baar, late fee lag gayi hai bina wajah",2026-06-15 18:17,,PENDING,PANKI,PANKI SUBDIVISION,DIVISION-5,ZONE-2,CIRCLE-3,Billing Related,R. Kashyap
KS06152610161,1014196263,"naye ghar ke liye connection application diye hue ek mahina ho gaya hai, abhi tak survey nahi hua",2026-06-15 18:19,2026-06-17 16:19,CLOSED,RAWATPUR,RAWATPUR SUBDIVISION,DIVISION-3,ZONE-2,CIRCLE-2,New Connection,P. Kumar
KS06152612247,1020386771,"digital meter display kaam nahi kar raha, kuch bhi nahi dikh raha screen par",2026-06-15 18:22,2026-06-17 17:22,CLOSED,HARRISGANJ,HARRISGANJ SUBDIVISION,DIVISION-1,ZONE-1,CIRCLE-1,Meter Related,K. Pandey
KS06152612012,1092251422,"poore mohalle mein pichle 18 ghanto se supply band hai, bachche aur budhe pareshan hain",2026-06-15 18:24,,PENDING,RAWATPUR,RAWATPUR SUBDIVISION,DIVISION-3,ZONE-2,CIRCLE-2,Supply Related (Miscellaneous),L. Awasthi
KS06152612091,1032484347,temporary connection ki application pending hai construction site ke liye,2026-06-15 18:34,2026-06-23 14:34,CLOSED,DADA NAGAR,DADA NAGAR SUBDIVISION,DIVISION-5,ZONE-2,CIRCLE-3,New Connection,R. Kashyap
KS06152611654,1024266410,"DT ka fuse baar baar gir raha hai, substation wale theek nahi karte, 3 baar shikayat kar chuke hain",2026-06-15 18:40,,PENDING,GOVIND NAGAR,GOVIND NAGAR SUBDIVISION,DIVISION-4,ZONE-2,CIRCLE-2,Fuse Off Call (FOC),R. Kashyap
KS06152611632,1052746080,naya meter lagne ke baad se reading galat aa rahi hai har mahine,2026-06-15 18:41,2026-06-18 01:41,CLOSED,KIDWAI NAGAR,KIDWAI NAGAR SUBDIVISION,DIVISION-2,ZONE-1,CIRCLE-1,Meter Related,V. Mishra
KS06152612211,1057917378,"voltage up-down ho raha hai lagatar, appliances damage ho rahe hain",2026-06-15 19:02,2026-06-18 18:02,CLOSED,RING ROAD,RING ROAD SUBDIVISION,DIVISION-1,ZONE-1,CIRCLE-1,Voltage Fluctuation,N. Srivastava
KS06152610745,1074060385,low voltage ki wajah se motor start nahi ho pa rahi hai,2026-06-15 19:23,2026-06-16 20:23,CLOSED,GOVIND NAGAR,GOVIND NAGAR SUBDIVISION,DIVISION-4,ZONE-2,CIRCLE-2,Voltage Fluctuation,L. Awasthi
KS06152610847,1066354335,"digital meter display kaam nahi kar raha, kuch bhi nahi dikh raha screen par",2026-06-15 19:30,2026-06-16 11:30,CLOSED,GOVIND NAGAR,GOVIND NAGAR SUBDIVISION,DIVISION-4,ZONE-2,CIRCLE-2,Meter Related,V. Mishra
KS06152610810,1060698461,"DT mein blast ho gaya, chingari nikal rahi hai, log dar ke maare ghar se bahar hain",2026-06-15 19:41,2026-06-16 00:41,CLOSED,KIDWAI NAGAR,KIDWAI NAGAR SUBDIVISION,DIVISION-2,ZONE-1,CIRCLE-1,DT Damaged/DT Fuse Burnt/Fire on DT,D. Yadav
KS06152612026,1083425741,"do mahine ka combined bill aaya hai, samajh nahi aa raha calculation",2026-06-15 19:49,2026-06-19 01:49,CLOSED,PANKI,PANKI SUBDIVISION,DIVISION-5,ZONE-2,CIRCLE-3,Billing Related,K. Pandey
KS06152612054,1056260071,"high tension line mein kharabi hai, JE sahab abhi tak nahi aaye",2026-06-15 20:02,2026-06-16 06:02,CLOSED,SWAROOP NAGAR,SWAROOP NAGAR SUBDIVISION,DIVISION-2,ZONE-1,CIRCLE-1,11KV Line Fault,B. Gupta
KS06152611976,1066457919,low voltage ki wajah se motor start nahi ho pa rahi hai,2026-06-15 20:04,2026-06-17 16:04,CLOSED,DADA NAGAR,DADA NAGAR SUBDIVISION,DIVISION-5,ZONE-2,CIRCLE-3,Voltage Fluctuation,D. Yadav
KS06152611258,1055876118,"voltage up-down ho raha hai lagatar, appliances damage ho rahe hain",2026-06-15 20:08,2026-06-17 21:08,CLOSED,COLONELGANJ,COLONELGANJ SUBDIVISION,DIVISION-1,ZONE-1,CIRCLE-1,Voltage Fluctuation,S. Tiwari
KS06152610627,1018435755,"khuli taar se sparking ho rahi hai road ke pass, karnt lagne ka khatra hai",2026-06-15 20:16,2026-06-15 21:16,CLOSED,COLONELGANJ,COLONELGANJ SUBDIVISION,DIVISION-1,ZONE-1,CIRCLE-1,Wire Snapping/Pole Fault,A. Hussain
KS06152612336,1076401341,"load enhancement ke liye request diya tha, koi update nahi mila",2026-06-15 20:23,2026-06-22 20:23,CLOSED,PANKI,PANKI SUBDIVISION,DIVISION-5,ZONE-2,CIRCLE-3,New Connection,V. Mishra
KS06152610582,1065479951,"11KV ki taar sadak par gir gayi hai, log ke pass se guzar rahe hain, koi accident na ho jaye",2026-06-15 20:23,2026-06-15 22:23,CLOSED,RING ROAD,RING ROAD SUBDIVISION,DIVISION-1,ZONE-1,CIRCLE-1,Wire Snapping/Pole Fault,K. Pandey
KS06152610184,1089248280,"pichle bill mein galat amount charge hua hai, correction chahiye",2026-06-15 20:28,2026-06-20 03:28,CLOSED,BARRA,BARRA SUBDIVISION,DIVISION-5,ZONE-2,CIRCLE-3,Billing Related,N. Srivastava
KS06152610462,1062169824,"DT ka fuse baar baar gir raha hai, substation wale theek nahi karte, 3 baar shikayat kar chuke hain",2026-06-15 20:29,2026-06-17 00:29,CLOSED,KAKADEO,KAKADEO SUBDIVISION,DIVISION-4,ZONE-2,CIRCLE-2,Fuse Off Call (FOC),N. Srivastava
KS06152612475,1014398783,"transformer se dhuaan aur jalne ki smell aa rahi hai, turant madad chahiye",2026-06-15 20:30,2026-06-16 02:30,CLOSED,JAJMAU,JAJMAU SUBDIVISION,DIVISION-3,ZONE-2,CIRCLE-2,DT Damaged/DT Fuse Burnt/Fire on DT,M. Verma
KS06152611845,1091832540,meter ki reading bahut zyada aa rahi hai jabki consumption kam hua hai is mahine,2026-06-15 20:44,2026-06-18 14:44,CLOSED,RING ROAD,RING ROAD SUBDIVISION,DIVISION-1,ZONE-1,CIRCLE-1,Meter Related,A. Hussain
KS06152611956,1063705370,low voltage ki wajah se motor start nahi ho pa rahi hai,2026-06-15 21:07,2026-06-17 17:07,CLOSED,COLONELGANJ,COLONELGANJ SUBDIVISION,DIVISION-1,ZONE-1,CIRCLE-1,Voltage Fluctuation,J. Singh
KS06152611401,1038418802,"khuli taar se sparking ho rahi hai road ke pass, karnt lagne ka khatra hai",2026-06-15 21:12,2026-06-16 02:12,CLOSED,RAWATPUR,RAWATPUR SUBDIVISION,DIVISION-3,ZONE-2,CIRCLE-2,Wire Snapping/Pole Fault,R. Kashyap
KS06152611822,1016906638,"voltage up-down ho raha hai lagatar, appliances damage ho rahe hain",2026-06-15 21:22,2026-06-17 23:22,CLOSED,KAKADEO,KAKADEO SUBDIVISION,DIVISION-4,ZONE-2,CIRCLE-2,Voltage Fluctuation,A. Hussain
KS06152611436,1070082403,gर्मी mein overloading ki wajah se baar baar trip ho raha hai transformer,2026-06-15 22:46,2026-06-16 00:46,CLOSED,COLONELGANJ,COLONELGANJ SUBDIVISION,DIVISION-1,ZONE-1,CIRCLE-1,Overloading,A. Hussain
KS06152611926,1057917378,line fault ke karan pura substation area mein supply thap ho gayi hai,2026-06-15 22:47,2026-06-16 06:47,CLOSED,RING ROAD,RING ROAD SUBDIVISION,DIVISION-1,ZONE-1,CIRCLE-1,11KV Line Fault,N. Srivastava
KS06162612300,1084997377,"line ka fuse udh gaya tez hawa mein, dobara nahi laga abhi tak",2026-06-16 00:13,2026-06-18 17:13,CLOSED,RAWATPUR,RAWATPUR SUBDIVISION,DIVISION-3,ZONE-2,CIRCLE-2,Fuse Off Call (FOC),V. Mishra
KS06162611989,1085996774,"poore mohalle mein pichle 18 ghanto se supply band hai, bachche aur budhe pareshan hain",2026-06-16 02:43,,PENDING,KIDWAI NAGAR,KIDWAI NAGAR SUBDIVISION,DIVISION-2,ZONE-1,CIRCLE-1,Supply Related (Miscellaneous),M. Verma
KS06162612289,1059355795,gर्मी mein overloading ki wajah se baar baar trip ho raha hai transformer,2026-06-16 02:58,,PENDING,SWAROOP NAGAR,SWAROOP NAGAR SUBDIVISION,DIVISION-2,ZONE-1,CIRCLE-1,Overloading,P. Kumar
KS06162611535,1052493000,"voltage bahut kam hai, sirf 180 volt aa raha hai, AC aur fridge kharab ho gaye",2026-06-16 03:35,2026-06-18 01:35,CLOSED,YASHODA NAGAR,YASHODA NAGAR SUBDIVISION,DIVISION-4,ZONE-2,CIRCLE-2,Voltage Fluctuation,D. Yadav
KS06162610716,1043775032,"voltage bahut kam hai, sirf 180 volt aa raha hai, AC aur fridge kharab ho gaye",2026-06-16 05:12,2026-06-17 17:12,CLOSED,PANKI,PANKI SUBDIVISION,DIVISION-5,ZONE-2,CIRCLE-3,Voltage Fluctuation,S. Tiwari
KS06162610586,1011887349,"poore mohalle mein pichle 18 ghanto se supply band hai, bachche aur budhe pareshan hain",2026-06-16 05:55,2026-06-16 21:55,CLOSED,RING ROAD,RING ROAD SUBDIVISION,DIVISION-1,ZONE-1,CIRCLE-1,Supply Related (Miscellaneous),K. Pandey
KS06162611021,1032063331,"do mahine ka combined bill aaya hai, samajh nahi aa raha calculation",2026-06-16 06:20,,PENDING,JAJMAU,JAJMAU SUBDIVISION,DIVISION-3,ZONE-2,CIRCLE-2,Billing Related,L. Awasthi
KS06162610606,1054935222,temporary connection ki application pending hai construction site ke liye,2026-06-16 06:40,2026-06-24 03:40,CLOSED,HARRISGANJ,HARRISGANJ SUBDIVISION,DIVISION-1,ZONE-1,CIRCLE-1,New Connection,S. Tiwari
KS06162611864,1058441680,meter ki reading bahut zyada aa rahi hai jabki consumption kam hua hai is mahine,2026-06-16 08:00,2026-06-18 10:00,CLOSED,DADA NAGAR,DADA NAGAR SUBDIVISION,DIVISION-5,ZONE-2,CIRCLE-3,Meter Related,A. Hussain
KS06162610477,1060698461,naya meter lagne ke baad se reading galat aa rahi hai har mahine,2026-06-16 08:37,2026-06-16 17:37,CLOSED,GOVIND NAGAR,GOVIND NAGAR SUBDIVISION,DIVISION-4,ZONE-2,CIRCLE-2,Meter Related,B. Gupta
KS06162612058,1068949632,"24 ghante se zyada ho gaye bijli gayi hue, ghar mein pani bhi nahi aa raha pump ke bina",2026-06-16 08:39,2026-06-17 06:39,CLOSED,BARRA,BARRA SUBDIVISION,DIVISION-5,ZONE-2,CIRCLE-3,Supply Related (Miscellaneous),B. Gupta
KS06162611718,1034947832,"digital meter display kaam nahi kar raha, kuch bhi nahi dikh raha screen par",2026-06-16 09:02,2026-06-18 11:02,CLOSED,VIKAS NAGAR,VIKAS NAGAR SUBDIVISION,DIVISION-5,ZONE-2,CIRCLE-3,Meter Related,M. Verma
KS06162610653,1099321812,gर्मी mein overloading ki wajah se baar baar trip ho raha hai transformer,2026-06-16 09:09,2026-06-16 17:09,CLOSED,RAWATPUR,RAWATPUR SUBDIVISION,DIVISION-3,ZONE-2,CIRCLE-2,Overloading,A. Hussain
KS06162611909,1031447484,temporary connection ki application pending hai construction site ke liye,2026-06-16 09:19,2026-06-19 11:19,CLOSED,YASHODA NAGAR,YASHODA NAGAR SUBDIVISION,DIVISION-4,ZONE-2,CIRCLE-2,New Connection,V. Mishra
KS06162612148,1067353386,"pichle bill mein galat amount charge hua hai, correction chahiye",2026-06-16 09:23,2026-06-24 06:23,CLOSED,YASHODA NAGAR,YASHODA NAGAR SUBDIVISION,DIVISION-4,ZONE-2,CIRCLE-2,Billing Related,S. Tiwari
KS06162610389,1037163760,"naye ghar ke liye connection application diye hue ek mahina ho gaya hai, abhi tak survey nahi hua",2026-06-16 09:25,2026-06-25 20:25,CLOSED,PANKI,PANKI SUBDIVISION,DIVISION-5,ZONE-2,CIRCLE-3,New Connection,N. Srivastava
KS06162610646,1032949699,"DT mein blast ho gaya, chingari nikal rahi hai, log dar ke maare ghar se bahar hain",2026-06-16 09:35,2026-06-16 10:35,CLOSED,BARRA,BARRA SUBDIVISION,DIVISION-5,ZONE-2,CIRCLE-3,DT Damaged/DT Fuse Burnt/Fire on DT,P. Kumar
KS06162611742,1051869121,"transformer mein aag lag gayi aur dhuaan nikal raha hai, poori colony andhere mein hai",2026-06-16 10:20,2026-06-16 15:20,CLOSED,BARRA,BARRA SUBDIVISION,DIVISION-5,ZONE-2,CIRCLE-3,DT Damaged/DT Fuse Burnt/Fire on DT,R. Kashyap
KS06162610892,1088561915,"DT se lagatar humming noise aa rahi hai, sabko lagta hai kabhi bhi phat sakta hai",2026-06-16 10:26,,PENDING,YASHODA NAGAR,YASHODA NAGAR SUBDIVISION,DIVISION-4,ZONE-2,CIRCLE-2,Overloading,V. Mishra
KS06162611077,1084617881,low voltage ki wajah se motor start nahi ho pa rahi hai,2026-06-16 10:33,2026-06-17 03:33,CLOSED,VIKAS NAGAR,VIKAS NAGAR SUBDIVISION,DIVISION-5,ZONE-2,CIRCLE-3,Voltage Fluctuation,N. Srivastava
KS06162610795,1030550260,"high tension line mein kharabi hai, JE sahab abhi tak nahi aaye",2026-06-16 10:36,2026-06-16 16:36,CLOSED,COLONELGANJ,COLONELGANJ SUBDIVISION,DIVISION-1,ZONE-1,CIRCLE-1,11KV Line Fault,V. Mishra
KS06162612019,1028564561,line fault ke karan pura substation area mein supply thap ho gayi hai,2026-06-16 11:31,2026-06-17 02:31,CLOSED,KIDWAI NAGAR,KIDWAI NAGAR SUBDIVISION,DIVISION-2,ZONE-1,CIRCLE-1,11KV Line Fault,J. Singh
KS06162611952,1089854904,"pichle bill mein galat amount charge hua hai, correction chahiye",2026-06-16 11:57,,PENDING,HARRISGANJ,HARRISGANJ SUBDIVISION,DIVISION-1,ZONE-1,CIRCLE-1,Billing Related,K. Pandey
KS06162611109,1078248625,"poore mohalle mein pichle 18 ghanto se supply band hai, bachche aur budhe pareshan hain",2026-06-16 12:28,2026-06-17 08:28,CLOSED,DADA NAGAR,DADA NAGAR SUBDIVISION,DIVISION-5,ZONE-2,CIRCLE-3,Supply Related (Miscellaneous),V. Mishra
KS06162610242,1059196660,"DT se lagatar humming noise aa rahi hai, sabko lagta hai kabhi bhi phat sakta hai",2026-06-16 12:55,2026-06-16 23:55,CLOSED,DADA NAGAR,DADA NAGAR SUBDIVISION,DIVISION-5,ZONE-2,CIRCLE-3,Overloading,A. Hussain
KS06162610040,1069306696,low voltage ki wajah se motor start nahi ho pa rahi hai,2026-06-16 12:59,,PENDING,RAWATPUR,RAWATPUR SUBDIVISION,DIVISION-3,ZONE-2,CIRCLE-2,Voltage Fluctuation,L. Awasthi
KS06162612198,1057394588,"transformer bahut garam ho raha hai aur buzzing sound aa rahi hai, overload lag raha hai",2026-06-16 13:17,2026-06-17 07:17,CLOSED,RING ROAD,RING ROAD SUBDIVISION,DIVISION-1,ZONE-1,CIRCLE-1,Overloading,P. Kumar
KS06162611058,1038942568,"voltage up-down ho raha hai lagatar, appliances damage ho rahe hain",2026-06-16 13:21,2026-06-17 17:21,CLOSED,BARRA,BARRA SUBDIVISION,DIVISION-5,ZONE-2,CIRCLE-3,Voltage Fluctuation,J. Singh
KS06162611349,1054805409,"poore mohalle mein pichle 18 ghanto se supply band hai, bachche aur budhe pareshan hain",2026-06-16 13:25,2026-06-16 20:25,CLOSED,COLONELGANJ,COLONELGANJ SUBDIVISION,DIVISION-1,ZONE-1,CIRCLE-1,Supply Related (Miscellaneous),M. Verma
KS06162611267,1034947832,"line ka fuse udh gaya tez hawa mein, dobara nahi laga abhi tak",2026-06-16 13:26,,PENDING,ARYA NAGAR,ARYA NAGAR SUBDIVISION,DIVISION-2,ZONE-1,CIRCLE-1,Fuse Off Call (FOC),B. Gupta
KS06162612263,1039081248,"pole gir gaya hai bijli ki taar ke saath, bahut khatarnak sthiti hai",2026-06-16 13:30,2026-06-16 16:30,CLOSED,PANKI,PANKI SUBDIVISION,DIVISION-5,ZONE-2,CIRCLE-3,Wire Snapping/Pole Fault,N. Srivastava
KS06162612126,1034947832,line fault ke karan pura substation area mein supply thap ho gayi hai,2026-06-16 13:33,,PENDING,JAJMAU,JAJMAU SUBDIVISION,DIVISION-3,ZONE-2,CIRCLE-2,11KV Line Fault,M. Verma
KS06162611232,1021776180,"poore mohalle mein pichle 18 ghanto se supply band hai, bachche aur budhe pareshan hain",2026-06-16 13:45,2026-06-16 17:45,CLOSED,ARYA NAGAR,ARYA NAGAR SUBDIVISION,DIVISION-2,ZONE-1,CIRCLE-1,Supply Related (Miscellaneous),B. Gupta
KS06162610387,1054244929,"line ka fuse udh gaya tez hawa mein, dobara nahi laga abhi tak",2026-06-16 14:06,2026-06-17 14:06,CLOSED,PANKI,PANKI SUBDIVISION,DIVISION-5,ZONE-2,CIRCLE-3,Fuse Off Call (FOC),S. Tiwari
KS06162610996,1071964427,meter ki reading bahut zyada aa rahi hai jabki consumption kam hua hai is mahine,2026-06-16 14:09,2026-06-16 20:09,CLOSED,KIDWAI NAGAR,KIDWAI NAGAR SUBDIVISION,DIVISION-2,ZONE-1,CIRCLE-1,Meter Related,V. Mishra
KS06162612471,1012546307,temporary connection ki application pending hai construction site ke liye,2026-06-16 14:36,2026-06-18 17:36,CLOSED,PANKI,PANKI SUBDIVISION,DIVISION-5,ZONE-2,CIRCLE-3,New Connection,S. Tiwari
KS06162611104,1072068713,"aspatal mein 20 ghante se bijli nahi hai, generator ka diesel bhi khatam hone wala hai",2026-06-16 14:41,,PENDING,BARRA,BARRA SUBDIVISION,DIVISION-5,ZONE-2,CIRCLE-3,Supply Related (Miscellaneous),K. Pandey
KS06162612047,1031447484,low voltage ki wajah se motor start nahi ho pa rahi hai,2026-06-16 14:56,2026-06-17 13:56,CLOSED,RING ROAD,RING ROAD SUBDIVISION,DIVISION-1,ZONE-1,CIRCLE-1,Voltage Fluctuation,J. Singh
KS06162611237,1055876118,"voltage bahut kam hai, sirf 180 volt aa raha hai, AC aur fridge kharab ho gaye",2026-06-16 15:10,,PENDING,ARYA NAGAR,ARYA NAGAR SUBDIVISION,DIVISION-2,ZONE-1,CIRCLE-1,Voltage Fluctuation,V. Mishra
KS06162611523,1048851296,"do mahine ka combined bill aaya hai, samajh nahi aa raha calculation",2026-06-16 15:14,2026-06-25 12:14,CLOSED,VIKAS NAGAR,VIKAS NAGAR SUBDIVISION,DIVISION-5,ZONE-2,CIRCLE-3,Billing Related,J. Singh
KS06162610392,1059355795,"digital meter display kaam nahi kar raha, kuch bhi nahi dikh raha screen par",2026-06-16 15:17,2026-06-18 20:17,CLOSED,TATMILL,TATMILL SUBDIVISION,DIVISION-3,ZONE-2,CIRCLE-2,Meter Related,P. Kumar
KS06162610118,1051634004,"voltage up-down ho raha hai lagatar, appliances damage ho rahe hain",2026-06-16 15:26,2026-06-16 21:26,CLOSED,PANKI,PANKI SUBDIVISION,DIVISION-5,ZONE-2,CIRCLE-3,Voltage Fluctuation,N. Srivastava
KS06162611023,1049986788,"voltage bahut kam hai, sirf 180 volt aa raha hai, AC aur fridge kharab ho gaye",2026-06-16 15:59,2026-06-19 14:59,CLOSED,RAWATPUR,RAWATPUR SUBDIVISION,DIVISION-3,ZONE-2,CIRCLE-2,Voltage Fluctuation,P. Kumar
KS06162610777,1075343807,"poore mohalle mein pichle 18 ghanto se supply band hai, bachche aur budhe pareshan hain",2026-06-16 16:23,2026-06-17 05:23,CLOSED,RAWATPUR,RAWATPUR SUBDIVISION,DIVISION-3,ZONE-2,CIRCLE-2,Supply Related (Miscellaneous),N. Srivastava
KS06162610930,1043313499,"transformer bahut garam ho raha hai aur buzzing sound aa rahi hai, overload lag raha hai",2026-06-16 17:03,2026-06-17 09:03,CLOSED,DADA NAGAR,DADA NAGAR SUBDIVISION,DIVISION-5,ZONE-2,CIRCLE-3,Overloading,S. Tiwari
KS06162612137,1026120970,"do mahine ka combined bill aaya hai, samajh nahi aa raha calculation",2026-06-16 17:03,2026-06-23 08:03,CLOSED,YASHODA NAGAR,YASHODA NAGAR SUBDIVISION,DIVISION-4,ZONE-2,CIRCLE-2,Billing Related,J. Singh
KS06162611254,1055780171,"aspatal mein 20 ghante se bijli nahi hai, generator ka diesel bhi khatam hone wala hai",2026-06-16 17:06,2026-06-17 01:06,CLOSED,GOVIND NAGAR,GOVIND NAGAR SUBDIVISION,DIVISION-4,ZONE-2,CIRCLE-2,Supply Related (Miscellaneous),S. Tiwari
KS06162610561,1049082068,gर्मी mein overloading ki wajah se baar baar trip ho raha hai transformer,2026-06-16 17:11,2026-06-17 15:11,CLOSED,PANKI,PANKI SUBDIVISION,DIVISION-5,ZONE-2,CIRCLE-3,Overloading,A. Hussain
KS06162611368,1079089492,"poore mohalle mein pichle 18 ghanto se supply band hai, bachche aur budhe pareshan hain",2026-06-16 17:21,2026-06-17 17:21,CLOSED,JAJMAU,JAJMAU SUBDIVISION,DIVISION-3,ZONE-2,CIRCLE-2,Supply Related (Miscellaneous),R. Kashyap
KS06162611017,1092321680,temporary connection ki application pending hai construction site ke liye,2026-06-16 18:04,2026-06-24 04:04,CLOSED,COLONELGANJ,COLONELGANJ SUBDIVISION,DIVISION-1,ZONE-1,CIRCLE-1,New Connection,J. Singh
KS06162610794,1085142021,"DT mein blast ho gaya, chingari nikal rahi hai, log dar ke maare ghar se bahar hain",2026-06-16 18:11,,PENDING,TATMILL,TATMILL SUBDIVISION,DIVISION-3,ZONE-2,CIRCLE-2,DT Damaged/DT Fuse Burnt/Fire on DT,R. Kashyap
KS06162610994,1044555662,"DT ka fuse baar baar gir raha hai, substation wale theek nahi karte, 3 baar shikayat kar chuke hain",2026-06-16 18:16,2026-06-18 02:16,CLOSED,JAJMAU,JAJMAU SUBDIVISION,DIVISION-3,ZONE-2,CIRCLE-2,Fuse Off Call (FOC),V. Mishra
KS06162611876,1039687382,"DT se lagatar humming noise aa rahi hai, sabko lagta hai kabhi bhi phat sakta hai",2026-06-16 18:42,2026-06-16 21:42,CLOSED,SWAROOP NAGAR,SWAROOP NAGAR SUBDIVISION,DIVISION-2,ZONE-1,CIRCLE-1,Overloading,A. Hussain
KS06162611177,1088776502,line fault ke karan pura substation area mein supply thap ho gayi hai,2026-06-16 18:45,2026-06-17 06:45,CLOSED,COLONELGANJ,COLONELGANJ SUBDIVISION,DIVISION-1,ZONE-1,CIRCLE-1,11KV Line Fault,N. Srivastava
KS06162611347,1060698461,line fault ke karan pura substation area mein supply thap ho gayi hai,2026-06-16 18:46,2026-06-17 11:46,CLOSED,KIDWAI NAGAR,KIDWAI NAGAR SUBDIVISION,DIVISION-2,ZONE-1,CIRCLE-1,11KV Line Fault,N. Srivastava
KS06162612391,1092190645,"bill time par nahi mila is baar, late fee lag gayi hai bina wajah",2026-06-16 18:47,,PENDING,GOVIND NAGAR,GOVIND NAGAR SUBDIVISION,DIVISION-4,ZONE-2,CIRCLE-2,Billing Related,B. Gupta
KS06162611816,1021193531,"bill time par nahi mila is baar, late fee lag gayi hai bina wajah",2026-06-16 18:57,2026-06-21 02:57,CLOSED,DADA NAGAR,DADA NAGAR SUBDIVISION,DIVISION-5,ZONE-2,CIRCLE-3,Billing Related,L. Awasthi
KS06162611740,1079335583,gर्मी mein overloading ki wajah se baar baar trip ho raha hai transformer,2026-06-16 19:09,2026-06-17 20:09,CLOSED,ARYA NAGAR,ARYA NAGAR SUBDIVISION,DIVISION-2,ZONE-1,CIRCLE-1,Overloading,J. Singh
KS06162611176,1074212487,"voltage up-down ho raha hai lagatar, appliances damage ho rahe hain",2026-06-16 19:24,,PENDING,VIKAS NAGAR,VIKAS NAGAR SUBDIVISION,DIVISION-5,ZONE-2,CIRCLE-3,Voltage Fluctuation,M. Verma
KS06162611038,1031819720,low voltage ki wajah se motor start nahi ho pa rahi hai,2026-06-16 19:28,2026-06-18 06:28,CLOSED,KAKADEO,KAKADEO SUBDIVISION,DIVISION-4,ZONE-2,CIRCLE-2,Voltage Fluctuation,P. Kumar
KS06162610031,1069277051,"DT ka fuse baar baar gir raha hai, substation wale theek nahi karte, 3 baar shikayat kar chuke hain",2026-06-16 19:35,2026-06-19 07:35,CLOSED,JAJMAU,JAJMAU SUBDIVISION,DIVISION-3,ZONE-2,CIRCLE-2,Fuse Off Call (FOC),S. Tiwari
KS06162611549,1035008859,gर्मी mein overloading ki wajah se baar baar trip ho raha hai transformer,2026-06-16 19:38,2026-06-17 11:38,CLOSED,HARRISGANJ,HARRISGANJ SUBDIVISION,DIVISION-1,ZONE-1,CIRCLE-1,Overloading,D. Yadav
KS06162610887,1046518678,"aspatal mein 20 ghante se bijli nahi hai, generator ka diesel bhi khatam hone wala hai",2026-06-16 20:02,,PENDING,KIDWAI NAGAR,KIDWAI NAGAR SUBDIVISION,DIVISION-2,ZONE-1,CIRCLE-1,Supply Related (Miscellaneous),B. Gupta
KS06162611638,1077598929,gर्मी mein overloading ki wajah se baar baar trip ho raha hai transformer,2026-06-16 20:04,2026-06-17 07:04,CLOSED,YASHODA NAGAR,YASHODA NAGAR SUBDIVISION,DIVISION-4,ZONE-2,CIRCLE-2,Overloading,K. Pandey
KS06162610451,1065190570,temporary connection ki application pending hai construction site ke liye,2026-06-16 21:08,,PENDING,RING ROAD,RING ROAD SUBDIVISION,DIVISION-1,ZONE-1,CIRCLE-1,New Connection,V. Mishra
KS06162610938,1054244929,"load enhancement ke liye request diya tha, koi update nahi mila",2026-06-16 21:24,2026-06-23 22:24,CLOSED,RING ROAD,RING ROAD SUBDIVISION,DIVISION-1,ZONE-1,CIRCLE-1,New Connection,B. Gupta
KS06162610909,1011957007,"transformer bahut garam ho raha hai aur buzzing sound aa rahi hai, overload lag raha hai",2026-06-16 21:37,,PENDING,JAJMAU,JAJMAU SUBDIVISION,DIVISION-3,ZONE-2,CIRCLE-2,Overloading,K. Pandey
KS06162611467,1048477523,"transformer bahut garam ho raha hai aur buzzing sound aa rahi hai, overload lag raha hai",2026-06-16 21:50,,PENDING,TATMILL,TATMILL SUBDIVISION,DIVISION-3,ZONE-2,CIRCLE-2,Overloading,B. Gupta
KS06162611111,1095135912,"voltage up-down ho raha hai lagatar, appliances damage ho rahe hain",2026-06-16 22:27,2026-06-17 22:27,CLOSED,GOVIND NAGAR,GOVIND NAGAR SUBDIVISION,DIVISION-4,ZONE-2,CIRCLE-2,Voltage Fluctuation,V. Mishra
KS06162610281,1095378181,"aspatal mein 20 ghante se bijli nahi hai, generator ka diesel bhi khatam hone wala hai",2026-06-16 22:30,2026-06-17 21:30,CLOSED,GOVIND NAGAR,GOVIND NAGAR SUBDIVISION,DIVISION-4,ZONE-2,CIRCLE-2,Supply Related (Miscellaneous),V. Mishra
KS06162612192,1099599975,"pichle bill mein galat amount charge hua hai, correction chahiye",2026-06-16 22:36,,PENDING,DADA NAGAR,DADA NAGAR SUBDIVISION,DIVISION-5,ZONE-2,CIRCLE-3,Billing Related,A. Hussain
KS06162611586,1013175375,line fault ke karan pura substation area mein supply thap ho gayi hai,2026-06-16 22:54,2026-06-17 13:54,CLOSED,PANKI,PANKI SUBDIVISION,DIVISION-5,ZONE-2,CIRCLE-3,11KV Line Fault,J. Singh
KS06162610019,1057052656,naya meter lagne ke baad se reading galat aa rahi hai har mahine,2026-06-16 23:18,2026-06-17 16:18,CLOSED,KIDWAI NAGAR,KIDWAI NAGAR SUBDIVISION,DIVISION-2,ZONE-1,CIRCLE-1,Meter Related,J. Singh
KS06162610074,1091832540,"transformer se dhuaan aur jalne ki smell aa rahi hai, turant madad chahiye",2026-06-16 23:50,2026-06-17 03:50,CLOSED,VIKAS NAGAR,VIKAS NAGAR SUBDIVISION,DIVISION-5,ZONE-2,CIRCLE-3,DT Damaged/DT Fuse Burnt/Fire on DT,K. Pandey
KS06172611010,1043313499,meter ki reading bahut zyada aa rahi hai jabki consumption kam hua hai is mahine,2026-06-17 00:03,2026-06-17 10:03,CLOSED,TATMILL,TATMILL SUBDIVISION,DIVISION-3,ZONE-2,CIRCLE-2,Meter Related,L. Awasthi
KS06172611005,1072269657,"11KV line mein fault aa gaya hai, 6 ghante se bijli band hai poore ilake mein",2026-06-17 00:08,2026-06-17 14:08,CLOSED,DADA NAGAR,DADA NAGAR SUBDIVISION,DIVISION-5,ZONE-2,CIRCLE-3,11KV Line Fault,B. Gupta
KS06172610849,1020712173,"line ka fuse udh gaya tez hawa mein, dobara nahi laga abhi tak",2026-06-17 01:10,,PENDING,JAJMAU,JAJMAU SUBDIVISION,DIVISION-3,ZONE-2,CIRCLE-2,Fuse Off Call (FOC),L. Awasthi
KS06172612101,1020750359,"24 ghante se zyada ho gaye bijli gayi hue, ghar mein pani bhi nahi aa raha pump ke bina",2026-06-17 01:17,2026-06-17 18:17,CLOSED,COLONELGANJ,COLONELGANJ SUBDIVISION,DIVISION-1,ZONE-1,CIRCLE-1,Supply Related (Miscellaneous),B. Gupta
KS06172610774,1031970716,"DT mein blast ho gaya, chingari nikal rahi hai, log dar ke maare ghar se bahar hain",2026-06-17 01:21,2026-06-17 07:21,CLOSED,VIKAS NAGAR,VIKAS NAGAR SUBDIVISION,DIVISION-5,ZONE-2,CIRCLE-3,DT Damaged/DT Fuse Burnt/Fire on DT,B. Gupta
KS06172610409,1069043364,"DT ka fuse baar baar gir raha hai, substation wale theek nahi karte, 3 baar shikayat kar chuke hain",2026-06-17 01:51,2026-06-17 17:51,CLOSED,YASHODA NAGAR,YASHODA NAGAR SUBDIVISION,DIVISION-4,ZONE-2,CIRCLE-2,Fuse Off Call (FOC),D. Yadav
KS06172612025,1039081248,"high tension line mein kharabi hai, JE sahab abhi tak nahi aaye",2026-06-17 05:13,,PENDING,DADA NAGAR,DADA NAGAR SUBDIVISION,DIVISION-5,ZONE-2,CIRCLE-3,11KV Line Fault,M. Verma
KS06172612236,1033376802,"24 ghante se zyada ho gaye bijli gayi hue, ghar mein pani bhi nahi aa raha pump ke bina",2026-06-17 05:59,2026-06-18 09:59,CLOSED,SWAROOP NAGAR,SWAROOP NAGAR SUBDIVISION,DIVISION-2,ZONE-1,CIRCLE-1,Supply Related (Miscellaneous),N. Srivastava
KS06172610940,1099736209,"transformer bahut garam ho raha hai aur buzzing sound aa rahi hai, overload lag raha hai",2026-06-17 06:02,2026-06-18 00:02,CLOSED,VIKAS NAGAR,VIKAS NAGAR SUBDIVISION,DIVISION-5,ZONE-2,CIRCLE-3,Overloading,A. Hussain
KS06172610862,1041590256,"bill time par nahi mila is baar, late fee lag gayi hai bina wajah",2026-06-17 07:00,2026-06-25 12:00,CLOSED,COLONELGANJ,COLONELGANJ SUBDIVISION,DIVISION-1,ZONE-1,CIRCLE-1,Billing Related,B. Gupta
KS06172612283,1069306696,"bill time par nahi mila is baar, late fee lag gayi hai bina wajah",2026-06-17 07:02,2026-06-24 09:02,CLOSED,JAJMAU,JAJMAU SUBDIVISION,DIVISION-3,ZONE-2,CIRCLE-2,Billing Related,D. Yadav
KS06172610717,1090148438,"khuli taar se sparking ho rahi hai road ke pass, karnt lagne ka khatra hai",2026-06-17 07:26,2026-06-17 13:26,CLOSED,ARYA NAGAR,ARYA NAGAR SUBDIVISION,DIVISION-2,ZONE-1,CIRCLE-1,Wire Snapping/Pole Fault,L. Awasthi
KS06172611181,1025713056,"24 ghante se zyada ho gaye bijli gayi hue, ghar mein pani bhi nahi aa raha pump ke bina",2026-06-17 08:02,2026-06-17 14:02,CLOSED,BARRA,BARRA SUBDIVISION,DIVISION-5,ZONE-2,CIRCLE-3,Supply Related (Miscellaneous),V. Mishra
KS06172611068,1049986788,"transformer mein aag lag gayi aur dhuaan nikal raha hai, poori colony andhere mein hai",2026-06-17 08:33,2026-06-17 13:33,CLOSED,KIDWAI NAGAR,KIDWAI NAGAR SUBDIVISION,DIVISION-2,ZONE-1,CIRCLE-1,DT Damaged/DT Fuse Burnt/Fire on DT,N. Srivastava
KS06172612002,1065190570,"fuse off ho gaya hai kal raat se, poori gali mein andhera hai",2026-06-17 08:55,,PENDING,JAJMAU,JAJMAU SUBDIVISION,DIVISION-3,ZONE-2,CIRCLE-2,Fuse Off Call (FOC),D. Yadav
KS06172612269,1019816472,temporary connection ki application pending hai construction site ke liye,2026-06-17 09:24,2026-06-26 10:24,CLOSED,KAKADEO,KAKADEO SUBDIVISION,DIVISION-4,ZONE-2,CIRCLE-2,New Connection,M. Verma
KS06172611214,1040540696,"DT se lagatar humming noise aa rahi hai, sabko lagta hai kabhi bhi phat sakta hai",2026-06-17 09:33,2026-06-17 20:33,CLOSED,DADA NAGAR,DADA NAGAR SUBDIVISION,DIVISION-5,ZONE-2,CIRCLE-3,Overloading,K. Pandey
KS06172610256,1013102389,"pichle bill mein galat amount charge hua hai, correction chahiye",2026-06-17 09:36,,PENDING,VIKAS NAGAR,VIKAS NAGAR SUBDIVISION,DIVISION-5,ZONE-2,CIRCLE-3,Billing Related,B. Gupta
KS06172610087,1094335644,"voltage up-down ho raha hai lagatar, appliances damage ho rahe hain",2026-06-17 09:51,2026-06-19 01:51,CLOSED,TATMILL,TATMILL SUBDIVISION,DIVISION-3,ZONE-2,CIRCLE-2,Voltage Fluctuation,K. Pandey
KS06172611117,1074466205,"do mahine ka combined bill aaya hai, samajh nahi aa raha calculation",2026-06-17 10:06,,PENDING,VIKAS NAGAR,VIKAS NAGAR SUBDIVISION,DIVISION-5,ZONE-2,CIRCLE-3,Billing Related,P. Kumar
KS06172611559,1091193469,"naye ghar ke liye connection application diye hue ek mahina ho gaya hai, abhi tak survey nahi hua",2026-06-17 10:10,2026-06-24 09:10,CLOSED,VIKAS NAGAR,VIKAS NAGAR SUBDIVISION,DIVISION-5,ZONE-2,CIRCLE-3,New Connection,P. Kumar
KS06172612479,1071560008,"DT ka fuse baar baar gir raha hai, substation wale theek nahi karte, 3 baar shikayat kar chuke hain",2026-06-17 10:16,2026-06-20 09:16,CLOSED,VIKAS NAGAR,VIKAS NAGAR SUBDIVISION,DIVISION-5,ZONE-2,CIRCLE-3,Fuse Off Call (FOC),K. Pandey
KS06172611697,1099945102,"pichle bill mein galat amount charge hua hai, correction chahiye",2026-06-17 10:24,,PENDING,TATMILL,TATMILL SUBDIVISION,DIVISION-3,ZONE-2,CIRCLE-2,Billing Related,D. Yadav
KS06172611403,1027808126,line fault ke karan pura substation area mein supply thap ho gayi hai,2026-06-17 10:38,2026-06-17 18:38,CLOSED,HARRISGANJ,HARRISGANJ SUBDIVISION,DIVISION-1,ZONE-1,CIRCLE-1,11KV Line Fault,J. Singh
KS06172610359,1088736575,naya meter lagne ke baad se reading galat aa rahi hai har mahine,2026-06-17 10:58,,PENDING,TATMILL,TATMILL SUBDIVISION,DIVISION-3,ZONE-2,CIRCLE-2,Meter Related,K. Pandey
KS06172610729,1056491704,"voltage up-down ho raha hai lagatar, appliances damage ho rahe hain",2026-06-17 11:09,,PENDING,GOVIND NAGAR,GOVIND NAGAR SUBDIVISION,DIVISION-4,ZONE-2,CIRCLE-2,Voltage Fluctuation,P. Kumar
KS06172610229,1052746080,"11KV ki taar sadak par gir gayi hai, log ke pass se guzar rahe hain, koi accident na ho jaye",2026-06-17 11:19,2026-06-17 17:19,CLOSED,KIDWAI NAGAR,KIDWAI NAGAR SUBDIVISION,DIVISION-2,ZONE-1,CIRCLE-1,Wire Snapping/Pole Fault,A. Hussain
KS06172611806,1026120970,"pole gir gaya hai bijli ki taar ke saath, bahut khatarnak sthiti hai",2026-06-17 11:32,2026-06-17 16:32,CLOSED,COLONELGANJ,COLONELGANJ SUBDIVISION,DIVISION-1,ZONE-1,CIRCLE-1,Wire Snapping/Pole Fault,N. Srivastava
KS06172611919,1013175375,"fuse off ho gaya hai kal raat se, poori gali mein andhera hai",2026-06-17 12:04,2026-06-20 04:04,CLOSED,TATMILL,TATMILL SUBDIVISION,DIVISION-3,ZONE-2,CIRCLE-2,Fuse Off Call (FOC),M. Verma
KS06172611002,1073395718,"24 ghante se zyada ho gaye bijli gayi hue, ghar mein pani bhi nahi aa raha pump ke bina",2026-06-17 12:29,2026-06-17 23:29,CLOSED,VIKAS NAGAR,VIKAS NAGAR SUBDIVISION,DIVISION-5,ZONE-2,CIRCLE-3,Supply Related (Miscellaneous),K. Pandey
KS06172611083,1047298453,"load enhancement ke liye request diya tha, koi update nahi mila",2026-06-17 12:31,2026-06-21 09:31,CLOSED,VIKAS NAGAR,VIKAS NAGAR SUBDIVISION,DIVISION-5,ZONE-2,CIRCLE-3,New Connection,M. Verma
KS06172610420,1024688601,meter ki reading bahut zyada aa rahi hai jabki consumption kam hua hai is mahine,2026-06-17 12:37,2026-06-19 18:37,CLOSED,PANKI,PANKI SUBDIVISION,DIVISION-5,ZONE-2,CIRCLE-3,Meter Related,B. Gupta
KS06172610815,1030201808,"naye ghar ke liye connection application diye hue ek mahina ho gaya hai, abhi tak survey nahi hua",2026-06-17 12:37,2026-06-24 16:37,CLOSED,JAJMAU,JAJMAU SUBDIVISION,DIVISION-3,ZONE-2,CIRCLE-2,New Connection,K. Pandey
KS06172610865,1011422291,"load enhancement ke liye request diya tha, koi update nahi mila",2026-06-17 12:45,,PENDING,TATMILL,TATMILL SUBDIVISION,DIVISION-3,ZONE-2,CIRCLE-2,New Connection,B. Gupta
KS06172611123,1086895350,"aspatal mein 20 ghante se bijli nahi hai, generator ka diesel bhi khatam hone wala hai",2026-06-17 13:02,2026-06-18 08:02,CLOSED,TATMILL,TATMILL SUBDIVISION,DIVISION-3,ZONE-2,CIRCLE-2,Supply Related (Miscellaneous),N. Srivastava
KS06172612013,1065277891,"voltage bahut kam hai, sirf 180 volt aa raha hai, AC aur fridge kharab ho gaye",2026-06-17 13:30,2026-06-19 01:30,CLOSED,ARYA NAGAR,ARYA NAGAR SUBDIVISION,DIVISION-2,ZONE-1,CIRCLE-1,Voltage Fluctuation,V. Mishra
KS06172611251,1060671744,"pole gir gaya hai bijli ki taar ke saath, bahut khatarnak sthiti hai",2026-06-17 13:41,2026-06-17 17:41,CLOSED,JAJMAU,JAJMAU SUBDIVISION,DIVISION-3,ZONE-2,CIRCLE-2,Wire Snapping/Pole Fault,L. Awasthi
KS06172610548,1099534953,"do mahine ka combined bill aaya hai, samajh nahi aa raha calculation",2026-06-17 14:12,,PENDING,BARRA,BARRA SUBDIVISION,DIVISION-5,ZONE-2,CIRCLE-3,Billing Related,M. Verma
KS06172611489,1099277133,"voltage up-down ho raha hai lagatar, appliances damage ho rahe hain",2026-06-17 14:50,2026-06-20 09:50,CLOSED,YASHODA NAGAR,YASHODA NAGAR SUBDIVISION,DIVISION-4,ZONE-2,CIRCLE-2,Voltage Fluctuation,R. Kashyap
KS06172611750,1068750849,naya meter lagne ke baad se reading galat aa rahi hai har mahine,2026-06-17 15:05,2026-06-18 01:05,CLOSED,YASHODA NAGAR,YASHODA NAGAR SUBDIVISION,DIVISION-4,ZONE-2,CIRCLE-2,Meter Related,N. Srivastava
KS06172611585,1051634004,"DT ka fuse baar baar gir raha hai, substation wale theek nahi karte, 3 baar shikayat kar chuke hain",2026-06-17 15:13,2026-06-19 06:13,CLOSED,VIKAS NAGAR,VIKAS NAGAR SUBDIVISION,DIVISION-5,ZONE-2,CIRCLE-3,Fuse Off Call (FOC),J. Singh
KS06172610937,1095544663,"poore mohalle mein pichle 18 ghanto se supply band hai, bachche aur budhe pareshan hain",2026-06-17 15:19,,PENDING,ARYA NAGAR,ARYA NAGAR SUBDIVISION,DIVISION-2,ZONE-1,CIRCLE-1,Supply Related (Miscellaneous),A. Hussain
KS06172611363,1085297666,"transformer se dhuaan aur jalne ki smell aa rahi hai, turant madad chahiye",2026-06-17 15:45,2026-06-17 22:45,CLOSED,HARRISGANJ,HARRISGANJ SUBDIVISION,DIVISION-1,ZONE-1,CIRCLE-1,DT Damaged/DT Fuse Burnt/Fire on DT,B. Gupta
KS06172610211,1094335644,naya meter lagne ke baad se reading galat aa rahi hai har mahine,2026-06-17 15:55,2026-06-19 16:55,CLOSED,RING ROAD,RING ROAD SUBDIVISION,DIVISION-1,ZONE-1,CIRCLE-1,Meter Related,K. Pandey
KS06172611500,1031489897,"digital meter display kaam nahi kar raha, kuch bhi nahi dikh raha screen par",2026-06-17 15:57,2026-06-19 16:57,CLOSED,TATMILL,TATMILL SUBDIVISION,DIVISION-3,ZONE-2,CIRCLE-2,Meter Related,B. Gupta
KS06172610183,1058897825,"11KV line mein fault aa gaya hai, 6 ghante se bijli band hai poore ilake mein",2026-06-17 16:09,2026-06-18 15:09,CLOSED,JAJMAU,JAJMAU SUBDIVISION,DIVISION-3,ZONE-2,CIRCLE-2,11KV Line Fault,M. Verma
KS06172610067,1066354335,line fault ke karan pura substation area mein supply thap ho gayi hai,2026-06-17 16:34,2026-06-17 18:34,CLOSED,YASHODA NAGAR,YASHODA NAGAR SUBDIVISION,DIVISION-4,ZONE-2,CIRCLE-2,11KV Line Fault,V. Mishra
KS06172610151,1082630922,temporary connection ki application pending hai construction site ke liye,2026-06-17 16:34,,PENDING,RAWATPUR,RAWATPUR SUBDIVISION,DIVISION-3,ZONE-2,CIRCLE-2,New Connection,S. Tiwari
KS06172611880,1091832540,"voltage bahut kam hai, sirf 180 volt aa raha hai, AC aur fridge kharab ho gaye",2026-06-17 16:40,2026-06-18 07:40,CLOSED,GOVIND NAGAR,GOVIND NAGAR SUBDIVISION,DIVISION-4,ZONE-2,CIRCLE-2,Voltage Fluctuation,V. Mishra
KS06172612161,1057479038,gर्मी mein overloading ki wajah se baar baar trip ho raha hai transformer,2026-06-17 16:46,2026-06-17 22:46,CLOSED,RING ROAD,RING ROAD SUBDIVISION,DIVISION-1,ZONE-1,CIRCLE-1,Overloading,B. Gupta
KS06172610877,1051734775,line fault ke karan pura substation area mein supply thap ho gayi hai,2026-06-17 17:03,2026-06-18 17:03,CLOSED,JAJMAU,JAJMAU SUBDIVISION,DIVISION-3,ZONE-2,CIRCLE-2,11KV Line Fault,V. Mishra
KS06172610836,1015054255,"pichle bill mein galat amount charge hua hai, correction chahiye",2026-06-17 17:11,2026-06-26 15:11,CLOSED,RING ROAD,RING ROAD SUBDIVISION,DIVISION-1,ZONE-1,CIRCLE-1,Billing Related,K. Pandey
KS06172610879,1016049633,naya meter lagne ke baad se reading galat aa rahi hai har mahine,2026-06-17 17:24,2026-06-18 01:24,CLOSED,PANKI,PANKI SUBDIVISION,DIVISION-5,ZONE-2,CIRCLE-3,Meter Related,J. Singh
KS06172610822,1068389740,"transformer bahut garam ho raha hai aur buzzing sound aa rahi hai, overload lag raha hai",2026-06-17 17:42,2026-06-18 09:42,CLOSED,RING ROAD,RING ROAD SUBDIVISION,DIVISION-1,ZONE-1,CIRCLE-1,Overloading,N. Srivastava
KS06172610942,1038769900,"24 ghante se zyada ho gaye bijli gayi hue, ghar mein pani bhi nahi aa raha pump ke bina",2026-06-17 17:46,2026-06-18 08:46,CLOSED,KIDWAI NAGAR,KIDWAI NAGAR SUBDIVISION,DIVISION-2,ZONE-1,CIRCLE-1,Supply Related (Miscellaneous),A. Hussain
KS06172612208,1098802837,"aspatal mein 20 ghante se bijli nahi hai, generator ka diesel bhi khatam hone wala hai",2026-06-17 18:04,2026-06-18 01:04,CLOSED,KAKADEO,KAKADEO SUBDIVISION,DIVISION-4,ZONE-2,CIRCLE-2,Supply Related (Miscellaneous),B. Gupta
KS06172611623,1082523525,"11KV ki taar sadak par gir gayi hai, log ke pass se guzar rahe hain, koi accident na ho jaye",2026-06-17 18:06,2026-06-17 22:06,CLOSED,KIDWAI NAGAR,KIDWAI NAGAR SUBDIVISION,DIVISION-2,ZONE-1,CIRCLE-1,Wire Snapping/Pole Fault,A. Hussain
KS06172612374,1084008800,"high tension line mein kharabi hai, JE sahab abhi tak nahi aaye",2026-06-17 18:11,2026-06-18 16:11,CLOSED,HARRISGANJ,HARRISGANJ SUBDIVISION,DIVISION-1,ZONE-1,CIRCLE-1,11KV Line Fault,M. Verma
KS06172610769,1065190570,"digital meter display kaam nahi kar raha, kuch bhi nahi dikh raha screen par",2026-06-17 18:14,2026-06-18 01:14,CLOSED,JAJMAU,JAJMAU SUBDIVISION,DIVISION-3,ZONE-2,CIRCLE-2,Meter Related,N. Srivastava
KS06172611675,1067808566,"line ka fuse udh gaya tez hawa mein, dobara nahi laga abhi tak",2026-06-17 18:25,2026-06-20 02:25,CLOSED,YASHODA NAGAR,YASHODA NAGAR SUBDIVISION,DIVISION-4,ZONE-2,CIRCLE-2,Fuse Off Call (FOC),M. Verma
KS06172612258,1054483379,"transformer mein aag lag gayi aur dhuaan nikal raha hai, poori colony andhere mein hai",2026-06-17 18:26,,PENDING,KIDWAI NAGAR,KIDWAI NAGAR SUBDIVISION,DIVISION-2,ZONE-1,CIRCLE-1,DT Damaged/DT Fuse Burnt/Fire on DT,K. Pandey
KS06172611630,1042416443,"voltage up-down ho raha hai lagatar, appliances damage ho rahe hain",2026-06-17 18:30,2026-06-18 06:30,CLOSED,HARRISGANJ,HARRISGANJ SUBDIVISION,DIVISION-1,ZONE-1,CIRCLE-1,Voltage Fluctuation,N. Srivastava
KS06172610433,1049329035,"do mahine ka combined bill aaya hai, samajh nahi aa raha calculation",2026-06-17 18:45,2026-06-22 20:45,CLOSED,RING ROAD,RING ROAD SUBDIVISION,DIVISION-1,ZONE-1,CIRCLE-1,Billing Related,J. Singh
KS06172610454,1064355019,"pole gir gaya hai bijli ki taar ke saath, bahut khatarnak sthiti hai",2026-06-17 18:50,2026-06-17 23:50,CLOSED,COLONELGANJ,COLONELGANJ SUBDIVISION,DIVISION-1,ZONE-1,CIRCLE-1,Wire Snapping/Pole Fault,P. Kumar
KS06172611053,1023589381,"aspatal mein 20 ghante se bijli nahi hai, generator ka diesel bhi khatam hone wala hai",2026-06-17 19:04,,PENDING,KIDWAI NAGAR,KIDWAI NAGAR SUBDIVISION,DIVISION-2,ZONE-1,CIRCLE-1,Supply Related (Miscellaneous),R. Kashyap
KS06172610306,1099378896,"11KV line mein fault aa gaya hai, 6 ghante se bijli band hai poore ilake mein",2026-06-17 19:27,2026-06-18 01:27,CLOSED,SWAROOP NAGAR,SWAROOP NAGAR SUBDIVISION,DIVISION-2,ZONE-1,CIRCLE-1,11KV Line Fault,K. Pandey
KS06172611672,1060182514,"bill time par nahi mila is baar, late fee lag gayi hai bina wajah",2026-06-17 19:30,,PENDING,YASHODA NAGAR,YASHODA NAGAR SUBDIVISION,DIVISION-4,ZONE-2,CIRCLE-2,Billing Related,B. Gupta
KS06172611795,1073395718,gर्मी mein overloading ki wajah se baar baar trip ho raha hai transformer,2026-06-17 20:12,2026-06-18 14:12,CLOSED,KIDWAI NAGAR,KIDWAI NAGAR SUBDIVISION,DIVISION-2,ZONE-1,CIRCLE-1,Overloading,V. Mishra
KS06172612488,1082731605,"poore mohalle mein pichle 18 ghanto se supply band hai, bachche aur budhe pareshan hain",2026-06-17 20:23,2026-06-18 19:23,CLOSED,COLONELGANJ,COLONELGANJ SUBDIVISION,DIVISION-1,ZONE-1,CIRCLE-1,Supply Related (Miscellaneous),S. Tiwari
KS06172610598,1059470605,"DT ka fuse baar baar gir raha hai, substation wale theek nahi karte, 3 baar shikayat kar chuke hain",2026-06-17 20:31,,PENDING,SWAROOP NAGAR,SWAROOP NAGAR SUBDIVISION,DIVISION-2,ZONE-1,CIRCLE-1,Fuse Off Call (FOC),K. Pandey
KS06172610443,1031447484,"24 ghante se zyada ho gaye bijli gayi hue, ghar mein pani bhi nahi aa raha pump ke bina",2026-06-17 20:42,2026-06-18 00:42,CLOSED,COLONELGANJ,COLONELGANJ SUBDIVISION,DIVISION-1,ZONE-1,CIRCLE-1,Supply Related (Miscellaneous),M. Verma
KS06172610829,1054762507,"DT se lagatar humming noise aa rahi hai, sabko lagta hai kabhi bhi phat sakta hai",2026-06-17 20:42,2026-06-18 07:42,CLOSED,YASHODA NAGAR,YASHODA NAGAR SUBDIVISION,DIVISION-4,ZONE-2,CIRCLE-2,Overloading,L. Awasthi
KS06172611827,1036194531,"voltage bahut kam hai, sirf 180 volt aa raha hai, AC aur fridge kharab ho gaye",2026-06-17 20:43,,PENDING,KIDWAI NAGAR,KIDWAI NAGAR SUBDIVISION,DIVISION-2,ZONE-1,CIRCLE-1,Voltage Fluctuation,V. Mishra
KS06172611287,1023124906,"high tension line mein kharabi hai, JE sahab abhi tak nahi aaye",2026-06-17 20:52,2026-06-18 16:52,CLOSED,YASHODA NAGAR,YASHODA NAGAR SUBDIVISION,DIVISION-4,ZONE-2,CIRCLE-2,11KV Line Fault,N. Srivastava
KS06172610099,1021147119,"line ka fuse udh gaya tez hawa mein, dobara nahi laga abhi tak",2026-06-17 20:57,2026-06-18 03:57,CLOSED,DADA NAGAR,DADA NAGAR SUBDIVISION,DIVISION-5,ZONE-2,CIRCLE-3,Fuse Off Call (FOC),R. Kashyap
KS06172611749,1067629890,low voltage ki wajah se motor start nahi ho pa rahi hai,2026-06-17 21:10,,PENDING,RING ROAD,RING ROAD SUBDIVISION,DIVISION-1,ZONE-1,CIRCLE-1,Voltage Fluctuation,B. Gupta
KS06172612158,1030695321,"voltage bahut kam hai, sirf 180 volt aa raha hai, AC aur fridge kharab ho gaye",2026-06-17 21:29,2026-06-19 18:29,CLOSED,YASHODA NAGAR,YASHODA NAGAR SUBDIVISION,DIVISION-4,ZONE-2,CIRCLE-2,Voltage Fluctuation,D. Yadav
KS06172611720,1092209028,"transformer mein aag lag gayi aur dhuaan nikal raha hai, poori colony andhere mein hai",2026-06-17 21:46,2026-06-18 00:46,CLOSED,JAJMAU,JAJMAU SUBDIVISION,DIVISION-3,ZONE-2,CIRCLE-2,DT Damaged/DT Fuse Burnt/Fire on DT,S. Tiwari
KS06172610108,1088972927,"11KV ki taar sadak par gir gayi hai, log ke pass se guzar rahe hain, koi accident na ho jaye",2026-06-17 21:55,2026-06-18 04:55,CLOSED,RING ROAD,RING ROAD SUBDIVISION,DIVISION-1,ZONE-1,CIRCLE-1,Wire Snapping/Pole Fault,N. Srivastava
KS06172611482,1084409733,naya meter lagne ke baad se reading galat aa rahi hai har mahine,2026-06-17 23:31,2026-06-19 00:31,CLOSED,KIDWAI NAGAR,KIDWAI NAGAR SUBDIVISION,DIVISION-2,ZONE-1,CIRCLE-1,Meter Related,R. Kashyap
KS06182612248,1060182514,"high tension line mein kharabi hai, JE sahab abhi tak nahi aaye",2026-06-18 02:44,2026-06-18 21:44,CLOSED,DADA NAGAR,DADA NAGAR SUBDIVISION,DIVISION-5,ZONE-2,CIRCLE-3,11KV Line Fault,K. Pandey
KS06182610945,1081887483,gर्मी mein overloading ki wajah se baar baar trip ho raha hai transformer,2026-06-18 05:22,2026-06-18 12:22,CLOSED,VIKAS NAGAR,VIKAS NAGAR SUBDIVISION,DIVISION-5,ZONE-2,CIRCLE-3,Overloading,A. Hussain
KS06182610124,1097293868,"transformer se dhuaan aur jalne ki smell aa rahi hai, turant madad chahiye",2026-06-18 05:37,2026-06-18 07:37,CLOSED,COLONELGANJ,COLONELGANJ SUBDIVISION,DIVISION-1,ZONE-1,CIRCLE-1,DT Damaged/DT Fuse Burnt/Fire on DT,V. Mishra
KS06182612221,1054321662,low voltage ki wajah se motor start nahi ho pa rahi hai,2026-06-18 06:50,,PENDING,PANKI,PANKI SUBDIVISION,DIVISION-5,ZONE-2,CIRCLE-3,Voltage Fluctuation,K. Pandey
KS06182611268,1022299698,"voltage up-down ho raha hai lagatar, appliances damage ho rahe hain",2026-06-18 06:51,2026-06-19 09:51,CLOSED,RAWATPUR,RAWATPUR SUBDIVISION,DIVISION-3,ZONE-2,CIRCLE-2,Voltage Fluctuation,A. Hussain
KS06182610493,1050849151,"high tension line mein kharabi hai, JE sahab abhi tak nahi aaye",2026-06-18 06:59,2026-06-19 03:59,CLOSED,JAJMAU,JAJMAU SUBDIVISION,DIVISION-3,ZONE-2,CIRCLE-2,11KV Line Fault,J. Singh
KS06182611607,1013712772,"transformer bahut garam ho raha hai aur buzzing sound aa rahi hai, overload lag raha hai",2026-06-18 07:00,2026-06-18 17:00,CLOSED,HARRISGANJ,HARRISGANJ SUBDIVISION,DIVISION-1,ZONE-1,CIRCLE-1,Overloading,N. Srivastava
KS06182610562,1025713056,"load enhancement ke liye request diya tha, koi update nahi mila",2026-06-18 07:37,,PENDING,DADA NAGAR,DADA NAGAR SUBDIVISION,DIVISION-5,ZONE-2,CIRCLE-3,New Connection,P. Kumar
KS06182611758,1029361809,"naye ghar ke liye connection application diye hue ek mahina ho gaya hai, abhi tak survey nahi hua",2026-06-18 08:24,,PENDING,GOVIND NAGAR,GOVIND NAGAR SUBDIVISION,DIVISION-4,ZONE-2,CIRCLE-2,New Connection,R. Kashyap
KS06182610891,1089248280,"fuse off ho gaya hai kal raat se, poori gali mein andhera hai",2026-06-18 08:49,2026-06-20 00:49,CLOSED,PANKI,PANKI SUBDIVISION,DIVISION-5,ZONE-2,CIRCLE-3,Fuse Off Call (FOC),D. Yadav
KS06182611423,1097479489,line fault ke karan pura substation area mein supply thap ho gayi hai,2026-06-18 09:38,,PENDING,KAKADEO,KAKADEO SUBDIVISION,DIVISION-4,ZONE-2,CIRCLE-2,11KV Line Fault,R. Kashyap
KS06182610170,1066457919,"transformer bahut garam ho raha hai aur buzzing sound aa rahi hai, overload lag raha hai",2026-06-18 09:57,2026-06-18 15:57,CLOSED,DADA NAGAR,DADA NAGAR SUBDIVISION,DIVISION-5,ZONE-2,CIRCLE-3,Overloading,D. Yadav
KS06182611093,1022169922,"DT se lagatar humming noise aa rahi hai, sabko lagta hai kabhi bhi phat sakta hai",2026-06-18 10:01,2026-06-19 01:01,CLOSED,BARRA,BARRA SUBDIVISION,DIVISION-5,ZONE-2,CIRCLE-3,Overloading,N. Srivastava
KS06182612049,1086634097,"high tension line mein kharabi hai, JE sahab abhi tak nahi aaye",2026-06-18 10:05,2026-06-18 15:05,CLOSED,HARRISGANJ,HARRISGANJ SUBDIVISION,DIVISION-1,ZONE-1,CIRCLE-1,11KV Line Fault,V. Mishra
KS06182610262,1032484347,"high tension line mein kharabi hai, JE sahab abhi tak nahi aaye",2026-06-18 10:05,,PENDING,DADA NAGAR,DADA NAGAR SUBDIVISION,DIVISION-5,ZONE-2,CIRCLE-3,11KV Line Fault,B. Gupta
KS06182610441,1032971567,"poore mohalle mein pichle 18 ghanto se supply band hai, bachche aur budhe pareshan hain",2026-06-18 10:44,2026-06-18 17:44,CLOSED,ARYA NAGAR,ARYA NAGAR SUBDIVISION,DIVISION-2,ZONE-1,CIRCLE-1,Supply Related (Miscellaneous),P. Kumar
KS06182610861,1019165299,"bill time par nahi mila is baar, late fee lag gayi hai bina wajah",2026-06-18 10:45,2026-06-23 23:45,CLOSED,GOVIND NAGAR,GOVIND NAGAR SUBDIVISION,DIVISION-4,ZONE-2,CIRCLE-2,Billing Related,N. Srivastava
KS06182611753,1029321132,"pichle bill mein galat amount charge hua hai, correction chahiye",2026-06-18 10:45,2026-06-20 21:45,CLOSED,PANKI,PANKI SUBDIVISION,DIVISION-5,ZONE-2,CIRCLE-3,Billing Related,S. Tiwari
KS06182611781,1059392818,"do mahine ka combined bill aaya hai, samajh nahi aa raha calculation",2026-06-18 11:25,2026-06-20 14:25,CLOSED,DADA NAGAR,DADA NAGAR SUBDIVISION,DIVISION-5,ZONE-2,CIRCLE-3,Billing Related,K. Pandey
KS06182612277,1023431515,gर्मी mein overloading ki wajah se baar baar trip ho raha hai transformer,2026-06-18 11:32,2026-06-19 02:32,CLOSED,DADA NAGAR,DADA NAGAR SUBDIVISION,DIVISION-5,ZONE-2,CIRCLE-3,Overloading,K. Pandey
KS06182610105,1057479038,"bill time par nahi mila is baar, late fee lag gayi hai bina wajah",2026-06-18 11:34,2026-06-21 10:34,CLOSED,YASHODA NAGAR,YASHODA NAGAR SUBDIVISION,DIVISION-4,ZONE-2,CIRCLE-2,Billing Related,V. Mishra
KS06182611575,1023426576,gर्मी mein overloading ki wajah se baar baar trip ho raha hai transformer,2026-06-18 11:38,2026-06-19 14:38,CLOSED,KAKADEO,KAKADEO SUBDIVISION,DIVISION-4,ZONE-2,CIRCLE-2,Overloading,P. Kumar
KS06182611262,1018707760,line fault ke karan pura substation area mein supply thap ho gayi hai,2026-06-18 11:42,2026-06-18 15:42,CLOSED,TATMILL,TATMILL SUBDIVISION,DIVISION-3,ZONE-2,CIRCLE-2,11KV Line Fault,V. Mishra
KS06182611773,1013175375,"naye ghar ke liye connection application diye hue ek mahina ho gaya hai, abhi tak survey nahi hua",2026-06-18 12:21,2026-06-25 23:21,CLOSED,GOVIND NAGAR,GOVIND NAGAR SUBDIVISION,DIVISION-4,ZONE-2,CIRCLE-2,New Connection,S. Tiwari
KS06182612260,1079535379,naya meter lagne ke baad se reading galat aa rahi hai har mahine,2026-06-18 12:38,2026-06-19 16:38,CLOSED,VIKAS NAGAR,VIKAS NAGAR SUBDIVISION,DIVISION-5,ZONE-2,CIRCLE-3,Meter Related,B. Gupta
KS06182610204,1089529914,"transformer se dhuaan aur jalne ki smell aa rahi hai, turant madad chahiye",2026-06-18 12:47,2026-06-18 15:47,CLOSED,BARRA,BARRA SUBDIVISION,DIVISION-5,ZONE-2,CIRCLE-3,DT Damaged/DT Fuse Burnt/Fire on DT,A. Hussain
KS06182610837,1040274297,"DT ka fuse baar baar gir raha hai, substation wale theek nahi karte, 3 baar shikayat kar chuke hain",2026-06-18 12:49,2026-06-19 05:49,CLOSED,JAJMAU,JAJMAU SUBDIVISION,DIVISION-3,ZONE-2,CIRCLE-2,Fuse Off Call (FOC),P. Kumar
KS06182610145,1021642980,"DT se lagatar humming noise aa rahi hai, sabko lagta hai kabhi bhi phat sakta hai",2026-06-18 12:56,2026-06-18 16:56,CLOSED,RAWATPUR,RAWATPUR SUBDIVISION,DIVISION-3,ZONE-2,CIRCLE-2,Overloading,J. Singh
KS06182611247,1092198645,"poore mohalle mein pichle 18 ghanto se supply band hai, bachche aur budhe pareshan hain",2026-06-18 13:16,2026-06-19 17:16,CLOSED,RAWATPUR,RAWATPUR SUBDIVISION,DIVISION-3,ZONE-2,CIRCLE-2,Supply Related (Miscellaneous),R. Kashyap
KS06182611050,1059375264,meter ki reading bahut zyada aa rahi hai jabki consumption kam hua hai is mahine,2026-06-18 13:36,,PENDING,DADA NAGAR,DADA NAGAR SUBDIVISION,DIVISION-5,ZONE-2,CIRCLE-3,Meter Related,K. Pandey
KS06182611813,1056002938,"transformer bahut garam ho raha hai aur buzzing sound aa rahi hai, overload lag raha hai",2026-06-18 13:42,,PENDING,ARYA NAGAR,ARYA NAGAR SUBDIVISION,DIVISION-2,ZONE-1,CIRCLE-1,Overloading,L. Awasthi
KS06182611861,1093223669,"line ka fuse udh gaya tez hawa mein, dobara nahi laga abhi tak",2026-06-18 13:47,2026-06-20 17:47,CLOSED,DADA NAGAR,DADA NAGAR SUBDIVISION,DIVISION-5,ZONE-2,CIRCLE-3,Fuse Off Call (FOC),P. Kumar
KS06182610408,1055876118,"khuli taar se sparking ho rahi hai road ke pass, karnt lagne ka khatra hai",2026-06-18 14:10,2026-06-18 18:10,CLOSED,BARRA,BARRA SUBDIVISION,DIVISION-5,ZONE-2,CIRCLE-3,Wire Snapping/Pole Fault,M. Verma
KS06182610854,1014458726,"DT se lagatar humming noise aa rahi hai, sabko lagta hai kabhi bhi phat sakta hai",2026-06-18 14:12,2026-06-18 18:12,CLOSED,RAWATPUR,RAWATPUR SUBDIVISION,DIVISION-3,ZONE-2,CIRCLE-2,Overloading,K. Pandey
KS06182610654,1082630922,"load enhancement ke liye request diya tha, koi update nahi mila",2026-06-18 14:20,,PENDING,ARYA NAGAR,ARYA NAGAR SUBDIVISION,DIVISION-2,ZONE-1,CIRCLE-1,New Connection,B. Gupta
KS06182611736,1020871685,temporary connection ki application pending hai construction site ke liye,2026-06-18 14:26,,PENDING,RING ROAD,RING ROAD SUBDIVISION,DIVISION-1,ZONE-1,CIRCLE-1,New Connection,D. Yadav
KS06182610616,1034711321,"pichle bill mein galat amount charge hua hai, correction chahiye",2026-06-18 14:27,2026-06-24 05:27,CLOSED,DADA NAGAR,DADA NAGAR SUBDIVISION,DIVISION-5,ZONE-2,CIRCLE-3,Billing Related,B. Gupta
KS06182610199,1079437812,"high tension line mein kharabi hai, JE sahab abhi tak nahi aaye",2026-06-18 14:36,2026-06-18 19:36,CLOSED,YASHODA NAGAR,YASHODA NAGAR SUBDIVISION,DIVISION-4,ZONE-2,CIRCLE-2,11KV Line Fault,B. Gupta
KS06182610753,1083643254,low voltage ki wajah se motor start nahi ho pa rahi hai,2026-06-18 14:40,2026-06-20 23:40,CLOSED,KAKADEO,KAKADEO SUBDIVISION,DIVISION-4,ZONE-2,CIRCLE-2,Voltage Fluctuation,S. Tiwari
KS06182611550,1077590786,"24 ghante se zyada ho gaye bijli gayi hue, ghar mein pani bhi nahi aa raha pump ke bina",2026-06-18 14:49,2026-06-19 11:49,CLOSED,JAJMAU,JAJMAU SUBDIVISION,DIVISION-3,ZONE-2,CIRCLE-2,Supply Related (Miscellaneous),A. Hussain
KS06182611498,1066815731,"11KV line mein fault aa gaya hai, 6 ghante se bijli band hai poore ilake mein",2026-06-18 15:09,2026-06-19 19:09,CLOSED,RING ROAD,RING ROAD SUBDIVISION,DIVISION-1,ZONE-1,CIRCLE-1,11KV Line Fault,J. Singh
KS06182611468,1067885078,"pichle bill mein galat amount charge hua hai, correction chahiye",2026-06-18 15:19,2026-06-21 11:19,CLOSED,RING ROAD,RING ROAD SUBDIVISION,DIVISION-1,ZONE-1,CIRCLE-1,Billing Related,M. Verma
KS06182610319,1026337079,"line ka fuse udh gaya tez hawa mein, dobara nahi laga abhi tak",2026-06-18 15:21,2026-06-20 14:21,CLOSED,VIKAS NAGAR,VIKAS NAGAR SUBDIVISION,DIVISION-5,ZONE-2,CIRCLE-3,Fuse Off Call (FOC),N. Srivastava
KS06182611114,1030929771,"line ka fuse udh gaya tez hawa mein, dobara nahi laga abhi tak",2026-06-18 15:23,2026-06-19 09:23,CLOSED,KAKADEO,KAKADEO SUBDIVISION,DIVISION-4,ZONE-2,CIRCLE-2,Fuse Off Call (FOC),V. Mishra
KS06182611099,1036456442,"aspatal mein 20 ghante se bijli nahi hai, generator ka diesel bhi khatam hone wala hai",2026-06-18 15:42,2026-06-18 20:42,CLOSED,JAJMAU,JAJMAU SUBDIVISION,DIVISION-3,ZONE-2,CIRCLE-2,Supply Related (Miscellaneous),D. Yadav
KS06182612055,1084409733,"voltage bahut kam hai, sirf 180 volt aa raha hai, AC aur fridge kharab ho gaye",2026-06-18 15:46,2026-06-18 22:46,CLOSED,VIKAS NAGAR,VIKAS NAGAR SUBDIVISION,DIVISION-5,ZONE-2,CIRCLE-3,Voltage Fluctuation,M. Verma
KS06182612294,1020386771,gर्मी mein overloading ki wajah se baar baar trip ho raha hai transformer,2026-06-18 15:57,,PENDING,GOVIND NAGAR,GOVIND NAGAR SUBDIVISION,DIVISION-4,ZONE-2,CIRCLE-2,Overloading,P. Kumar
KS06182611520,1092209028,"DT se lagatar humming noise aa rahi hai, sabko lagta hai kabhi bhi phat sakta hai",2026-06-18 16:15,2026-06-19 04:15,CLOSED,RING ROAD,RING ROAD SUBDIVISION,DIVISION-1,ZONE-1,CIRCLE-1,Overloading,S. Tiwari
KS06182610521,1093617371,"high tension line mein kharabi hai, JE sahab abhi tak nahi aaye",2026-06-18 16:17,2026-06-19 02:17,CLOSED,GOVIND NAGAR,GOVIND NAGAR SUBDIVISION,DIVISION-4,ZONE-2,CIRCLE-2,11KV Line Fault,S. Tiwari
KS06182610605,1085996774,"bill time par nahi mila is baar, late fee lag gayi hai bina wajah",2026-06-18 16:27,,PENDING,ARYA NAGAR,ARYA NAGAR SUBDIVISION,DIVISION-2,ZONE-1,CIRCLE-1,Billing Related,R. Kashyap
KS06182610386,1043313499,"pichle bill mein galat amount charge hua hai, correction chahiye",2026-06-18 16:30,2026-06-27 09:30,CLOSED,HARRISGANJ,HARRISGANJ SUBDIVISION,DIVISION-1,ZONE-1,CIRCLE-1,Billing Related,D. Yadav
KS06182610431,1015447910,"pichle bill mein galat amount charge hua hai, correction chahiye",2026-06-18 16:43,,PENDING,DADA NAGAR,DADA NAGAR SUBDIVISION,DIVISION-5,ZONE-2,CIRCLE-3,Billing Related,R. Kashyap
KS06182610741,1059375264,"aspatal mein 20 ghante se bijli nahi hai, generator ka diesel bhi khatam hone wala hai",2026-06-18 16:59,2026-06-19 16:59,CLOSED,ARYA NAGAR,ARYA NAGAR SUBDIVISION,DIVISION-2,ZONE-1,CIRCLE-1,Supply Related (Miscellaneous),A. Hussain
KS06182610147,1052469263,"voltage bahut kam hai, sirf 180 volt aa raha hai, AC aur fridge kharab ho gaye",2026-06-18 17:02,2026-06-19 12:02,CLOSED,TATMILL,TATMILL SUBDIVISION,DIVISION-3,ZONE-2,CIRCLE-2,Voltage Fluctuation,B. Gupta
KS06182611650,1031447484,gर्मी mein overloading ki wajah se baar baar trip ho raha hai transformer,2026-06-18 17:13,,PENDING,PANKI,PANKI SUBDIVISION,DIVISION-5,ZONE-2,CIRCLE-3,Overloading,M. Verma
KS06182610116,1030201808,"bill time par nahi mila is baar, late fee lag gayi hai bina wajah",2026-06-18 17:31,2026-06-28 04:31,CLOSED,KIDWAI NAGAR,KIDWAI NAGAR SUBDIVISION,DIVISION-2,ZONE-1,CIRCLE-1,Billing Related,R. Kashyap
KS06182610649,1024266410,"transformer se dhuaan aur jalne ki smell aa rahi hai, turant madad chahiye",2026-06-18 17:37,2026-06-18 22:37,CLOSED,GOVIND NAGAR,GOVIND NAGAR SUBDIVISION,DIVISION-4,ZONE-2,CIRCLE-2,DT Damaged/DT Fuse Burnt/Fire on DT,J. Singh
KS06182611714,1089248280,"11KV line mein fault aa gaya hai, 6 ghante se bijli band hai poore ilake mein",2026-06-18 17:39,2026-06-19 05:39,CLOSED,KAKADEO,KAKADEO SUBDIVISION,DIVISION-4,ZONE-2,CIRCLE-2,11KV Line Fault,R. Kashyap
KS06182611016,1023124906,naya meter lagne ke baad se reading galat aa rahi hai har mahine,2026-06-18 18:09,2026-06-21 04:09,CLOSED,VIKAS NAGAR,VIKAS NAGAR SUBDIVISION,DIVISION-5,ZONE-2,CIRCLE-3,Meter Related,J. Singh
KS06182611256,1019816472,"bill time par nahi mila is baar, late fee lag gayi hai bina wajah",2026-06-18 18:15,2026-06-27 23:15,CLOSED,KAKADEO,KAKADEO SUBDIVISION,DIVISION-4,ZONE-2,CIRCLE-2,Billing Related,K. Pandey
KS06182610391,1032930654,"24 ghante se zyada ho gaye bijli gayi hue, ghar mein pani bhi nahi aa raha pump ke bina",2026-06-18 18:27,2026-06-19 22:27,CLOSED,BARRA,BARRA SUBDIVISION,DIVISION-5,ZONE-2,CIRCLE-3,Supply Related (Miscellaneous),A. Hussain
KS06182612321,1070919029,"khuli taar se sparking ho rahi hai road ke pass, karnt lagne ka khatra hai",2026-06-18 18:40,2026-06-19 01:40,CLOSED,HARRISGANJ,HARRISGANJ SUBDIVISION,DIVISION-1,ZONE-1,CIRCLE-1,Wire Snapping/Pole Fault,R. Kashyap
KS06182610197,1052886009,"naye ghar ke liye connection application diye hue ek mahina ho gaya hai, abhi tak survey nahi hua",2026-06-18 18:40,2026-06-22 06:40,CLOSED,GOVIND NAGAR,GOVIND NAGAR SUBDIVISION,DIVISION-4,ZONE-2,CIRCLE-2,New Connection,S. Tiwari
KS06182611777,1097111604,low voltage ki wajah se motor start nahi ho pa rahi hai,2026-06-18 18:44,2026-06-21 09:44,CLOSED,RING ROAD,RING ROAD SUBDIVISION,DIVISION-1,ZONE-1,CIRCLE-1,Voltage Fluctuation,B. Gupta
KS06182611146,1056260071,"pichle bill mein galat amount charge hua hai, correction chahiye",2026-06-18 18:48,2026-06-23 12:48,CLOSED,SWAROOP NAGAR,SWAROOP NAGAR SUBDIVISION,DIVISION-2,ZONE-1,CIRCLE-1,Billing Related,S. Tiwari
KS06182611168,1083425741,"bill time par nahi mila is baar, late fee lag gayi hai bina wajah",2026-06-18 19:05,2026-06-21 02:05,CLOSED,YASHODA NAGAR,YASHODA NAGAR SUBDIVISION,DIVISION-4,ZONE-2,CIRCLE-2,Billing Related,B. Gupta
KS06182611962,1063627214,meter ki reading bahut zyada aa rahi hai jabki consumption kam hua hai is mahine,2026-06-18 19:07,2026-06-19 20:07,CLOSED,HARRISGANJ,HARRISGANJ SUBDIVISION,DIVISION-1,ZONE-1,CIRCLE-1,Meter Related,R. Kashyap
KS06182611793,1072144598,meter ki reading bahut zyada aa rahi hai jabki consumption kam hua hai is mahine,2026-06-18 19:09,,PENDING,SWAROOP NAGAR,SWAROOP NAGAR SUBDIVISION,DIVISION-2,ZONE-1,CIRCLE-1,Meter Related,A. Hussain
KS06182610377,1099321812,"voltage up-down ho raha hai lagatar, appliances damage ho rahe hain",2026-06-18 19:09,2026-06-19 13:09,CLOSED,ARYA NAGAR,ARYA NAGAR SUBDIVISION,DIVISION-2,ZONE-1,CIRCLE-1,Voltage Fluctuation,S. Tiwari
KS06182610128,1045854154,"11KV ki taar sadak par gir gayi hai, log ke pass se guzar rahe hain, koi accident na ho jaye",2026-06-18 19:12,2026-06-18 20:12,CLOSED,HARRISGANJ,HARRISGANJ SUBDIVISION,DIVISION-1,ZONE-1,CIRCLE-1,Wire Snapping/Pole Fault,A. Hussain
KS06182610020,1076525508,"bill time par nahi mila is baar, late fee lag gayi hai bina wajah",2026-06-18 19:27,2026-06-23 06:27,CLOSED,ARYA NAGAR,ARYA NAGAR SUBDIVISION,DIVISION-2,ZONE-1,CIRCLE-1,Billing Related,K. Pandey
KS06182611192,1064343494,"load enhancement ke liye request diya tha, koi update nahi mila",2026-06-18 19:36,2026-06-22 10:36,CLOSED,YASHODA NAGAR,YASHODA NAGAR SUBDIVISION,DIVISION-4,ZONE-2,CIRCLE-2,New Connection,A. Hussain
KS06182612189,1036980488,"line ka fuse udh gaya tez hawa mein, dobara nahi laga abhi tak",2026-06-18 19:39,2026-06-21 04:39,CLOSED,RAWATPUR,RAWATPUR SUBDIVISION,DIVISION-3,ZONE-2,CIRCLE-2,Fuse Off Call (FOC),M. Verma
KS06182611711,1035669897,"high tension line mein kharabi hai, JE sahab abhi tak nahi aaye",2026-06-18 19:44,2026-06-19 14:44,CLOSED,RAWATPUR,RAWATPUR SUBDIVISION,DIVISION-3,ZONE-2,CIRCLE-2,11KV Line Fault,S. Tiwari
KS06182612413,1070919029,"voltage up-down ho raha hai lagatar, appliances damage ho rahe hain",2026-06-18 19:55,2026-06-19 05:55,CLOSED,KAKADEO,KAKADEO SUBDIVISION,DIVISION-4,ZONE-2,CIRCLE-2,Voltage Fluctuation,R. Kashyap
KS06182612442,1094401251,"poore mohalle mein pichle 18 ghanto se supply band hai, bachche aur budhe pareshan hain",2026-06-18 19:58,2026-06-19 14:58,CLOSED,RING ROAD,RING ROAD SUBDIVISION,DIVISION-1,ZONE-1,CIRCLE-1,Supply Related (Miscellaneous),M. Verma
KS06182611647,1059512209,"pichle bill mein galat amount charge hua hai, correction chahiye",2026-06-18 20:10,2026-06-23 16:10,CLOSED,RAWATPUR,RAWATPUR SUBDIVISION,DIVISION-3,ZONE-2,CIRCLE-2,Billing Related,P. Kumar
KS06182611680,1030550260,"do mahine ka combined bill aaya hai, samajh nahi aa raha calculation",2026-06-18 20:13,2026-06-27 13:13,CLOSED,TATMILL,TATMILL SUBDIVISION,DIVISION-3,ZONE-2,CIRCLE-2,Billing Related,S. Tiwari
KS06182611674,1099178522,"bill time par nahi mila is baar, late fee lag gayi hai bina wajah",2026-06-18 20:19,2026-06-28 15:19,CLOSED,HARRISGANJ,HARRISGANJ SUBDIVISION,DIVISION-1,ZONE-1,CIRCLE-1,Billing Related,K. Pandey
KS06182610253,1076994843,"transformer bahut garam ho raha hai aur buzzing sound aa rahi hai, overload lag raha hai",2026-06-18 20:26,2026-06-19 05:26,CLOSED,PANKI,PANKI SUBDIVISION,DIVISION-5,ZONE-2,CIRCLE-3,Overloading,L. Awasthi
KS06182610944,1085700804,"voltage up-down ho raha hai lagatar, appliances damage ho rahe hain",2026-06-18 20:32,,PENDING,RAWATPUR,RAWATPUR SUBDIVISION,DIVISION-3,ZONE-2,CIRCLE-2,Voltage Fluctuation,R. Kashyap
KS06182610329,1061037834,"transformer bahut garam ho raha hai aur buzzing sound aa rahi hai, overload lag raha hai",2026-06-18 20:36,2026-06-19 20:36,CLOSED,RING ROAD,RING ROAD SUBDIVISION,DIVISION-1,ZONE-1,CIRCLE-1,Overloading,N. Srivastava
KS06182611677,1032448259,low voltage ki wajah se motor start nahi ho pa rahi hai,2026-06-18 20:45,2026-06-21 10:45,CLOSED,PANKI,PANKI SUBDIVISION,DIVISION-5,ZONE-2,CIRCLE-3,Voltage Fluctuation,V. Mishra
KS06182611764,1075646940,"aspatal mein 20 ghante se bijli nahi hai, generator ka diesel bhi khatam hone wala hai",2026-06-18 20:47,2026-06-19 05:47,CLOSED,SWAROOP NAGAR,SWAROOP NAGAR SUBDIVISION,DIVISION-2,ZONE-1,CIRCLE-1,Supply Related (Miscellaneous),V. Mishra
KS06182611476,1054484414,"voltage bahut kam hai, sirf 180 volt aa raha hai, AC aur fridge kharab ho gaye",2026-06-18 20:49,2026-06-21 02:49,CLOSED,RING ROAD,RING ROAD SUBDIVISION,DIVISION-1,ZONE-1,CIRCLE-1,Voltage Fluctuation,A. Hussain
KS06182612353,1096027447,low voltage ki wajah se motor start nahi ho pa rahi hai,2026-06-18 20:51,2026-06-20 04:51,CLOSED,ARYA NAGAR,ARYA NAGAR SUBDIVISION,DIVISION-2,ZONE-1,CIRCLE-1,Voltage Fluctuation,N. Srivastava
KS06182610692,1018435755,gर्मी mein overloading ki wajah se baar baar trip ho raha hai transformer,2026-06-18 21:11,2026-06-19 22:11,CLOSED,KIDWAI NAGAR,KIDWAI NAGAR SUBDIVISION,DIVISION-2,ZONE-1,CIRCLE-1,Overloading,B. Gupta
KS06182610988,1078640018,line fault ke karan pura substation area mein supply thap ho gayi hai,2026-06-18 21:15,2026-06-19 01:15,CLOSED,DADA NAGAR,DADA NAGAR SUBDIVISION,DIVISION-5,ZONE-2,CIRCLE-3,11KV Line Fault,J. Singh
KS06182610864,1060124034,"pole gir gaya hai bijli ki taar ke saath, bahut khatarnak sthiti hai",2026-06-18 21:41,2026-06-19 02:41,CLOSED,DADA NAGAR,DADA NAGAR SUBDIVISION,DIVISION-5,ZONE-2,CIRCLE-3,Wire Snapping/Pole Fault,J. Singh
KS06182610166,1030319767,"do mahine ka combined bill aaya hai, samajh nahi aa raha calculation",2026-06-18 22:27,,PENDING,TATMILL,TATMILL SUBDIVISION,DIVISION-3,ZONE-2,CIRCLE-2,Billing Related,N. Srivastava
KS06182611319,1072705244,temporary connection ki application pending hai construction site ke liye,2026-06-18 22:55,2026-06-23 19:55,CLOSED,RAWATPUR,RAWATPUR SUBDIVISION,DIVISION-3,ZONE-2,CIRCLE-2,New Connection,L. Awasthi
KS06182611752,1091832540,"load enhancement ke liye request diya tha, koi update nahi mila",2026-06-18 23:17,,PENDING,KIDWAI NAGAR,KIDWAI NAGAR SUBDIVISION,DIVISION-2,ZONE-1,CIRCLE-1,New Connection,N. Srivastava
KS06182611878,1012676460,"voltage bahut kam hai, sirf 180 volt aa raha hai, AC aur fridge kharab ho gaye",2026-06-18 23:37,2026-06-20 09:37,CLOSED,SWAROOP NAGAR,SWAROOP NAGAR SUBDIVISION,DIVISION-2,ZONE-1,CIRCLE-1,Voltage Fluctuation,L. Awasthi
KS06192611118,1099115191,"DT se lagatar humming noise aa rahi hai, sabko lagta hai kabhi bhi phat sakta hai",2026-06-19 00:10,,PENDING,RAWATPUR,RAWATPUR SUBDIVISION,DIVISION-3,ZONE-2,CIRCLE-2,Overloading,K. Pandey
KS06192611936,1017235259,"voltage bahut kam hai, sirf 180 volt aa raha hai, AC aur fridge kharab ho gaye",2026-06-19 03:03,,PENDING,COLONELGANJ,COLONELGANJ SUBDIVISION,DIVISION-1,ZONE-1,CIRCLE-1,Voltage Fluctuation,M. Verma
KS06192611659,1039687382,"DT mein blast ho gaya, chingari nikal rahi hai, log dar ke maare ghar se bahar hain",2026-06-19 04:17,2026-06-19 08:17,CLOSED,KIDWAI NAGAR,KIDWAI NAGAR SUBDIVISION,DIVISION-2,ZONE-1,CIRCLE-1,DT Damaged/DT Fuse Burnt/Fire on DT,J. Singh
KS06192611624,1029497009,"11KV line mein fault aa gaya hai, 6 ghante se bijli band hai poore ilake mein",2026-06-19 05:13,2026-06-20 02:13,CLOSED,KAKADEO,KAKADEO SUBDIVISION,DIVISION-4,ZONE-2,CIRCLE-2,11KV Line Fault,K. Pandey
KS06192610618,1059953805,"24 ghante se zyada ho gaye bijli gayi hue, ghar mein pani bhi nahi aa raha pump ke bina",2026-06-19 05:19,2026-06-20 07:19,CLOSED,SWAROOP NAGAR,SWAROOP NAGAR SUBDIVISION,DIVISION-2,ZONE-1,CIRCLE-1,Supply Related (Miscellaneous),K. Pandey
KS06192612217,1019816472,"fuse off ho gaya hai kal raat se, poori gali mein andhera hai",2026-06-19 06:22,2026-06-20 00:22,CLOSED,KIDWAI NAGAR,KIDWAI NAGAR SUBDIVISION,DIVISION-2,ZONE-1,CIRCLE-1,Fuse Off Call (FOC),K. Pandey
KS06192610600,1039320244,low voltage ki wajah se motor start nahi ho pa rahi hai,2026-06-19 06:23,2026-06-19 14:23,CLOSED,YASHODA NAGAR,YASHODA NAGAR SUBDIVISION,DIVISION-4,ZONE-2,CIRCLE-2,Voltage Fluctuation,D. Yadav
KS06192612327,1065367996,"aspatal mein 20 ghante se bijli nahi hai, generator ka diesel bhi khatam hone wala hai",2026-06-19 07:54,,PENDING,GOVIND NAGAR,GOVIND NAGAR SUBDIVISION,DIVISION-4,ZONE-2,CIRCLE-2,Supply Related (Miscellaneous),B. Gupta
KS06192610054,1016624483,"do mahine ka combined bill aaya hai, samajh nahi aa raha calculation",2026-06-19 08:13,2026-06-21 23:13,CLOSED,PANKI,PANKI SUBDIVISION,DIVISION-5,ZONE-2,CIRCLE-3,Billing Related,V. Mishra
KS06192611100,1068882531,"DT mein blast ho gaya, chingari nikal rahi hai, log dar ke maare ghar se bahar hain",2026-06-19 08:50,2026-06-19 14:50,CLOSED,HARRISGANJ,HARRISGANJ SUBDIVISION,DIVISION-1,ZONE-1,CIRCLE-1,DT Damaged/DT Fuse Burnt/Fire on DT,D. Yadav
KS06192611506,1054732325,"do mahine ka combined bill aaya hai, samajh nahi aa raha calculation",2026-06-19 09:05,2026-06-27 01:05,CLOSED,PANKI,PANKI SUBDIVISION,DIVISION-5,ZONE-2,CIRCLE-3,Billing Related,J. Singh
KS06192611127,1058969223,meter ki reading bahut zyada aa rahi hai jabki consumption kam hua hai is mahine,2026-06-19 09:52,2026-06-19 21:52,CLOSED,COLONELGANJ,COLONELGANJ SUBDIVISION,DIVISION-1,ZONE-1,CIRCLE-1,Meter Related,M. Verma
KS06192610375,1049986788,"poore mohalle mein pichle 18 ghanto se supply band hai, bachche aur budhe pareshan hain",2026-06-19 10:01,2026-06-19 22:01,CLOSED,GOVIND NAGAR,GOVIND NAGAR SUBDIVISION,DIVISION-4,ZONE-2,CIRCLE-2,Supply Related (Miscellaneous),K. Pandey
KS06192610249,1032949699,low voltage ki wajah se motor start nahi ho pa rahi hai,2026-06-19 10:12,2026-06-21 19:12,CLOSED,HARRISGANJ,HARRISGANJ SUBDIVISION,DIVISION-1,ZONE-1,CIRCLE-1,Voltage Fluctuation,R. Kashyap
KS06192612419,1065590250,"DT ka fuse baar baar gir raha hai, substation wale theek nahi karte, 3 baar shikayat kar chuke hain",2026-06-19 10:30,,PENDING,RAWATPUR,RAWATPUR SUBDIVISION,DIVISION-3,ZONE-2,CIRCLE-2,Fuse Off Call (FOC),R. Kashyap
KS06192612045,1068949632,"transformer se dhuaan aur jalne ki smell aa rahi hai, turant madad chahiye",2026-06-19 10:38,2026-06-19 15:38,CLOSED,RING ROAD,RING ROAD SUBDIVISION,DIVISION-1,ZONE-1,CIRCLE-1,DT Damaged/DT Fuse Burnt/Fire on DT,N. Srivastava
KS06192611947,1040274297,"DT ka fuse baar baar gir raha hai, substation wale theek nahi karte, 3 baar shikayat kar chuke hain",2026-06-19 10:58,2026-06-20 16:58,CLOSED,YASHODA NAGAR,YASHODA NAGAR SUBDIVISION,DIVISION-4,ZONE-2,CIRCLE-2,Fuse Off Call (FOC),L. Awasthi
KS06192612341,1022404219,"khuli taar se sparking ho rahi hai road ke pass, karnt lagne ka khatra hai",2026-06-19 11:10,2026-06-19 15:10,CLOSED,JAJMAU,JAJMAU SUBDIVISION,DIVISION-3,ZONE-2,CIRCLE-2,Wire Snapping/Pole Fault,L. Awasthi
KS06192610463,1065479951,line fault ke karan pura substation area mein supply thap ho gayi hai,2026-06-19 11:21,,PENDING,RING ROAD,RING ROAD SUBDIVISION,DIVISION-1,ZONE-1,CIRCLE-1,11KV Line Fault,S. Tiwari
KS06192611227,1045854154,"voltage up-down ho raha hai lagatar, appliances damage ho rahe hain",2026-06-19 11:27,2026-06-20 20:27,CLOSED,JAJMAU,JAJMAU SUBDIVISION,DIVISION-3,ZONE-2,CIRCLE-2,Voltage Fluctuation,P. Kumar
KS06192610305,1095500158,"voltage up-down ho raha hai lagatar, appliances damage ho rahe hain",2026-06-19 11:31,2026-06-22 04:31,CLOSED,YASHODA NAGAR,YASHODA NAGAR SUBDIVISION,DIVISION-4,ZONE-2,CIRCLE-2,Voltage Fluctuation,K. Pandey
KS06192611842,1074060385,"24 ghante se zyada ho gaye bijli gayi hue, ghar mein pani bhi nahi aa raha pump ke bina",2026-06-19 11:49,2026-06-20 11:49,CLOSED,PANKI,PANKI SUBDIVISION,DIVISION-5,ZONE-2,CIRCLE-3,Supply Related (Miscellaneous),L. Awasthi
KS06192612005,1020712173,"load enhancement ke liye request diya tha, koi update nahi mila",2026-06-19 12:15,2026-06-21 11:15,CLOSED,HARRISGANJ,HARRISGANJ SUBDIVISION,DIVISION-1,ZONE-1,CIRCLE-1,New Connection,P. Kumar
KS06192610980,1035678079,"fuse off ho gaya hai kal raat se, poori gali mein andhera hai",2026-06-19 12:40,2026-06-19 21:40,CLOSED,JAJMAU,JAJMAU SUBDIVISION,DIVISION-3,ZONE-2,CIRCLE-2,Fuse Off Call (FOC),R. Kashyap
KS06192611681,1038769900,"bill time par nahi mila is baar, late fee lag gayi hai bina wajah",2026-06-19 13:11,,PENDING,JAJMAU,JAJMAU SUBDIVISION,DIVISION-3,ZONE-2,CIRCLE-2,Billing Related,M. Verma
KS06192610125,1077108318,"voltage up-down ho raha hai lagatar, appliances damage ho rahe hain",2026-06-19 13:13,2026-06-20 16:13,CLOSED,ARYA NAGAR,ARYA NAGAR SUBDIVISION,DIVISION-2,ZONE-1,CIRCLE-1,Voltage Fluctuation,S. Tiwari
KS06192610592,1050073103,"high tension line mein kharabi hai, JE sahab abhi tak nahi aaye",2026-06-19 13:16,2026-06-20 09:16,CLOSED,DADA NAGAR,DADA NAGAR SUBDIVISION,DIVISION-5,ZONE-2,CIRCLE-3,11KV Line Fault,A. Hussain
KS06192610439,1088490778,meter ki reading bahut zyada aa rahi hai jabki consumption kam hua hai is mahine,2026-06-19 13:23,2026-06-21 18:23,CLOSED,KAKADEO,KAKADEO SUBDIVISION,DIVISION-4,ZONE-2,CIRCLE-2,Meter Related,B. Gupta
KS06192610472,1084997377,"24 ghante se zyada ho gaye bijli gayi hue, ghar mein pani bhi nahi aa raha pump ke bina",2026-06-19 13:24,2026-06-19 19:24,CLOSED,HARRISGANJ,HARRISGANJ SUBDIVISION,DIVISION-1,ZONE-1,CIRCLE-1,Supply Related (Miscellaneous),P. Kumar
KS06192611340,1032016441,"pole gir gaya hai bijli ki taar ke saath, bahut khatarnak sthiti hai",2026-06-19 13:33,,PENDING,DADA NAGAR,DADA NAGAR SUBDIVISION,DIVISION-5,ZONE-2,CIRCLE-3,Wire Snapping/Pole Fault,R. Kashyap
KS06192612144,1011887349,"11KV line mein fault aa gaya hai, 6 ghante se bijli band hai poore ilake mein",2026-06-19 13:37,2026-06-19 23:37,CLOSED,SWAROOP NAGAR,SWAROOP NAGAR SUBDIVISION,DIVISION-2,ZONE-1,CIRCLE-1,11KV Line Fault,S. Tiwari
KS06192611388,1045467567,"load enhancement ke liye request diya tha, koi update nahi mila",2026-06-19 14:03,,PENDING,SWAROOP NAGAR,SWAROOP NAGAR SUBDIVISION,DIVISION-2,ZONE-1,CIRCLE-1,New Connection,P. Kumar
KS06192611243,1086060854,"transformer se dhuaan aur jalne ki smell aa rahi hai, turant madad chahiye",2026-06-19 14:13,2026-06-19 16:13,CLOSED,VIKAS NAGAR,VIKAS NAGAR SUBDIVISION,DIVISION-5,ZONE-2,CIRCLE-3,DT Damaged/DT Fuse Burnt/Fire on DT,R. Kashyap
KS06192612130,1057275484,"aspatal mein 20 ghante se bijli nahi hai, generator ka diesel bhi khatam hone wala hai",2026-06-19 14:14,2026-06-20 14:14,CLOSED,RING ROAD,RING ROAD SUBDIVISION,DIVISION-1,ZONE-1,CIRCLE-1,Supply Related (Miscellaneous),D. Yadav
KS06192612361,1061161935,"transformer mein aag lag gayi aur dhuaan nikal raha hai, poori colony andhere mein hai",2026-06-19 14:14,,PENDING,YASHODA NAGAR,YASHODA NAGAR SUBDIVISION,DIVISION-4,ZONE-2,CIRCLE-2,DT Damaged/DT Fuse Burnt/Fire on DT,M. Verma
KS06192612461,1013712772,"digital meter display kaam nahi kar raha, kuch bhi nahi dikh raha screen par",2026-06-19 14:19,,PENDING,KAKADEO,KAKADEO SUBDIVISION,DIVISION-4,ZONE-2,CIRCLE-2,Meter Related,B. Gupta
KS06192611911,1077786938,"poore mohalle mein pichle 18 ghanto se supply band hai, bachche aur budhe pareshan hain",2026-06-19 14:33,2026-06-20 01:33,CLOSED,SWAROOP NAGAR,SWAROOP NAGAR SUBDIVISION,DIVISION-2,ZONE-1,CIRCLE-1,Supply Related (Miscellaneous),K. Pandey
KS06192611075,1037064109,line fault ke karan pura substation area mein supply thap ho gayi hai,2026-06-19 14:51,2026-06-19 17:51,CLOSED,ARYA NAGAR,ARYA NAGAR SUBDIVISION,DIVISION-2,ZONE-1,CIRCLE-1,11KV Line Fault,B. Gupta
KS06192612323,1083476518,"pole gir gaya hai bijli ki taar ke saath, bahut khatarnak sthiti hai",2026-06-19 15:09,2026-06-19 19:09,CLOSED,TATMILL,TATMILL SUBDIVISION,DIVISION-3,ZONE-2,CIRCLE-2,Wire Snapping/Pole Fault,N. Srivastava
KS06192612499,1020750359,"voltage up-down ho raha hai lagatar, appliances damage ho rahe hain",2026-06-19 15:15,,PENDING,JAJMAU,JAJMAU SUBDIVISION,DIVISION-3,ZONE-2,CIRCLE-2,Voltage Fluctuation,A. Hussain
KS06192610550,1077598929,"voltage bahut kam hai, sirf 180 volt aa raha hai, AC aur fridge kharab ho gaye",2026-06-19 15:35,,PENDING,COLONELGANJ,COLONELGANJ SUBDIVISION,DIVISION-1,ZONE-1,CIRCLE-1,Voltage Fluctuation,N. Srivastava
KS06192610400,1024568242,"high tension line mein kharabi hai, JE sahab abhi tak nahi aaye",2026-06-19 15:53,,PENDING,BARRA,BARRA SUBDIVISION,DIVISION-5,ZONE-2,CIRCLE-3,11KV Line Fault,N. Srivastava
KS06192612448,1057394588,"digital meter display kaam nahi kar raha, kuch bhi nahi dikh raha screen par",2026-06-19 16:23,,PENDING,DADA NAGAR,DADA NAGAR SUBDIVISION,DIVISION-5,ZONE-2,CIRCLE-3,Meter Related,K. Pandey
KS06192610303,1072144598,"voltage up-down ho raha hai lagatar, appliances damage ho rahe hain",2026-06-19 16:37,2026-06-22 04:37,CLOSED,TATMILL,TATMILL SUBDIVISION,DIVISION-3,ZONE-2,CIRCLE-2,Voltage Fluctuation,M. Verma
KS06192612173,1082630922,"24 ghante se zyada ho gaye bijli gayi hue, ghar mein pani bhi nahi aa raha pump ke bina",2026-06-19 17:00,2026-06-20 09:00,CLOSED,DADA NAGAR,DADA NAGAR SUBDIVISION,DIVISION-5,ZONE-2,CIRCLE-3,Supply Related (Miscellaneous),S. Tiwari
KS06192610246,1032082063,meter ki reading bahut zyada aa rahi hai jabki consumption kam hua hai is mahine,2026-06-19 17:02,2026-06-20 09:02,CLOSED,GOVIND NAGAR,GOVIND NAGAR SUBDIVISION,DIVISION-4,ZONE-2,CIRCLE-2,Meter Related,S. Tiwari
KS06192611187,1041714092,"DT ka fuse baar baar gir raha hai, substation wale theek nahi karte, 3 baar shikayat kar chuke hain",2026-06-19 17:09,,PENDING,ARYA NAGAR,ARYA NAGAR SUBDIVISION,DIVISION-2,ZONE-1,CIRCLE-1,Fuse Off Call (FOC),A. Hussain
KS06192611329,1039787034,"24 ghante se zyada ho gaye bijli gayi hue, ghar mein pani bhi nahi aa raha pump ke bina",2026-06-19 17:11,,PENDING,VIKAS NAGAR,VIKAS NAGAR SUBDIVISION,DIVISION-5,ZONE-2,CIRCLE-3,Supply Related (Miscellaneous),N. Srivastava
KS06192610395,1060698461,low voltage ki wajah se motor start nahi ho pa rahi hai,2026-06-19 17:16,2026-06-22 03:16,CLOSED,PANKI,PANKI SUBDIVISION,DIVISION-5,ZONE-2,CIRCLE-3,Voltage Fluctuation,R. Kashyap
KS06192611502,1021417287,line fault ke karan pura substation area mein supply thap ho gayi hai,2026-06-19 17:18,2026-06-20 12:18,CLOSED,KIDWAI NAGAR,KIDWAI NAGAR SUBDIVISION,DIVISION-2,ZONE-1,CIRCLE-1,11KV Line Fault,J. Singh
KS06192612450,1022896134,naya meter lagne ke baad se reading galat aa rahi hai har mahine,2026-06-19 17:21,2026-06-22 11:21,CLOSED,KIDWAI NAGAR,KIDWAI NAGAR SUBDIVISION,DIVISION-2,ZONE-1,CIRCLE-1,Meter Related,K. Pandey
KS06192610888,1080331924,"aspatal mein 20 ghante se bijli nahi hai, generator ka diesel bhi khatam hone wala hai",2026-06-19 17:26,2026-06-20 03:26,CLOSED,KAKADEO,KAKADEO SUBDIVISION,DIVISION-4,ZONE-2,CIRCLE-2,Supply Related (Miscellaneous),S. Tiwari
KS06192611449,1066408945,"aspatal mein 20 ghante se bijli nahi hai, generator ka diesel bhi khatam hone wala hai",2026-06-19 17:51,2026-06-20 20:51,CLOSED,YASHODA NAGAR,YASHODA NAGAR SUBDIVISION,DIVISION-4,ZONE-2,CIRCLE-2,Supply Related (Miscellaneous),B. Gupta
KS06192611450,1067885078,"bill time par nahi mila is baar, late fee lag gayi hai bina wajah",2026-06-19 18:06,,PENDING,VIKAS NAGAR,VIKAS NAGAR SUBDIVISION,DIVISION-5,ZONE-2,CIRCLE-3,Billing Related,N. Srivastava
KS06192611954,1057117899,temporary connection ki application pending hai construction site ke liye,2026-06-19 18:06,2026-06-23 05:06,CLOSED,RAWATPUR,RAWATPUR SUBDIVISION,DIVISION-3,ZONE-2,CIRCLE-2,New Connection,A. Hussain
KS06192610513,1062456415,"transformer bahut garam ho raha hai aur buzzing sound aa rahi hai, overload lag raha hai",2026-06-19 18:14,2026-06-20 02:14,CLOSED,VIKAS NAGAR,VIKAS NAGAR SUBDIVISION,DIVISION-5,ZONE-2,CIRCLE-3,Overloading,P. Kumar
KS06192612326,1068091216,"poore mohalle mein pichle 18 ghanto se supply band hai, bachche aur budhe pareshan hain",2026-06-19 18:32,2026-06-20 08:32,CLOSED,VIKAS NAGAR,VIKAS NAGAR SUBDIVISION,DIVISION-5,ZONE-2,CIRCLE-3,Supply Related (Miscellaneous),P. Kumar
KS06192611314,1015447910,"transformer se dhuaan aur jalne ki smell aa rahi hai, turant madad chahiye",2026-06-19 18:36,2026-06-19 19:36,CLOSED,KAKADEO,KAKADEO SUBDIVISION,DIVISION-4,ZONE-2,CIRCLE-2,DT Damaged/DT Fuse Burnt/Fire on DT,A. Hussain
KS06192612466,1057479038,"do mahine ka combined bill aaya hai, samajh nahi aa raha calculation",2026-06-19 19:15,,PENDING,HARRISGANJ,HARRISGANJ SUBDIVISION,DIVISION-1,ZONE-1,CIRCLE-1,Billing Related,L. Awasthi
KS06192610779,1069277051,"naye ghar ke liye connection application diye hue ek mahina ho gaya hai, abhi tak survey nahi hua",2026-06-19 19:23,2026-06-22 11:23,CLOSED,YASHODA NAGAR,YASHODA NAGAR SUBDIVISION,DIVISION-4,ZONE-2,CIRCLE-2,New Connection,V. Mishra
KS06192610479,1080255100,low voltage ki wajah se motor start nahi ho pa rahi hai,2026-06-19 20:08,2026-06-20 16:08,CLOSED,DADA NAGAR,DADA NAGAR SUBDIVISION,DIVISION-5,ZONE-2,CIRCLE-3,Voltage Fluctuation,L. Awasthi
KS06192610553,1044221202,"naye ghar ke liye connection application diye hue ek mahina ho gaya hai, abhi tak survey nahi hua",2026-06-19 20:11,2026-06-27 05:11,CLOSED,GOVIND NAGAR,GOVIND NAGAR SUBDIVISION,DIVISION-4,ZONE-2,CIRCLE-2,New Connection,K. Pandey
KS06192612366,1094401251,"DT se lagatar humming noise aa rahi hai, sabko lagta hai kabhi bhi phat sakta hai",2026-06-19 20:45,,PENDING,RING ROAD,RING ROAD SUBDIVISION,DIVISION-1,ZONE-1,CIRCLE-1,Overloading,K. Pandey
KS06192611430,1040574534,"DT ka fuse baar baar gir raha hai, substation wale theek nahi karte, 3 baar shikayat kar chuke hain",2026-06-19 20:58,,PENDING,JAJMAU,JAJMAU SUBDIVISION,DIVISION-3,ZONE-2,CIRCLE-2,Fuse Off Call (FOC),P. Kumar
KS06192610343,1011968993,"digital meter display kaam nahi kar raha, kuch bhi nahi dikh raha screen par",2026-06-19 21:02,,PENDING,RING ROAD,RING ROAD SUBDIVISION,DIVISION-1,ZONE-1,CIRCLE-1,Meter Related,A. Hussain
KS06192610212,1049986788,"poore mohalle mein pichle 18 ghanto se supply band hai, bachche aur budhe pareshan hain",2026-06-19 22:06,2026-06-20 22:06,CLOSED,HARRISGANJ,HARRISGANJ SUBDIVISION,DIVISION-1,ZONE-1,CIRCLE-1,Supply Related (Miscellaneous),D. Yadav
KS06192612122,1084076084,"transformer bahut garam ho raha hai aur buzzing sound aa rahi hai, overload lag raha hai",2026-06-19 22:17,2026-06-21 02:17,CLOSED,GOVIND NAGAR,GOVIND NAGAR SUBDIVISION,DIVISION-4,ZONE-2,CIRCLE-2,Overloading,P. Kumar
KS06192611076,1077774487,"voltage up-down ho raha hai lagatar, appliances damage ho rahe hain",2026-06-19 22:21,,PENDING,JAJMAU,JAJMAU SUBDIVISION,DIVISION-3,ZONE-2,CIRCLE-2,Voltage Fluctuation,D. Yadav
KS06192611796,1069306696,low voltage ki wajah se motor start nahi ho pa rahi hai,2026-06-19 22:55,2026-06-21 23:55,CLOSED,SWAROOP NAGAR,SWAROOP NAGAR SUBDIVISION,DIVISION-2,ZONE-1,CIRCLE-1,Voltage Fluctuation,J. Singh
KS06202611003,1058897825,"24 ghante se zyada ho gaye bijli gayi hue, ghar mein pani bhi nahi aa raha pump ke bina",2026-06-20 01:19,2026-06-20 09:19,CLOSED,COLONELGANJ,COLONELGANJ SUBDIVISION,DIVISION-1,ZONE-1,CIRCLE-1,Supply Related (Miscellaneous),J. Singh
KS06202610796,1032138291,"DT mein blast ho gaya, chingari nikal rahi hai, log dar ke maare ghar se bahar hain",2026-06-20 04:58,2026-06-20 07:58,CLOSED,VIKAS NAGAR,VIKAS NAGAR SUBDIVISION,DIVISION-5,ZONE-2,CIRCLE-3,DT Damaged/DT Fuse Burnt/Fire on DT,A. Hussain
KS06202610932,1020386771,"11KV line mein fault aa gaya hai, 6 ghante se bijli band hai poore ilake mein",2026-06-20 05:15,2026-06-20 20:15,CLOSED,COLONELGANJ,COLONELGANJ SUBDIVISION,DIVISION-1,ZONE-1,CIRCLE-1,11KV Line Fault,K. Pandey
KS06202611189,1010000078,naya meter lagne ke baad se reading galat aa rahi hai har mahine,2026-06-20 05:27,2026-06-21 20:27,CLOSED,ARYA NAGAR,ARYA NAGAR SUBDIVISION,DIVISION-2,ZONE-1,CIRCLE-1,Meter Related,S. Tiwari
KS06202612267,1049372962,"voltage bahut kam hai, sirf 180 volt aa raha hai, AC aur fridge kharab ho gaye",2026-06-20 05:33,2026-06-21 23:33,CLOSED,DADA NAGAR,DADA NAGAR SUBDIVISION,DIVISION-5,ZONE-2,CIRCLE-3,Voltage Fluctuation,M. Verma
KS06202610063,1057117899,"bill time par nahi mila is baar, late fee lag gayi hai bina wajah",2026-06-20 06:21,2026-06-22 14:21,CLOSED,VIKAS NAGAR,VIKAS NAGAR SUBDIVISION,DIVISION-5,ZONE-2,CIRCLE-3,Billing Related,A. Hussain
KS06202611011,1010865991,naya meter lagne ke baad se reading galat aa rahi hai har mahine,2026-06-20 06:40,2026-06-23 03:40,CLOSED,KIDWAI NAGAR,KIDWAI NAGAR SUBDIVISION,DIVISION-2,ZONE-1,CIRCLE-1,Meter Related,V. Mishra
KS06202611240,1055088488,temporary connection ki application pending hai construction site ke liye,2026-06-20 07:48,2026-06-29 06:48,CLOSED,KAKADEO,KAKADEO SUBDIVISION,DIVISION-4,ZONE-2,CIRCLE-2,New Connection,R. Kashyap
KS06202610027,1025563457,"transformer se dhuaan aur jalne ki smell aa rahi hai, turant madad chahiye",2026-06-20 08:05,,PENDING,HARRISGANJ,HARRISGANJ SUBDIVISION,DIVISION-1,ZONE-1,CIRCLE-1,DT Damaged/DT Fuse Burnt/Fire on DT,K. Pandey
KS06202611279,1016049633,naya meter lagne ke baad se reading galat aa rahi hai har mahine,2026-06-20 08:09,2026-06-22 03:09,CLOSED,DADA NAGAR,DADA NAGAR SUBDIVISION,DIVISION-5,ZONE-2,CIRCLE-3,Meter Related,B. Gupta
KS06202610347,1084617881,"transformer bahut garam ho raha hai aur buzzing sound aa rahi hai, overload lag raha hai",2026-06-20 08:35,2026-06-20 23:35,CLOSED,KIDWAI NAGAR,KIDWAI NAGAR SUBDIVISION,DIVISION-2,ZONE-1,CIRCLE-1,Overloading,M. Verma
KS06202610953,1060894584,"24 ghante se zyada ho gaye bijli gayi hue, ghar mein pani bhi nahi aa raha pump ke bina",2026-06-20 08:37,2026-06-20 21:37,CLOSED,ARYA NAGAR,ARYA NAGAR SUBDIVISION,DIVISION-2,ZONE-1,CIRCLE-1,Supply Related (Miscellaneous),S. Tiwari
KS06202611295,1072144598,"high tension line mein kharabi hai, JE sahab abhi tak nahi aaye",2026-06-20 09:12,2026-06-21 05:12,CLOSED,SWAROOP NAGAR,SWAROOP NAGAR SUBDIVISION,DIVISION-2,ZONE-1,CIRCLE-1,11KV Line Fault,N. Srivastava
KS06202612085,1022404219,"transformer bahut garam ho raha hai aur buzzing sound aa rahi hai, overload lag raha hai",2026-06-20 09:20,2026-06-21 00:20,CLOSED,VIKAS NAGAR,VIKAS NAGAR SUBDIVISION,DIVISION-5,ZONE-2,CIRCLE-3,Overloading,M. Verma
KS06202610918,1050758314,"11KV line mein fault aa gaya hai, 6 ghante se bijli band hai poore ilake mein",2026-06-20 11:06,2026-06-21 01:06,CLOSED,KAKADEO,KAKADEO SUBDIVISION,DIVISION-4,ZONE-2,CIRCLE-2,11KV Line Fault,K. Pandey
KS06202610244,1010000078,meter ki reading bahut zyada aa rahi hai jabki consumption kam hua hai is mahine,2026-06-20 11:37,2026-06-20 17:37,CLOSED,GOVIND NAGAR,GOVIND NAGAR SUBDIVISION,DIVISION-4,ZONE-2,CIRCLE-2,Meter Related,B. Gupta
KS06202612472,1036585171,"pichle bill mein galat amount charge hua hai, correction chahiye",2026-06-20 12:04,2026-06-27 13:04,CLOSED,ARYA NAGAR,ARYA NAGAR SUBDIVISION,DIVISION-2,ZONE-1,CIRCLE-1,Billing Related,K. Pandey
KS06202610931,1095792820,line fault ke karan pura substation area mein supply thap ho gayi hai,2026-06-20 12:17,2026-06-21 12:17,CLOSED,RING ROAD,RING ROAD SUBDIVISION,DIVISION-1,ZONE-1,CIRCLE-1,11KV Line Fault,P. Kumar
KS06202611353,1084617881,"high tension line mein kharabi hai, JE sahab abhi tak nahi aaye",2026-06-20 12:19,2026-06-21 03:19,CLOSED,RAWATPUR,RAWATPUR SUBDIVISION,DIVISION-3,ZONE-2,CIRCLE-2,11KV Line Fault,L. Awasthi
KS06202610912,1088736575,"naye ghar ke liye connection application diye hue ek mahina ho gaya hai, abhi tak survey nahi hua",2026-06-20 12:47,,PENDING,RAWATPUR,RAWATPUR SUBDIVISION,DIVISION-3,ZONE-2,CIRCLE-2,New Connection,V. Mishra
KS06202610545,1082731605,"voltage up-down ho raha hai lagatar, appliances damage ho rahe hain",2026-06-20 12:53,2026-06-23 06:53,CLOSED,RAWATPUR,RAWATPUR SUBDIVISION,DIVISION-3,ZONE-2,CIRCLE-2,Voltage Fluctuation,P. Kumar
KS06202610846,1038542392,"high tension line mein kharabi hai, JE sahab abhi tak nahi aaye",2026-06-20 13:01,2026-06-21 11:01,CLOSED,PANKI,PANKI SUBDIVISION,DIVISION-5,ZONE-2,CIRCLE-3,11KV Line Fault,R. Kashyap
KS06202611565,1067808566,"voltage up-down ho raha hai lagatar, appliances damage ho rahe hain",2026-06-20 13:12,2026-06-23 02:12,CLOSED,HARRISGANJ,HARRISGANJ SUBDIVISION,DIVISION-1,ZONE-1,CIRCLE-1,Voltage Fluctuation,S. Tiwari
KS06202611358,1044978393,"digital meter display kaam nahi kar raha, kuch bhi nahi dikh raha screen par",2026-06-20 13:21,2026-06-22 08:21,CLOSED,RING ROAD,RING ROAD SUBDIVISION,DIVISION-1,ZONE-1,CIRCLE-1,Meter Related,L. Awasthi
KS06202611731,1096228331,"transformer se dhuaan aur jalne ki smell aa rahi hai, turant madad chahiye",2026-06-20 13:37,2026-06-20 14:37,CLOSED,DADA NAGAR,DADA NAGAR SUBDIVISION,DIVISION-5,ZONE-2,CIRCLE-3,DT Damaged/DT Fuse Burnt/Fire on DT,L. Awasthi
KS06202611147,1084755543,"do mahine ka combined bill aaya hai, samajh nahi aa raha calculation",2026-06-20 14:02,,PENDING,COLONELGANJ,COLONELGANJ SUBDIVISION,DIVISION-1,ZONE-1,CIRCLE-1,Billing Related,S. Tiwari
KS06202610911,1068750849,temporary connection ki application pending hai construction site ke liye,2026-06-20 14:10,2026-06-23 00:10,CLOSED,HARRISGANJ,HARRISGANJ SUBDIVISION,DIVISION-1,ZONE-1,CIRCLE-1,New Connection,B. Gupta
KS06202612051,1047814656,"DT mein blast ho gaya, chingari nikal rahi hai, log dar ke maare ghar se bahar hain",2026-06-20 14:14,2026-06-20 17:14,CLOSED,HARRISGANJ,HARRISGANJ SUBDIVISION,DIVISION-1,ZONE-1,CIRCLE-1,DT Damaged/DT Fuse Burnt/Fire on DT,R. Kashyap
KS06202612184,1040574534,low voltage ki wajah se motor start nahi ho pa rahi hai,2026-06-20 14:15,2026-06-21 17:15,CLOSED,PANKI,PANKI SUBDIVISION,DIVISION-5,ZONE-2,CIRCLE-3,Voltage Fluctuation,A. Hussain
KS06202612465,1078560373,"pichle bill mein galat amount charge hua hai, correction chahiye",2026-06-20 14:20,2026-06-22 01:20,CLOSED,GOVIND NAGAR,GOVIND NAGAR SUBDIVISION,DIVISION-4,ZONE-2,CIRCLE-2,Billing Related,L. Awasthi
KS06202611417,1059470605,"voltage bahut kam hai, sirf 180 volt aa raha hai, AC aur fridge kharab ho gaye",2026-06-20 14:57,2026-06-22 20:57,CLOSED,BARRA,BARRA SUBDIVISION,DIVISION-5,ZONE-2,CIRCLE-3,Voltage Fluctuation,J. Singh
KS06202611759,1072144598,"fuse off ho gaya hai kal raat se, poori gali mein andhera hai",2026-06-20 15:03,2026-06-22 18:03,CLOSED,PANKI,PANKI SUBDIVISION,DIVISION-5,ZONE-2,CIRCLE-3,Fuse Off Call (FOC),D. Yadav
KS06202611185,1039687382,"do mahine ka combined bill aaya hai, samajh nahi aa raha calculation",2026-06-20 15:08,2026-06-28 12:08,CLOSED,GOVIND NAGAR,GOVIND NAGAR SUBDIVISION,DIVISION-4,ZONE-2,CIRCLE-2,Billing Related,J. Singh
KS06202610742,1023814298,temporary connection ki application pending hai construction site ke liye,2026-06-20 15:10,2026-06-30 10:10,CLOSED,TATMILL,TATMILL SUBDIVISION,DIVISION-3,ZONE-2,CIRCLE-2,New Connection,M. Verma
KS06202612345,1089371648,"khuli taar se sparking ho rahi hai road ke pass, karnt lagne ka khatra hai",2026-06-20 15:18,2026-06-20 17:18,CLOSED,PANKI,PANKI SUBDIVISION,DIVISION-5,ZONE-2,CIRCLE-3,Wire Snapping/Pole Fault,A. Hussain
KS06202610615,1062704337,"bill time par nahi mila is baar, late fee lag gayi hai bina wajah",2026-06-20 15:23,2026-06-22 05:23,CLOSED,SWAROOP NAGAR,SWAROOP NAGAR SUBDIVISION,DIVISION-2,ZONE-1,CIRCLE-1,Billing Related,P. Kumar
KS06202610622,1038769900,"fuse off ho gaya hai kal raat se, poori gali mein andhera hai",2026-06-20 15:31,2026-06-22 04:31,CLOSED,YASHODA NAGAR,YASHODA NAGAR SUBDIVISION,DIVISION-4,ZONE-2,CIRCLE-2,Fuse Off Call (FOC),P. Kumar
KS06202610956,1011887349,"bill time par nahi mila is baar, late fee lag gayi hai bina wajah",2026-06-20 15:59,,PENDING,TATMILL,TATMILL SUBDIVISION,DIVISION-3,ZONE-2,CIRCLE-2,Billing Related,D. Yadav
KS06202611311,1073395718,"line ka fuse udh gaya tez hawa mein, dobara nahi laga abhi tak",2026-06-20 16:10,2026-06-21 19:10,CLOSED,JAJMAU,JAJMAU SUBDIVISION,DIVISION-3,ZONE-2,CIRCLE-2,Fuse Off Call (FOC),L. Awasthi
KS06202610636,1091224096,naya meter lagne ke baad se reading galat aa rahi hai har mahine,2026-06-20 16:32,2026-06-22 03:32,CLOSED,JAJMAU,JAJMAU SUBDIVISION,DIVISION-3,ZONE-2,CIRCLE-2,Meter Related,D. Yadav
KS06202611385,1038067263,"DT mein blast ho gaya, chingari nikal rahi hai, log dar ke maare ghar se bahar hain",2026-06-20 16:35,2026-06-20 22:35,CLOSED,HARRISGANJ,HARRISGANJ SUBDIVISION,DIVISION-1,ZONE-1,CIRCLE-1,DT Damaged/DT Fuse Burnt/Fire on DT,D. Yadav
KS06202612104,1075343807,naya meter lagne ke baad se reading galat aa rahi hai har mahine,2026-06-20 16:36,2026-06-21 01:36,CLOSED,RING ROAD,RING ROAD SUBDIVISION,DIVISION-1,ZONE-1,CIRCLE-1,Meter Related,N. Srivastava
KS06202611296,1046681196,"11KV ki taar sadak par gir gayi hai, log ke pass se guzar rahe hain, koi accident na ho jaye",2026-06-20 16:39,2026-06-20 18:39,CLOSED,JAJMAU,JAJMAU SUBDIVISION,DIVISION-3,ZONE-2,CIRCLE-2,Wire Snapping/Pole Fault,V. Mishra
KS06202611282,1055780171,low voltage ki wajah se motor start nahi ho pa rahi hai,2026-06-20 16:39,,PENDING,DADA NAGAR,DADA NAGAR SUBDIVISION,DIVISION-5,ZONE-2,CIRCLE-3,Voltage Fluctuation,B. Gupta
KS06202610126,1030402878,line fault ke karan pura substation area mein supply thap ho gayi hai,2026-06-20 16:44,,PENDING,KAKADEO,KAKADEO SUBDIVISION,DIVISION-4,ZONE-2,CIRCLE-2,11KV Line Fault,L. Awasthi
KS06202610835,1088490778,low voltage ki wajah se motor start nahi ho pa rahi hai,2026-06-20 16:59,,PENDING,RAWATPUR,RAWATPUR SUBDIVISION,DIVISION-3,ZONE-2,CIRCLE-2,Voltage Fluctuation,P. Kumar
KS06202611378,1058441680,"digital meter display kaam nahi kar raha, kuch bhi nahi dikh raha screen par",2026-06-20 17:00,2026-06-22 22:00,CLOSED,YASHODA NAGAR,YASHODA NAGAR SUBDIVISION,DIVISION-4,ZONE-2,CIRCLE-2,Meter Related,A. Hussain
KS06202611009,1047298453,low voltage ki wajah se motor start nahi ho pa rahi hai,2026-06-20 17:03,2026-06-21 09:03,CLOSED,SWAROOP NAGAR,SWAROOP NAGAR SUBDIVISION,DIVISION-2,ZONE-1,CIRCLE-1,Voltage Fluctuation,B. Gupta
KS06202612119,1051651903,"transformer bahut garam ho raha hai aur buzzing sound aa rahi hai, overload lag raha hai",2026-06-20 17:06,2026-06-20 23:06,CLOSED,KAKADEO,KAKADEO SUBDIVISION,DIVISION-4,ZONE-2,CIRCLE-2,Overloading,M. Verma
KS06202611156,1044274496,"DT mein blast ho gaya, chingari nikal rahi hai, log dar ke maare ghar se bahar hain",2026-06-20 17:08,2026-06-20 20:08,CLOSED,JAJMAU,JAJMAU SUBDIVISION,DIVISION-3,ZONE-2,CIRCLE-2,DT Damaged/DT Fuse Burnt/Fire on DT,J. Singh
KS06202611015,1048993264,"poore mohalle mein pichle 18 ghanto se supply band hai, bachche aur budhe pareshan hain",2026-06-20 17:29,2026-06-20 21:29,CLOSED,KIDWAI NAGAR,KIDWAI NAGAR SUBDIVISION,DIVISION-2,ZONE-1,CIRCLE-1,Supply Related (Miscellaneous),L. Awasthi
KS06202611661,1034711321,naya meter lagne ke baad se reading galat aa rahi hai har mahine,2026-06-20 17:32,2026-06-21 07:32,CLOSED,COLONELGANJ,COLONELGANJ SUBDIVISION,DIVISION-1,ZONE-1,CIRCLE-1,Meter Related,P. Kumar
KS06202612014,1054762507,"voltage up-down ho raha hai lagatar, appliances damage ho rahe hain",2026-06-20 17:39,,PENDING,TATMILL,TATMILL SUBDIVISION,DIVISION-3,ZONE-2,CIRCLE-2,Voltage Fluctuation,R. Kashyap
KS06202612199,1064355019,meter ki reading bahut zyada aa rahi hai jabki consumption kam hua hai is mahine,2026-06-20 17:55,2026-06-21 14:55,CLOSED,KIDWAI NAGAR,KIDWAI NAGAR SUBDIVISION,DIVISION-2,ZONE-1,CIRCLE-1,Meter Related,N. Srivastava
KS06202612231,1087663372,meter ki reading bahut zyada aa rahi hai jabki consumption kam hua hai is mahine,2026-06-20 18:03,2026-06-21 18:03,CLOSED,KAKADEO,KAKADEO SUBDIVISION,DIVISION-4,ZONE-2,CIRCLE-2,Meter Related,L. Awasthi
KS06202610602,1022168837,"load enhancement ke liye request diya tha, koi update nahi mila",2026-06-20 18:04,,PENDING,KIDWAI NAGAR,KIDWAI NAGAR SUBDIVISION,DIVISION-2,ZONE-1,CIRCLE-1,New Connection,V. Mishra
KS06202611265,1059392818,"pichle bill mein galat amount charge hua hai, correction chahiye",2026-06-20 18:37,2026-06-27 19:37,CLOSED,GOVIND NAGAR,GOVIND NAGAR SUBDIVISION,DIVISION-4,ZONE-2,CIRCLE-2,Billing Related,J. Singh
KS06202610749,1082731605,"naye ghar ke liye connection application diye hue ek mahina ho gaya hai, abhi tak survey nahi hua",2026-06-20 18:52,2026-06-27 18:52,CLOSED,KIDWAI NAGAR,KIDWAI NAGAR SUBDIVISION,DIVISION-2,ZONE-1,CIRCLE-1,New Connection,L. Awasthi
KS06202610878,1013712772,"digital meter display kaam nahi kar raha, kuch bhi nahi dikh raha screen par",2026-06-20 19:06,2026-06-22 12:06,CLOSED,RING ROAD,RING ROAD SUBDIVISION,DIVISION-1,ZONE-1,CIRCLE-1,Meter Related,V. Mishra
KS06202612001,1016624483,"voltage up-down ho raha hai lagatar, appliances damage ho rahe hain",2026-06-20 19:09,2026-06-21 11:09,CLOSED,JAJMAU,JAJMAU SUBDIVISION,DIVISION-3,ZONE-2,CIRCLE-2,Voltage Fluctuation,R. Kashyap
KS06202612004,1094631626,"aspatal mein 20 ghante se bijli nahi hai, generator ka diesel bhi khatam hone wala hai",2026-06-20 19:14,2026-06-21 09:14,CLOSED,JAJMAU,JAJMAU SUBDIVISION,DIVISION-3,ZONE-2,CIRCLE-2,Supply Related (Miscellaneous),B. Gupta
KS06202610376,1020386771,"fuse off ho gaya hai kal raat se, poori gali mein andhera hai",2026-06-20 19:41,2026-06-21 01:41,CLOSED,GOVIND NAGAR,GOVIND NAGAR SUBDIVISION,DIVISION-4,ZONE-2,CIRCLE-2,Fuse Off Call (FOC),V. Mishra
KS06202610503,1090564769,"voltage up-down ho raha hai lagatar, appliances damage ho rahe hain",2026-06-20 19:45,2026-06-21 14:45,CLOSED,JAJMAU,JAJMAU SUBDIVISION,DIVISION-3,ZONE-2,CIRCLE-2,Voltage Fluctuation,K. Pandey
KS06202611302,1054762507,"bill time par nahi mila is baar, late fee lag gayi hai bina wajah",2026-06-20 19:55,2026-06-29 15:55,CLOSED,HARRISGANJ,HARRISGANJ SUBDIVISION,DIVISION-1,ZONE-1,CIRCLE-1,Billing Related,S. Tiwari
KS06202610060,1071047954,"digital meter display kaam nahi kar raha, kuch bhi nahi dikh raha screen par",2026-06-20 20:06,,PENDING,KIDWAI NAGAR,KIDWAI NAGAR SUBDIVISION,DIVISION-2,ZONE-1,CIRCLE-1,Meter Related,A. Hussain
KS06202611569,1024132294,"voltage bahut kam hai, sirf 180 volt aa raha hai, AC aur fridge kharab ho gaye",2026-06-20 20:15,2026-06-21 16:15,CLOSED,KIDWAI NAGAR,KIDWAI NAGAR SUBDIVISION,DIVISION-2,ZONE-1,CIRCLE-1,Voltage Fluctuation,J. Singh
KS06202612226,1096027447,"pichle bill mein galat amount charge hua hai, correction chahiye",2026-06-20 20:20,,PENDING,BARRA,BARRA SUBDIVISION,DIVISION-5,ZONE-2,CIRCLE-3,Billing Related,K. Pandey
KS06202610084,1031819720,"transformer se dhuaan aur jalne ki smell aa rahi hai, turant madad chahiye",2026-06-20 20:37,2026-06-21 02:37,CLOSED,YASHODA NAGAR,YASHODA NAGAR SUBDIVISION,DIVISION-4,ZONE-2,CIRCLE-2,DT Damaged/DT Fuse Burnt/Fire on DT,R. Kashyap
KS06202611317,1033614962,"transformer se dhuaan aur jalne ki smell aa rahi hai, turant madad chahiye",2026-06-20 20:53,2026-06-21 02:53,CLOSED,ARYA NAGAR,ARYA NAGAR SUBDIVISION,DIVISION-2,ZONE-1,CIRCLE-1,DT Damaged/DT Fuse Burnt/Fire on DT,K. Pandey
KS06202610207,1033543717,naya meter lagne ke baad se reading galat aa rahi hai har mahine,2026-06-20 20:57,2026-06-21 20:57,CLOSED,BARRA,BARRA SUBDIVISION,DIVISION-5,ZONE-2,CIRCLE-3,Meter Related,N. Srivastava
KS06202610702,1095263987,"poore mohalle mein pichle 18 ghanto se supply band hai, bachche aur budhe pareshan hain",2026-06-20 20:57,2026-06-21 12:57,CLOSED,JAJMAU,JAJMAU SUBDIVISION,DIVISION-3,ZONE-2,CIRCLE-2,Supply Related (Miscellaneous),K. Pandey
KS06202611928,1022168837,"DT mein blast ho gaya, chingari nikal rahi hai, log dar ke maare ghar se bahar hain",2026-06-20 21:30,,PENDING,RING ROAD,RING ROAD SUBDIVISION,DIVISION-1,ZONE-1,CIRCLE-1,DT Damaged/DT Fuse Burnt/Fire on DT,J. Singh
KS06202610656,1056597982,"naye ghar ke liye connection application diye hue ek mahina ho gaya hai, abhi tak survey nahi hua",2026-06-20 21:48,,PENDING,PANKI,PANKI SUBDIVISION,DIVISION-5,ZONE-2,CIRCLE-3,New Connection,M. Verma
KS06202611851,1036935721,"load enhancement ke liye request diya tha, koi update nahi mila",2026-06-20 21:57,,PENDING,TATMILL,TATMILL SUBDIVISION,DIVISION-3,ZONE-2,CIRCLE-2,New Connection,N. Srivastava
KS06202611400,1011115749,"voltage bahut kam hai, sirf 180 volt aa raha hai, AC aur fridge kharab ho gaye",2026-06-20 21:57,2026-06-23 18:57,CLOSED,YASHODA NAGAR,YASHODA NAGAR SUBDIVISION,DIVISION-4,ZONE-2,CIRCLE-2,Voltage Fluctuation,N. Srivastava
KS06202610308,1013175375,gर्मी mein overloading ki wajah se baar baar trip ho raha hai transformer,2026-06-20 21:58,2026-06-21 12:58,CLOSED,KIDWAI NAGAR,KIDWAI NAGAR SUBDIVISION,DIVISION-2,ZONE-1,CIRCLE-1,Overloading,M. Verma
KS06202610252,1060182514,"voltage up-down ho raha hai lagatar, appliances damage ho rahe hain",2026-06-20 22:05,2026-06-22 22:05,CLOSED,KAKADEO,KAKADEO SUBDIVISION,DIVISION-4,ZONE-2,CIRCLE-2,Voltage Fluctuation,P. Kumar
KS06202611966,1041633111,"pichle bill mein galat amount charge hua hai, correction chahiye",2026-06-20 22:12,,PENDING,ARYA NAGAR,ARYA NAGAR SUBDIVISION,DIVISION-2,ZONE-1,CIRCLE-1,Billing Related,K. Pandey
KS06202611748,1063900106,"voltage up-down ho raha hai lagatar, appliances damage ho rahe hain",2026-06-20 22:14,2026-06-22 00:14,CLOSED,SWAROOP NAGAR,SWAROOP NAGAR SUBDIVISION,DIVISION-2,ZONE-1,CIRCLE-1,Voltage Fluctuation,J. Singh
KS06202611332,1056260071,"voltage up-down ho raha hai lagatar, appliances damage ho rahe hain",2026-06-20 22:26,2026-06-22 21:26,CLOSED,BARRA,BARRA SUBDIVISION,DIVISION-5,ZONE-2,CIRCLE-3,Voltage Fluctuation,N. Srivastava
KS06202611613,1078248625,"11KV line mein fault aa gaya hai, 6 ghante se bijli band hai poore ilake mein",2026-06-20 22:42,2026-06-21 10:42,CLOSED,VIKAS NAGAR,VIKAS NAGAR SUBDIVISION,DIVISION-5,ZONE-2,CIRCLE-3,11KV Line Fault,S. Tiwari
KS06202611281,1099178522,"high tension line mein kharabi hai, JE sahab abhi tak nahi aaye",2026-06-20 23:09,2026-06-21 13:09,CLOSED,ARYA NAGAR,ARYA NAGAR SUBDIVISION,DIVISION-2,ZONE-1,CIRCLE-1,11KV Line Fault,V. Mishra
KS06202612094,1010673469,temporary connection ki application pending hai construction site ke liye,2026-06-20 23:29,,PENDING,TATMILL,TATMILL SUBDIVISION,DIVISION-3,ZONE-2,CIRCLE-2,New Connection,B. Gupta
KS06202611825,1054331401,"pole gir gaya hai bijli ki taar ke saath, bahut khatarnak sthiti hai",2026-06-20 23:59,2026-06-21 04:59,CLOSED,COLONELGANJ,COLONELGANJ SUBDIVISION,DIVISION-1,ZONE-1,CIRCLE-1,Wire Snapping/Pole Fault,D. Yadav
KS06212611223,1060258173,"digital meter display kaam nahi kar raha, kuch bhi nahi dikh raha screen par",2026-06-21 00:28,2026-06-22 17:28,CLOSED,SWAROOP NAGAR,SWAROOP NAGAR SUBDIVISION,DIVISION-2,ZONE-1,CIRCLE-1,Meter Related,V. Mishra
KS06212610907,1014992395,"24 ghante se zyada ho gaye bijli gayi hue, ghar mein pani bhi nahi aa raha pump ke bina",2026-06-21 01:01,2026-06-21 23:01,CLOSED,DADA NAGAR,DADA NAGAR SUBDIVISION,DIVISION-5,ZONE-2,CIRCLE-3,Supply Related (Miscellaneous),B. Gupta
KS06212610757,1030929771,"line ka fuse udh gaya tez hawa mein, dobara nahi laga abhi tak",2026-06-21 01:46,2026-06-23 09:46,CLOSED,JAJMAU,JAJMAU SUBDIVISION,DIVISION-3,ZONE-2,CIRCLE-2,Fuse Off Call (FOC),M. Verma
KS06212611238,1024266410,"aspatal mein 20 ghante se bijli nahi hai, generator ka diesel bhi khatam hone wala hai",2026-06-21 04:11,2026-06-21 09:11,CLOSED,YASHODA NAGAR,YASHODA NAGAR SUBDIVISION,DIVISION-4,ZONE-2,CIRCLE-2,Supply Related (Miscellaneous),V. Mishra
KS06212610372,1084623543,"11KV line mein fault aa gaya hai, 6 ghante se bijli band hai poore ilake mein",2026-06-21 06:32,2026-06-21 20:32,CLOSED,TATMILL,TATMILL SUBDIVISION,DIVISION-3,ZONE-2,CIRCLE-2,11KV Line Fault,J. Singh
KS06212611977,1017979448,"DT ka fuse baar baar gir raha hai, substation wale theek nahi karte, 3 baar shikayat kar chuke hain",2026-06-21 06:48,2026-06-23 15:48,CLOSED,PANKI,PANKI SUBDIVISION,DIVISION-5,ZONE-2,CIRCLE-3,Fuse Off Call (FOC),N. Srivastava
KS06212610771,1037800303,low voltage ki wajah se motor start nahi ho pa rahi hai,2026-06-21 07:17,2026-06-23 14:17,CLOSED,GOVIND NAGAR,GOVIND NAGAR SUBDIVISION,DIVISION-4,ZONE-2,CIRCLE-2,Voltage Fluctuation,N. Srivastava
KS06212612306,1028848455,"voltage bahut kam hai, sirf 180 volt aa raha hai, AC aur fridge kharab ho gaye",2026-06-21 08:12,2026-06-24 04:12,CLOSED,DADA NAGAR,DADA NAGAR SUBDIVISION,DIVISION-5,ZONE-2,CIRCLE-3,Voltage Fluctuation,B. Gupta
KS06212611321,1067808566,"voltage bahut kam hai, sirf 180 volt aa raha hai, AC aur fridge kharab ho gaye",2026-06-21 08:12,,PENDING,JAJMAU,JAJMAU SUBDIVISION,DIVISION-3,ZONE-2,CIRCLE-2,Voltage Fluctuation,D. Yadav
KS06212612223,1035524103,"aspatal mein 20 ghante se bijli nahi hai, generator ka diesel bhi khatam hone wala hai",2026-06-21 08:17,2026-06-22 12:17,CLOSED,DADA NAGAR,DADA NAGAR SUBDIVISION,DIVISION-5,ZONE-2,CIRCLE-3,Supply Related (Miscellaneous),K. Pandey
KS06212611994,1073189032,"voltage up-down ho raha hai lagatar, appliances damage ho rahe hain",2026-06-21 08:25,2026-06-22 15:25,CLOSED,VIKAS NAGAR,VIKAS NAGAR SUBDIVISION,DIVISION-5,ZONE-2,CIRCLE-3,Voltage Fluctuation,S. Tiwari
KS06212611631,1097479489,temporary connection ki application pending hai construction site ke liye,2026-06-21 08:56,2026-06-28 01:56,CLOSED,ARYA NAGAR,ARYA NAGAR SUBDIVISION,DIVISION-2,ZONE-1,CIRCLE-1,New Connection,R. Kashyap
KS06212610248,1050073891,"11KV line mein fault aa gaya hai, 6 ghante se bijli band hai poore ilake mein",2026-06-21 08:56,2026-06-21 12:56,CLOSED,SWAROOP NAGAR,SWAROOP NAGAR SUBDIVISION,DIVISION-2,ZONE-1,CIRCLE-1,11KV Line Fault,D. Yadav
KS06212610867,1088816462,"pichle bill mein galat amount charge hua hai, correction chahiye",2026-06-21 09:23,2026-07-01 00:23,CLOSED,RING ROAD,RING ROAD SUBDIVISION,DIVISION-1,ZONE-1,CIRCLE-1,Billing Related,V. Mishra
KS06212612106,1033614962,"bill time par nahi mila is baar, late fee lag gayi hai bina wajah",2026-06-21 09:26,2026-06-22 13:26,CLOSED,RING ROAD,RING ROAD SUBDIVISION,DIVISION-1,ZONE-1,CIRCLE-1,Billing Related,J. Singh
KS06212611516,1024688601,"poore mohalle mein pichle 18 ghanto se supply band hai, bachche aur budhe pareshan hain",2026-06-21 09:37,2026-06-22 05:37,CLOSED,PANKI,PANKI SUBDIVISION,DIVISION-5,ZONE-2,CIRCLE-3,Supply Related (Miscellaneous),S. Tiwari
KS06212612357,1029361809,low voltage ki wajah se motor start nahi ho pa rahi hai,2026-06-21 09:50,2026-06-22 09:50,CLOSED,DADA NAGAR,DADA NAGAR SUBDIVISION,DIVISION-5,ZONE-2,CIRCLE-3,Voltage Fluctuation,V. Mishra
KS06212610981,1044121255,"pichle bill mein galat amount charge hua hai, correction chahiye",2026-06-21 10:15,,PENDING,JAJMAU,JAJMAU SUBDIVISION,DIVISION-3,ZONE-2,CIRCLE-2,Billing Related,K. Pandey
KS06212610406,1094238603,"transformer bahut garam ho raha hai aur buzzing sound aa rahi hai, overload lag raha hai",2026-06-21 10:19,2026-06-22 03:19,CLOSED,ARYA NAGAR,ARYA NAGAR SUBDIVISION,DIVISION-2,ZONE-1,CIRCLE-1,Overloading,B. Gupta
KS06212611635,1050073103,"voltage bahut kam hai, sirf 180 volt aa raha hai, AC aur fridge kharab ho gaye",2026-06-21 10:39,,PENDING,RING ROAD,RING ROAD SUBDIVISION,DIVISION-1,ZONE-1,CIRCLE-1,Voltage Fluctuation,R. Kashyap
KS06212612230,1032981436,line fault ke karan pura substation area mein supply thap ho gayi hai,2026-06-21 10:39,2026-06-22 00:39,CLOSED,GOVIND NAGAR,GOVIND NAGAR SUBDIVISION,DIVISION-4,ZONE-2,CIRCLE-2,11KV Line Fault,P. Kumar
KS06212611778,1063627214,"11KV line mein fault aa gaya hai, 6 ghante se bijli band hai poore ilake mein",2026-06-21 10:46,2026-06-22 13:46,CLOSED,GOVIND NAGAR,GOVIND NAGAR SUBDIVISION,DIVISION-4,ZONE-2,CIRCLE-2,11KV Line Fault,P. Kumar
KS06212610419,1099534953,"load enhancement ke liye request diya tha, koi update nahi mila",2026-06-21 10:47,,PENDING,GOVIND NAGAR,GOVIND NAGAR SUBDIVISION,DIVISION-4,ZONE-2,CIRCLE-2,New Connection,S. Tiwari
KS06212611056,1031819720,temporary connection ki application pending hai construction site ke liye,2026-06-21 10:48,2026-06-30 08:48,CLOSED,RAWATPUR,RAWATPUR SUBDIVISION,DIVISION-3,ZONE-2,CIRCLE-2,New Connection,B. Gupta
KS06212610904,1032984376,"line ka fuse udh gaya tez hawa mein, dobara nahi laga abhi tak",2026-06-21 11:07,2026-06-23 23:07,CLOSED,GOVIND NAGAR,GOVIND NAGAR SUBDIVISION,DIVISION-4,ZONE-2,CIRCLE-2,Fuse Off Call (FOC),P. Kumar
KS06212612411,1070426316,"DT ka fuse baar baar gir raha hai, substation wale theek nahi karte, 3 baar shikayat kar chuke hain",2026-06-21 11:17,2026-06-23 14:17,CLOSED,GOVIND NAGAR,GOVIND NAGAR SUBDIVISION,DIVISION-4,ZONE-2,CIRCLE-2,Fuse Off Call (FOC),J. Singh
KS06212610036,1032870787,"aspatal mein 20 ghante se bijli nahi hai, generator ka diesel bhi khatam hone wala hai",2026-06-21 11:45,2026-06-22 10:45,CLOSED,RING ROAD,RING ROAD SUBDIVISION,DIVISION-1,ZONE-1,CIRCLE-1,Supply Related (Miscellaneous),R. Kashyap
KS06212611441,1014458726,"transformer mein aag lag gayi aur dhuaan nikal raha hai, poori colony andhere mein hai",2026-06-21 11:53,,PENDING,RING ROAD,RING ROAD SUBDIVISION,DIVISION-1,ZONE-1,CIRCLE-1,DT Damaged/DT Fuse Burnt/Fire on DT,N. Srivastava
KS06212611934,1099534953,"pichle bill mein galat amount charge hua hai, correction chahiye",2026-06-21 11:59,2026-06-27 04:59,CLOSED,KIDWAI NAGAR,KIDWAI NAGAR SUBDIVISION,DIVISION-2,ZONE-1,CIRCLE-1,Billing Related,A. Hussain
KS06212610148,1065479951,"voltage bahut kam hai, sirf 180 volt aa raha hai, AC aur fridge kharab ho gaye",2026-06-21 12:01,2026-06-22 17:01,CLOSED,ARYA NAGAR,ARYA NAGAR SUBDIVISION,DIVISION-2,ZONE-1,CIRCLE-1,Voltage Fluctuation,A. Hussain
KS06212611022,1064343494,"DT ka fuse baar baar gir raha hai, substation wale theek nahi karte, 3 baar shikayat kar chuke hain",2026-06-21 12:18,,PENDING,PANKI,PANKI SUBDIVISION,DIVISION-5,ZONE-2,CIRCLE-3,Fuse Off Call (FOC),V. Mishra
KS06212610390,1029799409,meter ki reading bahut zyada aa rahi hai jabki consumption kam hua hai is mahine,2026-06-21 12:20,2026-06-24 05:20,CLOSED,TATMILL,TATMILL SUBDIVISION,DIVISION-3,ZONE-2,CIRCLE-2,Meter Related,M. Verma
KS06212612109,1063486497,"aspatal mein 20 ghante se bijli nahi hai, generator ka diesel bhi khatam hone wala hai",2026-06-21 12:33,2026-06-22 13:33,CLOSED,KIDWAI NAGAR,KIDWAI NAGAR SUBDIVISION,DIVISION-2,ZONE-1,CIRCLE-1,Supply Related (Miscellaneous),J. Singh
KS06212612233,1034402409,"line ka fuse udh gaya tez hawa mein, dobara nahi laga abhi tak",2026-06-21 12:38,2026-06-22 04:38,CLOSED,DADA NAGAR,DADA NAGAR SUBDIVISION,DIVISION-5,ZONE-2,CIRCLE-3,Fuse Off Call (FOC),K. Pandey
KS06212611141,1099840562,"pichle bill mein galat amount charge hua hai, correction chahiye",2026-06-21 12:39,,PENDING,VIKAS NAGAR,VIKAS NAGAR SUBDIVISION,DIVISION-5,ZONE-2,CIRCLE-3,Billing Related,S. Tiwari
KS06212610701,1056491704,"11KV line mein fault aa gaya hai, 6 ghante se bijli band hai poore ilake mein",2026-06-21 12:54,2026-06-22 17:54,CLOSED,SWAROOP NAGAR,SWAROOP NAGAR SUBDIVISION,DIVISION-2,ZONE-1,CIRCLE-1,11KV Line Fault,D. Yadav
KS06212610905,1059068440,naya meter lagne ke baad se reading galat aa rahi hai har mahine,2026-06-21 12:58,2026-06-23 05:58,CLOSED,PANKI,PANKI SUBDIVISION,DIVISION-5,ZONE-2,CIRCLE-3,Meter Related,S. Tiwari
KS06212611841,1058004868,"voltage up-down ho raha hai lagatar, appliances damage ho rahe hain",2026-06-21 13:16,2026-06-22 19:16,CLOSED,PANKI,PANKI SUBDIVISION,DIVISION-5,ZONE-2,CIRCLE-3,Voltage Fluctuation,S. Tiwari
KS06212611892,1039196509,"voltage bahut kam hai, sirf 180 volt aa raha hai, AC aur fridge kharab ho gaye",2026-06-21 13:21,,PENDING,RING ROAD,RING ROAD SUBDIVISION,DIVISION-1,ZONE-1,CIRCLE-1,Voltage Fluctuation,A. Hussain
KS06212612103,1057479038,"DT ka fuse baar baar gir raha hai, substation wale theek nahi karte, 3 baar shikayat kar chuke hain",2026-06-21 13:22,2026-06-22 23:22,CLOSED,VIKAS NAGAR,VIKAS NAGAR SUBDIVISION,DIVISION-5,ZONE-2,CIRCLE-3,Fuse Off Call (FOC),B. Gupta
KS06212610467,1010000078,"DT ka fuse baar baar gir raha hai, substation wale theek nahi karte, 3 baar shikayat kar chuke hain",2026-06-21 13:32,2026-06-23 01:32,CLOSED,JAJMAU,JAJMAU SUBDIVISION,DIVISION-3,ZONE-2,CIRCLE-2,Fuse Off Call (FOC),M. Verma
KS06212610799,1022404219,"pichle bill mein galat amount charge hua hai, correction chahiye",2026-06-21 13:41,2026-06-26 03:41,CLOSED,HARRISGANJ,HARRISGANJ SUBDIVISION,DIVISION-1,ZONE-1,CIRCLE-1,Billing Related,J. Singh
KS06212611472,1055647110,"khuli taar se sparking ho rahi hai road ke pass, karnt lagne ka khatra hai",2026-06-21 13:47,2026-06-21 16:47,CLOSED,ARYA NAGAR,ARYA NAGAR SUBDIVISION,DIVISION-2,ZONE-1,CIRCLE-1,Wire Snapping/Pole Fault,J. Singh
KS06212610563,1079535379,meter ki reading bahut zyada aa rahi hai jabki consumption kam hua hai is mahine,2026-06-21 13:56,,PENDING,SWAROOP NAGAR,SWAROOP NAGAR SUBDIVISION,DIVISION-2,ZONE-1,CIRCLE-1,Meter Related,M. Verma
KS06212612373,1018995666,"transformer bahut garam ho raha hai aur buzzing sound aa rahi hai, overload lag raha hai",2026-06-21 14:07,2026-06-22 10:07,CLOSED,KIDWAI NAGAR,KIDWAI NAGAR SUBDIVISION,DIVISION-2,ZONE-1,CIRCLE-1,Overloading,D. Yadav
KS06212611218,1018420974,meter ki reading bahut zyada aa rahi hai jabki consumption kam hua hai is mahine,2026-06-21 14:10,2026-06-22 03:10,CLOSED,GOVIND NAGAR,GOVIND NAGAR SUBDIVISION,DIVISION-4,ZONE-2,CIRCLE-2,Meter Related,M. Verma
KS06212612390,1047336680,meter ki reading bahut zyada aa rahi hai jabki consumption kam hua hai is mahine,2026-06-21 14:29,2026-06-21 22:29,CLOSED,TATMILL,TATMILL SUBDIVISION,DIVISION-3,ZONE-2,CIRCLE-2,Meter Related,M. Verma
KS06212611444,1024132294,"aspatal mein 20 ghante se bijli nahi hai, generator ka diesel bhi khatam hone wala hai",2026-06-21 14:35,2026-06-22 09:35,CLOSED,COLONELGANJ,COLONELGANJ SUBDIVISION,DIVISION-1,ZONE-1,CIRCLE-1,Supply Related (Miscellaneous),L. Awasthi
KS06212611570,1091843845,"high tension line mein kharabi hai, JE sahab abhi tak nahi aaye",2026-06-21 14:37,2026-06-22 06:37,CLOSED,ARYA NAGAR,ARYA NAGAR SUBDIVISION,DIVISION-2,ZONE-1,CIRCLE-1,11KV Line Fault,S. Tiwari
KS06212611334,1059068440,"DT ka fuse baar baar gir raha hai, substation wale theek nahi karte, 3 baar shikayat kar chuke hain",2026-06-21 14:38,2026-06-24 08:38,CLOSED,JAJMAU,JAJMAU SUBDIVISION,DIVISION-3,ZONE-2,CIRCLE-2,Fuse Off Call (FOC),N. Srivastava
KS06212610438,1050758314,"do mahine ka combined bill aaya hai, samajh nahi aa raha calculation",2026-06-21 14:47,,PENDING,RAWATPUR,RAWATPUR SUBDIVISION,DIVISION-3,ZONE-2,CIRCLE-2,Billing Related,D. Yadav
KS06212610341,1025290217,"line ka fuse udh gaya tez hawa mein, dobara nahi laga abhi tak",2026-06-21 15:02,,PENDING,TATMILL,TATMILL SUBDIVISION,DIVISION-3,ZONE-2,CIRCLE-2,Fuse Off Call (FOC),A. Hussain
KS06212611999,1085257976,low voltage ki wajah se motor start nahi ho pa rahi hai,2026-06-21 15:14,2026-06-24 00:14,CLOSED,PANKI,PANKI SUBDIVISION,DIVISION-5,ZONE-2,CIRCLE-3,Voltage Fluctuation,R. Kashyap
KS06212610185,1060182514,"digital meter display kaam nahi kar raha, kuch bhi nahi dikh raha screen par",2026-06-21 15:17,2026-06-23 06:17,CLOSED,RAWATPUR,RAWATPUR SUBDIVISION,DIVISION-3,ZONE-2,CIRCLE-2,Meter Related,S. Tiwari
KS06212610178,1059953805,"naye ghar ke liye connection application diye hue ek mahina ho gaya hai, abhi tak survey nahi hua",2026-06-21 15:20,2026-06-30 00:20,CLOSED,RAWATPUR,RAWATPUR SUBDIVISION,DIVISION-3,ZONE-2,CIRCLE-2,New Connection,D. Yadav
KS06212610699,1078248625,"transformer bahut garam ho raha hai aur buzzing sound aa rahi hai, overload lag raha hai",2026-06-21 15:21,2026-06-22 17:21,CLOSED,BARRA,BARRA SUBDIVISION,DIVISION-5,ZONE-2,CIRCLE-3,Overloading,V. Mishra
KS06212610429,1029321132,"do mahine ka combined bill aaya hai, samajh nahi aa raha calculation",2026-06-21 15:41,2026-06-28 02:41,CLOSED,GOVIND NAGAR,GOVIND NAGAR SUBDIVISION,DIVISION-4,ZONE-2,CIRCLE-2,Billing Related,S. Tiwari
KS06212611095,1080448520,line fault ke karan pura substation area mein supply thap ho gayi hai,2026-06-21 16:03,2026-06-21 18:03,CLOSED,BARRA,BARRA SUBDIVISION,DIVISION-5,ZONE-2,CIRCLE-3,11KV Line Fault,A. Hussain
KS06212611379,1032984376,"voltage bahut kam hai, sirf 180 volt aa raha hai, AC aur fridge kharab ho gaye",2026-06-21 16:13,2026-06-23 23:13,CLOSED,BARRA,BARRA SUBDIVISION,DIVISION-5,ZONE-2,CIRCLE-3,Voltage Fluctuation,A. Hussain
KS06212610295,1049329035,"naye ghar ke liye connection application diye hue ek mahina ho gaya hai, abhi tak survey nahi hua",2026-06-21 16:14,,PENDING,DADA NAGAR,DADA NAGAR SUBDIVISION,DIVISION-5,ZONE-2,CIRCLE-3,New Connection,R. Kashyap
KS06212610539,1029511472,"pichle bill mein galat amount charge hua hai, correction chahiye",2026-06-21 17:04,2026-06-24 17:04,CLOSED,ARYA NAGAR,ARYA NAGAR SUBDIVISION,DIVISION-2,ZONE-1,CIRCLE-1,Billing Related,A. Hussain
KS06212610675,1011006807,"11KV line mein fault aa gaya hai, 6 ghante se bijli band hai poore ilake mein",2026-06-21 17:07,,PENDING,YASHODA NAGAR,YASHODA NAGAR SUBDIVISION,DIVISION-4,ZONE-2,CIRCLE-2,11KV Line Fault,J. Singh
KS06212612241,1052886009,"pole gir gaya hai bijli ki taar ke saath, bahut khatarnak sthiti hai",2026-06-21 17:09,2026-06-22 00:09,CLOSED,JAJMAU,JAJMAU SUBDIVISION,DIVISION-3,ZONE-2,CIRCLE-2,Wire Snapping/Pole Fault,B. Gupta
KS06212610595,1063900106,gर्मी mein overloading ki wajah se baar baar trip ho raha hai transformer,2026-06-21 17:10,,PENDING,RAWATPUR,RAWATPUR SUBDIVISION,DIVISION-3,ZONE-2,CIRCLE-2,Overloading,S. Tiwari
KS06212610968,1057335361,"voltage bahut kam hai, sirf 180 volt aa raha hai, AC aur fridge kharab ho gaye",2026-06-21 17:17,,PENDING,YASHODA NAGAR,YASHODA NAGAR SUBDIVISION,DIVISION-4,ZONE-2,CIRCLE-2,Voltage Fluctuation,A. Hussain
KS06212612338,1042416443,low voltage ki wajah se motor start nahi ho pa rahi hai,2026-06-21 17:50,2026-06-24 10:50,CLOSED,BARRA,BARRA SUBDIVISION,DIVISION-5,ZONE-2,CIRCLE-3,Voltage Fluctuation,N. Srivastava
KS06212611579,1025959585,temporary connection ki application pending hai construction site ke liye,2026-06-21 18:27,2026-07-01 00:27,CLOSED,ARYA NAGAR,ARYA NAGAR SUBDIVISION,DIVISION-2,ZONE-1,CIRCLE-1,New Connection,K. Pandey
KS06212610679,1037836271,"11KV line mein fault aa gaya hai, 6 ghante se bijli band hai poore ilake mein",2026-06-21 18:36,2026-06-22 20:36,CLOSED,RAWATPUR,RAWATPUR SUBDIVISION,DIVISION-3,ZONE-2,CIRCLE-2,11KV Line Fault,R. Kashyap
KS06212610894,1020386771,"pichle bill mein galat amount charge hua hai, correction chahiye",2026-06-21 18:38,2026-06-23 01:38,CLOSED,KAKADEO,KAKADEO SUBDIVISION,DIVISION-4,ZONE-2,CIRCLE-2,Billing Related,A. Hussain
KS06212612429,1092098479,"pichle bill mein galat amount charge hua hai, correction chahiye",2026-06-21 18:55,2026-06-23 05:55,CLOSED,DADA NAGAR,DADA NAGAR SUBDIVISION,DIVISION-5,ZONE-2,CIRCLE-3,Billing Related,V. Mishra
KS06212610111,1084008800,"24 ghante se zyada ho gaye bijli gayi hue, ghar mein pani bhi nahi aa raha pump ke bina",2026-06-21 19:04,2026-06-22 11:04,CLOSED,RAWATPUR,RAWATPUR SUBDIVISION,DIVISION-3,ZONE-2,CIRCLE-2,Supply Related (Miscellaneous),K. Pandey
KS06212610011,1084354369,"line ka fuse udh gaya tez hawa mein, dobara nahi laga abhi tak",2026-06-21 19:05,2026-06-23 04:05,CLOSED,ARYA NAGAR,ARYA NAGAR SUBDIVISION,DIVISION-2,ZONE-1,CIRCLE-1,Fuse Off Call (FOC),V. Mishra
KS06212611540,1071987698,"do mahine ka combined bill aaya hai, samajh nahi aa raha calculation",2026-06-21 19:13,2026-06-28 08:13,CLOSED,RING ROAD,RING ROAD SUBDIVISION,DIVISION-1,ZONE-1,CIRCLE-1,Billing Related,N. Srivastava
KS06212611199,1057394588,"pichle bill mein galat amount charge hua hai, correction chahiye",2026-06-21 19:19,2026-06-23 13:19,CLOSED,BARRA,BARRA SUBDIVISION,DIVISION-5,ZONE-2,CIRCLE-3,Billing Related,N. Srivastava
KS06212610739,1019816472,low voltage ki wajah se motor start nahi ho pa rahi hai,2026-06-21 19:25,2026-06-24 11:25,CLOSED,RING ROAD,RING ROAD SUBDIVISION,DIVISION-1,ZONE-1,CIRCLE-1,Voltage Fluctuation,B. Gupta
KS06212611445,1072144598,"voltage up-down ho raha hai lagatar, appliances damage ho rahe hain",2026-06-21 19:26,2026-06-22 14:26,CLOSED,VIKAS NAGAR,VIKAS NAGAR SUBDIVISION,DIVISION-5,ZONE-2,CIRCLE-3,Voltage Fluctuation,A. Hussain
KS06212610046,1064685194,line fault ke karan pura substation area mein supply thap ho gayi hai,2026-06-21 19:29,2026-06-21 22:29,CLOSED,COLONELGANJ,COLONELGANJ SUBDIVISION,DIVISION-1,ZONE-1,CIRCLE-1,11KV Line Fault,A. Hussain
KS06212611534,1035667730,"11KV ki taar sadak par gir gayi hai, log ke pass se guzar rahe hain, koi accident na ho jaye",2026-06-21 19:35,2026-06-21 20:35,CLOSED,PANKI,PANKI SUBDIVISION,DIVISION-5,ZONE-2,CIRCLE-3,Wire Snapping/Pole Fault,V. Mishra
KS06212610417,1068389740,"pichle bill mein galat amount charge hua hai, correction chahiye",2026-06-21 19:48,,PENDING,RING ROAD,RING ROAD SUBDIVISION,DIVISION-1,ZONE-1,CIRCLE-1,Billing Related,L. Awasthi
KS06212610018,1031489897,"do mahine ka combined bill aaya hai, samajh nahi aa raha calculation",2026-06-21 19:48,2026-07-01 16:48,CLOSED,TATMILL,TATMILL SUBDIVISION,DIVISION-3,ZONE-2,CIRCLE-2,Billing Related,B. Gupta
KS06212611421,1093811898,low voltage ki wajah se motor start nahi ho pa rahi hai,2026-06-21 20:00,2026-06-22 22:00,CLOSED,RAWATPUR,RAWATPUR SUBDIVISION,DIVISION-3,ZONE-2,CIRCLE-2,Voltage Fluctuation,M. Verma
KS06212611578,1099534953,"fuse off ho gaya hai kal raat se, poori gali mein andhera hai",2026-06-21 20:03,2026-06-24 18:03,CLOSED,RING ROAD,RING ROAD SUBDIVISION,DIVISION-1,ZONE-1,CIRCLE-1,Fuse Off Call (FOC),A. Hussain
KS06212611492,1022896134,"digital meter display kaam nahi kar raha, kuch bhi nahi dikh raha screen par",2026-06-21 20:25,,PENDING,GOVIND NAGAR,GOVIND NAGAR SUBDIVISION,DIVISION-4,ZONE-2,CIRCLE-2,Meter Related,L. Awasthi
KS06212610511,1043313499,temporary connection ki application pending hai construction site ke liye,2026-06-21 20:45,,PENDING,RAWATPUR,RAWATPUR SUBDIVISION,DIVISION-3,ZONE-2,CIRCLE-2,New Connection,R. Kashyap
KS06212611333,1096642904,"DT ka fuse baar baar gir raha hai, substation wale theek nahi karte, 3 baar shikayat kar chuke hain",2026-06-21 21:00,2026-06-23 10:00,CLOSED,JAJMAU,JAJMAU SUBDIVISION,DIVISION-3,ZONE-2,CIRCLE-2,Fuse Off Call (FOC),V. Mishra
KS06212610500,1099115191,"pichle bill mein galat amount charge hua hai, correction chahiye",2026-06-21 21:05,2026-06-28 00:05,CLOSED,SWAROOP NAGAR,SWAROOP NAGAR SUBDIVISION,DIVISION-2,ZONE-1,CIRCLE-1,Billing Related,B. Gupta
KS06212611765,1039320244,"11KV ki taar sadak par gir gayi hai, log ke pass se guzar rahe hain, koi accident na ho jaye",2026-06-21 21:46,2026-06-21 23:46,CLOSED,COLONELGANJ,COLONELGANJ SUBDIVISION,DIVISION-1,ZONE-1,CIRCLE-1,Wire Snapping/Pole Fault,V. Mishra
KS06212610890,1032870787,"high tension line mein kharabi hai, JE sahab abhi tak nahi aaye",2026-06-21 22:09,2026-06-22 20:09,CLOSED,TATMILL,TATMILL SUBDIVISION,DIVISION-3,ZONE-2,CIRCLE-2,11KV Line Fault,J. Singh
KS06212610460,1099736209,"digital meter display kaam nahi kar raha, kuch bhi nahi dikh raha screen par",2026-06-21 23:52,2026-06-23 03:52,CLOSED,BARRA,BARRA SUBDIVISION,DIVISION-5,ZONE-2,CIRCLE-3,Meter Related,L. Awasthi
KS06222610478,1021417287,naya meter lagne ke baad se reading galat aa rahi hai har mahine,2026-06-22 00:22,,PENDING,KAKADEO,KAKADEO SUBDIVISION,DIVISION-4,ZONE-2,CIRCLE-2,Meter Related,V. Mishra
KS06222610097,1022896134,"pole gir gaya hai bijli ki taar ke saath, bahut khatarnak sthiti hai",2026-06-22 01:40,2026-06-22 02:40,CLOSED,YASHODA NAGAR,YASHODA NAGAR SUBDIVISION,DIVISION-4,ZONE-2,CIRCLE-2,Wire Snapping/Pole Fault,D. Yadav
KS06222610428,1059068440,"transformer mein aag lag gayi aur dhuaan nikal raha hai, poori colony andhere mein hai",2026-06-22 03:59,2026-06-22 09:59,CLOSED,HARRISGANJ,HARRISGANJ SUBDIVISION,DIVISION-1,ZONE-1,CIRCLE-1,DT Damaged/DT Fuse Burnt/Fire on DT,K. Pandey
KS06222611940,1091558885,gर्मी mein overloading ki wajah se baar baar trip ho raha hai transformer,2026-06-22 05:02,2026-06-22 07:02,CLOSED,SWAROOP NAGAR,SWAROOP NAGAR SUBDIVISION,DIVISION-2,ZONE-1,CIRCLE-1,Overloading,S. Tiwari
KS06222610121,1057335361,meter ki reading bahut zyada aa rahi hai jabki consumption kam hua hai is mahine,2026-06-22 05:45,2026-06-22 12:45,CLOSED,KIDWAI NAGAR,KIDWAI NAGAR SUBDIVISION,DIVISION-2,ZONE-1,CIRCLE-1,Meter Related,B. Gupta
KS06222610591,1031447484,"voltage up-down ho raha hai lagatar, appliances damage ho rahe hain",2026-06-22 06:04,2026-06-23 02:04,CLOSED,DADA NAGAR,DADA NAGAR SUBDIVISION,DIVISION-5,ZONE-2,CIRCLE-3,Voltage Fluctuation,J. Singh
KS06222611309,1083354033,"fuse off ho gaya hai kal raat se, poori gali mein andhera hai",2026-06-22 06:31,2026-06-23 05:31,CLOSED,COLONELGANJ,COLONELGANJ SUBDIVISION,DIVISION-1,ZONE-1,CIRCLE-1,Fuse Off Call (FOC),B. Gupta
KS06222610006,1017235259,"do mahine ka combined bill aaya hai, samajh nahi aa raha calculation",2026-06-22 07:05,2026-06-29 07:05,CLOSED,HARRISGANJ,HARRISGANJ SUBDIVISION,DIVISION-1,ZONE-1,CIRCLE-1,Billing Related,B. Gupta
KS06222610808,1072858569,"voltage bahut kam hai, sirf 180 volt aa raha hai, AC aur fridge kharab ho gaye",2026-06-22 07:11,,PENDING,SWAROOP NAGAR,SWAROOP NAGAR SUBDIVISION,DIVISION-2,ZONE-1,CIRCLE-1,Voltage Fluctuation,P. Kumar
KS06222611869,1049986788,"pichle bill mein galat amount charge hua hai, correction chahiye",2026-06-22 07:30,2026-06-28 16:30,CLOSED,TATMILL,TATMILL SUBDIVISION,DIVISION-3,ZONE-2,CIRCLE-2,Billing Related,J. Singh
KS06222611944,1043950136,"bill time par nahi mila is baar, late fee lag gayi hai bina wajah",2026-06-22 08:31,,PENDING,BARRA,BARRA SUBDIVISION,DIVISION-5,ZONE-2,CIRCLE-3,Billing Related,R. Kashyap
KS06222610498,1041590032,"11KV line mein fault aa gaya hai, 6 ghante se bijli band hai poore ilake mein",2026-06-22 08:33,2026-06-22 12:33,CLOSED,YASHODA NAGAR,YASHODA NAGAR SUBDIVISION,DIVISION-4,ZONE-2,CIRCLE-2,11KV Line Fault,N. Srivastava
KS06222610786,1037800303,"do mahine ka combined bill aaya hai, samajh nahi aa raha calculation",2026-06-22 08:44,2026-06-29 22:44,CLOSED,COLONELGANJ,COLONELGANJ SUBDIVISION,DIVISION-1,ZONE-1,CIRCLE-1,Billing Related,N. Srivastava
KS06222611587,1090361448,low voltage ki wajah se motor start nahi ho pa rahi hai,2026-06-22 08:44,2026-06-23 13:44,CLOSED,KIDWAI NAGAR,KIDWAI NAGAR SUBDIVISION,DIVISION-2,ZONE-1,CIRCLE-1,Voltage Fluctuation,L. Awasthi
KS06222612394,1056597982,naya meter lagne ke baad se reading galat aa rahi hai har mahine,2026-06-22 08:47,2026-06-23 07:47,CLOSED,ARYA NAGAR,ARYA NAGAR SUBDIVISION,DIVISION-2,ZONE-1,CIRCLE-1,Meter Related,L. Awasthi
KS06222611513,1051062257,"pichle bill mein galat amount charge hua hai, correction chahiye",2026-06-22 09:04,2026-06-30 10:04,CLOSED,YASHODA NAGAR,YASHODA NAGAR SUBDIVISION,DIVISION-4,ZONE-2,CIRCLE-2,Billing Related,S. Tiwari
KS06222611996,1083354033,gर्मी mein overloading ki wajah se baar baar trip ho raha hai transformer,2026-06-22 09:12,2026-06-23 06:12,CLOSED,BARRA,BARRA SUBDIVISION,DIVISION-5,ZONE-2,CIRCLE-3,Overloading,L. Awasthi
KS06222610966,1038344687,"DT ka fuse baar baar gir raha hai, substation wale theek nahi karte, 3 baar shikayat kar chuke hain",2026-06-22 09:29,2026-06-24 17:29,CLOSED,YASHODA NAGAR,YASHODA NAGAR SUBDIVISION,DIVISION-4,ZONE-2,CIRCLE-2,Fuse Off Call (FOC),B. Gupta
KS06222610790,1058336024,gर्मी mein overloading ki wajah se baar baar trip ho raha hai transformer,2026-06-22 09:53,2026-06-23 03:53,CLOSED,HARRISGANJ,HARRISGANJ SUBDIVISION,DIVISION-1,ZONE-1,CIRCLE-1,Overloading,S. Tiwari
KS06222611576,1061430704,"pichle bill mein galat amount charge hua hai, correction chahiye",2026-06-22 10:07,2026-06-25 18:07,CLOSED,ARYA NAGAR,ARYA NAGAR SUBDIVISION,DIVISION-2,ZONE-1,CIRCLE-1,Billing Related,N. Srivastava
KS06222612370,1098825011,"voltage up-down ho raha hai lagatar, appliances damage ho rahe hain",2026-06-22 10:11,2026-06-23 21:11,CLOSED,PANKI,PANKI SUBDIVISION,DIVISION-5,ZONE-2,CIRCLE-3,Voltage Fluctuation,V. Mishra
KS06222610492,1044121255,meter ki reading bahut zyada aa rahi hai jabki consumption kam hua hai is mahine,2026-06-22 10:26,2026-06-22 18:26,CLOSED,YASHODA NAGAR,YASHODA NAGAR SUBDIVISION,DIVISION-4,ZONE-2,CIRCLE-2,Meter Related,M. Verma
KS06222611981,1021238496,line fault ke karan pura substation area mein supply thap ho gayi hai,2026-06-22 10:45,2026-06-22 19:45,CLOSED,DADA NAGAR,DADA NAGAR SUBDIVISION,DIVISION-5,ZONE-2,CIRCLE-3,11KV Line Fault,V. Mishra
KS06222612170,1047778882,"voltage up-down ho raha hai lagatar, appliances damage ho rahe hain",2026-06-22 11:11,2026-06-24 13:11,CLOSED,VIKAS NAGAR,VIKAS NAGAR SUBDIVISION,DIVISION-5,ZONE-2,CIRCLE-3,Voltage Fluctuation,A. Hussain
KS06222611655,1047814656,"high tension line mein kharabi hai, JE sahab abhi tak nahi aaye",2026-06-22 11:18,,PENDING,YASHODA NAGAR,YASHODA NAGAR SUBDIVISION,DIVISION-4,ZONE-2,CIRCLE-2,11KV Line Fault,V. Mishra
KS06222612172,1060124034,"voltage up-down ho raha hai lagatar, appliances damage ho rahe hain",2026-06-22 11:58,,PENDING,HARRISGANJ,HARRISGANJ SUBDIVISION,DIVISION-1,ZONE-1,CIRCLE-1,Voltage Fluctuation,K. Pandey
KS06222610752,1048477523,"transformer bahut garam ho raha hai aur buzzing sound aa rahi hai, overload lag raha hai",2026-06-22 12:00,2026-06-22 21:00,CLOSED,PANKI,PANKI SUBDIVISION,DIVISION-5,ZONE-2,CIRCLE-3,Overloading,S. Tiwari
KS06222610203,1098825011,"24 ghante se zyada ho gaye bijli gayi hue, ghar mein pani bhi nahi aa raha pump ke bina",2026-06-22 12:11,2026-06-22 18:11,CLOSED,KAKADEO,KAKADEO SUBDIVISION,DIVISION-4,ZONE-2,CIRCLE-2,Supply Related (Miscellaneous),A. Hussain
KS06222611918,1085842350,"digital meter display kaam nahi kar raha, kuch bhi nahi dikh raha screen par",2026-06-22 12:13,2026-06-22 20:13,CLOSED,ARYA NAGAR,ARYA NAGAR SUBDIVISION,DIVISION-2,ZONE-1,CIRCLE-1,Meter Related,A. Hussain
KS06222611325,1020871685,"naye ghar ke liye connection application diye hue ek mahina ho gaya hai, abhi tak survey nahi hua",2026-06-22 12:14,2026-06-28 06:14,CLOSED,GOVIND NAGAR,GOVIND NAGAR SUBDIVISION,DIVISION-4,ZONE-2,CIRCLE-2,New Connection,A. Hussain
KS06222611847,1059953805,"digital meter display kaam nahi kar raha, kuch bhi nahi dikh raha screen par",2026-06-22 12:20,2026-06-24 06:20,CLOSED,YASHODA NAGAR,YASHODA NAGAR SUBDIVISION,DIVISION-4,ZONE-2,CIRCLE-2,Meter Related,S. Tiwari
KS06222612135,1096642904,"voltage bahut kam hai, sirf 180 volt aa raha hai, AC aur fridge kharab ho gaye",2026-06-22 12:28,2026-06-23 09:28,CLOSED,TATMILL,TATMILL SUBDIVISION,DIVISION-3,ZONE-2,CIRCLE-2,Voltage Fluctuation,J. Singh
KS06222611858,1082630922,"transformer bahut garam ho raha hai aur buzzing sound aa rahi hai, overload lag raha hai",2026-06-22 12:41,,PENDING,YASHODA NAGAR,YASHODA NAGAR SUBDIVISION,DIVISION-4,ZONE-2,CIRCLE-2,Overloading,A. Hussain
KS06222611568,1075748719,"voltage up-down ho raha hai lagatar, appliances damage ho rahe hain",2026-06-22 12:58,2026-06-23 02:58,CLOSED,KIDWAI NAGAR,KIDWAI NAGAR SUBDIVISION,DIVISION-2,ZONE-1,CIRCLE-1,Voltage Fluctuation,K. Pandey
KS06222611004,1036263114,meter ki reading bahut zyada aa rahi hai jabki consumption kam hua hai is mahine,2026-06-22 13:23,2026-06-23 14:23,CLOSED,TATMILL,TATMILL SUBDIVISION,DIVISION-3,ZONE-2,CIRCLE-2,Meter Related,D. Yadav
KS06222612474,1027802188,"high tension line mein kharabi hai, JE sahab abhi tak nahi aaye",2026-06-22 14:16,2026-06-23 09:16,CLOSED,ARYA NAGAR,ARYA NAGAR SUBDIVISION,DIVISION-2,ZONE-1,CIRCLE-1,11KV Line Fault,D. Yadav
KS06222612043,1059375264,"fuse off ho gaya hai kal raat se, poori gali mein andhera hai",2026-06-22 14:26,2026-06-24 07:26,CLOSED,TATMILL,TATMILL SUBDIVISION,DIVISION-3,ZONE-2,CIRCLE-2,Fuse Off Call (FOC),N. Srivastava
KS06222611573,1094401251,"bill time par nahi mila is baar, late fee lag gayi hai bina wajah",2026-06-22 14:49,2026-06-28 20:49,CLOSED,BARRA,BARRA SUBDIVISION,DIVISION-5,ZONE-2,CIRCLE-3,Billing Related,P. Kumar
KS06222611144,1057335361,"voltage up-down ho raha hai lagatar, appliances damage ho rahe hain",2026-06-22 14:53,,PENDING,ARYA NAGAR,ARYA NAGAR SUBDIVISION,DIVISION-2,ZONE-1,CIRCLE-1,Voltage Fluctuation,L. Awasthi
KS06222611572,1055647110,low voltage ki wajah se motor start nahi ho pa rahi hai,2026-06-22 14:54,2026-06-24 18:54,CLOSED,SWAROOP NAGAR,SWAROOP NAGAR SUBDIVISION,DIVISION-2,ZONE-1,CIRCLE-1,Voltage Fluctuation,J. Singh
KS06222612295,1059392818,"transformer mein aag lag gayi aur dhuaan nikal raha hai, poori colony andhere mein hai",2026-06-22 14:55,,PENDING,VIKAS NAGAR,VIKAS NAGAR SUBDIVISION,DIVISION-5,ZONE-2,CIRCLE-3,DT Damaged/DT Fuse Burnt/Fire on DT,R. Kashyap
KS06222610873,1084734257,line fault ke karan pura substation area mein supply thap ho gayi hai,2026-06-22 15:09,2026-06-22 18:09,CLOSED,VIKAS NAGAR,VIKAS NAGAR SUBDIVISION,DIVISION-5,ZONE-2,CIRCLE-3,11KV Line Fault,P. Kumar
KS06222612293,1056106013,"high tension line mein kharabi hai, JE sahab abhi tak nahi aaye",2026-06-22 15:14,2026-06-23 06:14,CLOSED,YASHODA NAGAR,YASHODA NAGAR SUBDIVISION,DIVISION-4,ZONE-2,CIRCLE-2,11KV Line Fault,S. Tiwari
KS06222612086,1075748719,"11KV line mein fault aa gaya hai, 6 ghante se bijli band hai poore ilake mein",2026-06-22 15:15,2026-06-23 18:15,CLOSED,YASHODA NAGAR,YASHODA NAGAR SUBDIVISION,DIVISION-4,ZONE-2,CIRCLE-2,11KV Line Fault,M. Verma
KS06222610156,1011115749,"transformer bahut garam ho raha hai aur buzzing sound aa rahi hai, overload lag raha hai",2026-06-22 15:21,2026-06-23 20:21,CLOSED,GOVIND NAGAR,GOVIND NAGAR SUBDIVISION,DIVISION-4,ZONE-2,CIRCLE-2,Overloading,R. Kashyap
KS06222612042,1088626800,meter ki reading bahut zyada aa rahi hai jabki consumption kam hua hai is mahine,2026-06-22 15:22,2026-06-25 04:22,CLOSED,KIDWAI NAGAR,KIDWAI NAGAR SUBDIVISION,DIVISION-2,ZONE-1,CIRCLE-1,Meter Related,R. Kashyap
KS06222611904,1088366002,meter ki reading bahut zyada aa rahi hai jabki consumption kam hua hai is mahine,2026-06-22 15:23,2026-06-25 11:23,CLOSED,COLONELGANJ,COLONELGANJ SUBDIVISION,DIVISION-1,ZONE-1,CIRCLE-1,Meter Related,B. Gupta
KS06222612424,1078398650,"naye ghar ke liye connection application diye hue ek mahina ho gaya hai, abhi tak survey nahi hua",2026-06-22 15:30,,PENDING,KAKADEO,KAKADEO SUBDIVISION,DIVISION-4,ZONE-2,CIRCLE-2,New Connection,J. Singh
KS06222610687,1067529138,"fuse off ho gaya hai kal raat se, poori gali mein andhera hai",2026-06-22 15:30,,PENDING,RING ROAD,RING ROAD SUBDIVISION,DIVISION-1,ZONE-1,CIRCLE-1,Fuse Off Call (FOC),V. Mishra
KS06222611870,1092098479,"high tension line mein kharabi hai, JE sahab abhi tak nahi aaye",2026-06-22 15:33,2026-06-23 15:33,CLOSED,SWAROOP NAGAR,SWAROOP NAGAR SUBDIVISION,DIVISION-2,ZONE-1,CIRCLE-1,11KV Line Fault,S. Tiwari
KS06222612011,1039320244,gर्मी mein overloading ki wajah se baar baar trip ho raha hai transformer,2026-06-22 15:39,2026-06-23 07:39,CLOSED,COLONELGANJ,COLONELGANJ SUBDIVISION,DIVISION-1,ZONE-1,CIRCLE-1,Overloading,N. Srivastava
KS06222610138,1043950136,"do mahine ka combined bill aaya hai, samajh nahi aa raha calculation",2026-06-22 15:53,,PENDING,COLONELGANJ,COLONELGANJ SUBDIVISION,DIVISION-1,ZONE-1,CIRCLE-1,Billing Related,V. Mishra
KS06222611896,1057917378,"digital meter display kaam nahi kar raha, kuch bhi nahi dikh raha screen par",2026-06-22 16:00,,PENDING,KAKADEO,KAKADEO SUBDIVISION,DIVISION-4,ZONE-2,CIRCLE-2,Meter Related,P. Kumar
KS06222610633,1056520080,"high tension line mein kharabi hai, JE sahab abhi tak nahi aaye",2026-06-22 16:01,2026-06-22 23:01,CLOSED,TATMILL,TATMILL SUBDIVISION,DIVISION-3,ZONE-2,CIRCLE-2,11KV Line Fault,A. Hussain
KS06222611437,1010350473,"voltage bahut kam hai, sirf 180 volt aa raha hai, AC aur fridge kharab ho gaye",2026-06-22 16:01,2026-06-24 23:01,CLOSED,RAWATPUR,RAWATPUR SUBDIVISION,DIVISION-3,ZONE-2,CIRCLE-2,Voltage Fluctuation,M. Verma
KS06222610839,1087663372,"voltage bahut kam hai, sirf 180 volt aa raha hai, AC aur fridge kharab ho gaye",2026-06-22 16:17,2026-06-24 09:17,CLOSED,COLONELGANJ,COLONELGANJ SUBDIVISION,DIVISION-1,ZONE-1,CIRCLE-1,Voltage Fluctuation,M. Verma
KS06222611761,1040274297,"24 ghante se zyada ho gaye bijli gayi hue, ghar mein pani bhi nahi aa raha pump ke bina",2026-06-22 16:28,2026-06-22 19:28,CLOSED,ARYA NAGAR,ARYA NAGAR SUBDIVISION,DIVISION-2,ZONE-1,CIRCLE-1,Supply Related (Miscellaneous),B. Gupta
KS06222612123,1085297666,"aspatal mein 20 ghante se bijli nahi hai, generator ka diesel bhi khatam hone wala hai",2026-06-22 16:36,2026-06-22 18:36,CLOSED,YASHODA NAGAR,YASHODA NAGAR SUBDIVISION,DIVISION-4,ZONE-2,CIRCLE-2,Supply Related (Miscellaneous),A. Hussain
KS06222611065,1080331924,"line ka fuse udh gaya tez hawa mein, dobara nahi laga abhi tak",2026-06-22 16:45,2026-06-24 06:45,CLOSED,KAKADEO,KAKADEO SUBDIVISION,DIVISION-4,ZONE-2,CIRCLE-2,Fuse Off Call (FOC),K. Pandey
KS06222611507,1079535379,low voltage ki wajah se motor start nahi ho pa rahi hai,2026-06-22 16:48,2026-06-24 14:48,CLOSED,COLONELGANJ,COLONELGANJ SUBDIVISION,DIVISION-1,ZONE-1,CIRCLE-1,Voltage Fluctuation,D. Yadav
KS06222611310,1015118911,"11KV line mein fault aa gaya hai, 6 ghante se bijli band hai poore ilake mein",2026-06-22 17:00,2026-06-22 21:00,CLOSED,YASHODA NAGAR,YASHODA NAGAR SUBDIVISION,DIVISION-4,ZONE-2,CIRCLE-2,11KV Line Fault,L. Awasthi
KS06222610141,1030945892,"voltage bahut kam hai, sirf 180 volt aa raha hai, AC aur fridge kharab ho gaye",2026-06-22 17:20,2026-06-24 04:20,CLOSED,SWAROOP NAGAR,SWAROOP NAGAR SUBDIVISION,DIVISION-2,ZONE-1,CIRCLE-1,Voltage Fluctuation,M. Verma
KS06222610193,1032870787,"pichle bill mein galat amount charge hua hai, correction chahiye",2026-06-22 17:44,2026-07-01 19:44,CLOSED,DADA NAGAR,DADA NAGAR SUBDIVISION,DIVISION-5,ZONE-2,CIRCLE-3,Billing Related,R. Kashyap
KS06222610293,1042412020,"khuli taar se sparking ho rahi hai road ke pass, karnt lagne ka khatra hai",2026-06-22 17:53,2026-06-22 20:53,CLOSED,RAWATPUR,RAWATPUR SUBDIVISION,DIVISION-3,ZONE-2,CIRCLE-2,Wire Snapping/Pole Fault,V. Mishra
KS06222611531,1040574534,"24 ghante se zyada ho gaye bijli gayi hue, ghar mein pani bhi nahi aa raha pump ke bina",2026-06-22 18:12,2026-06-22 23:12,CLOSED,KAKADEO,KAKADEO SUBDIVISION,DIVISION-4,ZONE-2,CIRCLE-2,Supply Related (Miscellaneous),N. Srivastava
KS06222612022,1078259092,"DT mein blast ho gaya, chingari nikal rahi hai, log dar ke maare ghar se bahar hain",2026-06-22 18:18,2026-06-23 00:18,CLOSED,COLONELGANJ,COLONELGANJ SUBDIVISION,DIVISION-1,ZONE-1,CIRCLE-1,DT Damaged/DT Fuse Burnt/Fire on DT,D. Yadav
KS06222610331,1038769900,"aspatal mein 20 ghante se bijli nahi hai, generator ka diesel bhi khatam hone wala hai",2026-06-22 18:41,,PENDING,YASHODA NAGAR,YASHODA NAGAR SUBDIVISION,DIVISION-4,ZONE-2,CIRCLE-2,Supply Related (Miscellaneous),P. Kumar
KS06222610506,1010000078,"11KV line mein fault aa gaya hai, 6 ghante se bijli band hai poore ilake mein",2026-06-22 19:02,2026-06-23 09:02,CLOSED,RAWATPUR,RAWATPUR SUBDIVISION,DIVISION-3,ZONE-2,CIRCLE-2,11KV Line Fault,D. Yadav
KS06222610623,1088490778,low voltage ki wajah se motor start nahi ho pa rahi hai,2026-06-22 19:35,2026-06-23 07:35,CLOSED,BARRA,BARRA SUBDIVISION,DIVISION-5,ZONE-2,CIRCLE-3,Voltage Fluctuation,A. Hussain
KS06222610880,1051634004,line fault ke karan pura substation area mein supply thap ho gayi hai,2026-06-22 19:43,2026-06-23 16:43,CLOSED,GOVIND NAGAR,GOVIND NAGAR SUBDIVISION,DIVISION-4,ZONE-2,CIRCLE-2,11KV Line Fault,R. Kashyap
KS06222612097,1084008800,low voltage ki wajah se motor start nahi ho pa rahi hai,2026-06-22 19:47,2026-06-23 08:47,CLOSED,DADA NAGAR,DADA NAGAR SUBDIVISION,DIVISION-5,ZONE-2,CIRCLE-3,Voltage Fluctuation,R. Kashyap
KS06222610518,1051107103,"transformer mein aag lag gayi aur dhuaan nikal raha hai, poori colony andhere mein hai",2026-06-22 19:56,2026-06-23 00:56,CLOSED,VIKAS NAGAR,VIKAS NAGAR SUBDIVISION,DIVISION-5,ZONE-2,CIRCLE-3,DT Damaged/DT Fuse Burnt/Fire on DT,A. Hussain
KS06222611724,1038769900,"voltage bahut kam hai, sirf 180 volt aa raha hai, AC aur fridge kharab ho gaye",2026-06-22 19:59,2026-06-24 14:59,CLOSED,COLONELGANJ,COLONELGANJ SUBDIVISION,DIVISION-1,ZONE-1,CIRCLE-1,Voltage Fluctuation,N. Srivastava
KS06222610109,1035585356,"naye ghar ke liye connection application diye hue ek mahina ho gaya hai, abhi tak survey nahi hua",2026-06-22 20:28,,PENDING,VIKAS NAGAR,VIKAS NAGAR SUBDIVISION,DIVISION-5,ZONE-2,CIRCLE-3,New Connection,K. Pandey
KS06222610179,1038875320,"pichle bill mein galat amount charge hua hai, correction chahiye",2026-06-22 20:29,2026-06-27 17:29,CLOSED,TATMILL,TATMILL SUBDIVISION,DIVISION-3,ZONE-2,CIRCLE-2,Billing Related,K. Pandey
KS06222612377,1040324265,"digital meter display kaam nahi kar raha, kuch bhi nahi dikh raha screen par",2026-06-22 20:35,2026-06-24 00:35,CLOSED,KAKADEO,KAKADEO SUBDIVISION,DIVISION-4,ZONE-2,CIRCLE-2,Meter Related,J. Singh
KS06222612297,1038595009,"transformer mein aag lag gayi aur dhuaan nikal raha hai, poori colony andhere mein hai",2026-06-22 20:37,2026-06-23 02:37,CLOSED,DADA NAGAR,DADA NAGAR SUBDIVISION,DIVISION-5,ZONE-2,CIRCLE-3,DT Damaged/DT Fuse Burnt/Fire on DT,D. Yadav
KS06222610901,1038942568,"transformer bahut garam ho raha hai aur buzzing sound aa rahi hai, overload lag raha hai",2026-06-22 20:42,,PENDING,VIKAS NAGAR,VIKAS NAGAR SUBDIVISION,DIVISION-5,ZONE-2,CIRCLE-3,Overloading,A. Hussain
KS06222612222,1090564769,"voltage bahut kam hai, sirf 180 volt aa raha hai, AC aur fridge kharab ho gaye",2026-06-22 20:46,2026-06-23 02:46,CLOSED,HARRISGANJ,HARRISGANJ SUBDIVISION,DIVISION-1,ZONE-1,CIRCLE-1,Voltage Fluctuation,N. Srivastava
KS06222611744,1032459335,"pichle bill mein galat amount charge hua hai, correction chahiye",2026-06-22 21:04,2026-07-02 06:04,CLOSED,BARRA,BARRA SUBDIVISION,DIVISION-5,ZONE-2,CIRCLE-3,Billing Related,L. Awasthi
KS06222611193,1023124906,"line ka fuse udh gaya tez hawa mein, dobara nahi laga abhi tak",2026-06-22 21:26,2026-06-25 13:26,CLOSED,KAKADEO,KAKADEO SUBDIVISION,DIVISION-4,ZONE-2,CIRCLE-2,Fuse Off Call (FOC),K. Pandey
KS06222611792,1066815731,"transformer bahut garam ho raha hai aur buzzing sound aa rahi hai, overload lag raha hai",2026-06-22 21:47,2026-06-23 06:47,CLOSED,VIKAS NAGAR,VIKAS NAGAR SUBDIVISION,DIVISION-5,ZONE-2,CIRCLE-3,Overloading,N. Srivastava
KS06222610313,1081887483,line fault ke karan pura substation area mein supply thap ho gayi hai,2026-06-22 21:48,2026-06-23 08:48,CLOSED,KAKADEO,KAKADEO SUBDIVISION,DIVISION-4,ZONE-2,CIRCLE-2,11KV Line Fault,N. Srivastava
KS06222610325,1086060854,meter ki reading bahut zyada aa rahi hai jabki consumption kam hua hai is mahine,2026-06-22 22:13,2026-06-24 11:13,CLOSED,TATMILL,TATMILL SUBDIVISION,DIVISION-3,ZONE-2,CIRCLE-2,Meter Related,B. Gupta
KS06222610032,1056260071,"11KV line mein fault aa gaya hai, 6 ghante se bijli band hai poore ilake mein",2026-06-22 22:14,2026-06-23 07:14,CLOSED,KAKADEO,KAKADEO SUBDIVISION,DIVISION-4,ZONE-2,CIRCLE-2,11KV Line Fault,K. Pandey
KS06222610013,1094146202,"do mahine ka combined bill aaya hai, samajh nahi aa raha calculation",2026-06-22 22:21,,PENDING,YASHODA NAGAR,YASHODA NAGAR SUBDIVISION,DIVISION-4,ZONE-2,CIRCLE-2,Billing Related,P. Kumar
KS06222611739,1023715597,"pichle bill mein galat amount charge hua hai, correction chahiye",2026-06-22 22:25,2026-06-24 04:25,CLOSED,KAKADEO,KAKADEO SUBDIVISION,DIVISION-4,ZONE-2,CIRCLE-2,Billing Related,N. Srivastava
KS06222610632,1043313499,"transformer se dhuaan aur jalne ki smell aa rahi hai, turant madad chahiye",2026-06-22 22:47,2026-06-23 04:47,CLOSED,SWAROOP NAGAR,SWAROOP NAGAR SUBDIVISION,DIVISION-2,ZONE-1,CIRCLE-1,DT Damaged/DT Fuse Burnt/Fire on DT,N. Srivastava
KS06222611228,1051651903,"line ka fuse udh gaya tez hawa mein, dobara nahi laga abhi tak",2026-06-22 23:22,2026-06-24 13:22,CLOSED,GOVIND NAGAR,GOVIND NAGAR SUBDIVISION,DIVISION-4,ZONE-2,CIRCLE-2,Fuse Off Call (FOC),P. Kumar
KS06232610610,1035585356,"voltage bahut kam hai, sirf 180 volt aa raha hai, AC aur fridge kharab ho gaye",2026-06-23 00:45,2026-06-24 14:45,CLOSED,YASHODA NAGAR,YASHODA NAGAR SUBDIVISION,DIVISION-4,ZONE-2,CIRCLE-2,Voltage Fluctuation,R. Kashyap
KS06232611301,1070919029,"voltage bahut kam hai, sirf 180 volt aa raha hai, AC aur fridge kharab ho gaye",2026-06-23 02:14,2026-06-25 18:14,CLOSED,RAWATPUR,RAWATPUR SUBDIVISION,DIVISION-3,ZONE-2,CIRCLE-2,Voltage Fluctuation,K. Pandey
KS06232610374,1041633111,"24 ghante se zyada ho gaye bijli gayi hue, ghar mein pani bhi nahi aa raha pump ke bina",2026-06-23 06:58,2026-06-23 21:58,CLOSED,TATMILL,TATMILL SUBDIVISION,DIVISION-3,ZONE-2,CIRCLE-2,Supply Related (Miscellaneous),D. Yadav
KS06232610213,1065405341,"do mahine ka combined bill aaya hai, samajh nahi aa raha calculation",2026-06-23 06:59,2026-07-01 15:59,CLOSED,GOVIND NAGAR,GOVIND NAGAR SUBDIVISION,DIVISION-4,ZONE-2,CIRCLE-2,Billing Related,N. Srivastava
KS06232612057,1075343807,"voltage up-down ho raha hai lagatar, appliances damage ho rahe hain",2026-06-23 06:59,2026-06-25 10:59,CLOSED,SWAROOP NAGAR,SWAROOP NAGAR SUBDIVISION,DIVISION-2,ZONE-1,CIRCLE-1,Voltage Fluctuation,D. Yadav
KS06232610510,1092098479,"pole gir gaya hai bijli ki taar ke saath, bahut khatarnak sthiti hai",2026-06-23 07:01,2026-06-23 10:01,CLOSED,BARRA,BARRA SUBDIVISION,DIVISION-5,ZONE-2,CIRCLE-3,Wire Snapping/Pole Fault,J. Singh
KS06232612398,1045878033,"aspatal mein 20 ghante se bijli nahi hai, generator ka diesel bhi khatam hone wala hai",2026-06-23 07:16,2026-06-24 09:16,CLOSED,KAKADEO,KAKADEO SUBDIVISION,DIVISION-4,ZONE-2,CIRCLE-2,Supply Related (Miscellaneous),S. Tiwari
KS06232611673,1059068440,"24 ghante se zyada ho gaye bijli gayi hue, ghar mein pani bhi nahi aa raha pump ke bina",2026-06-23 07:32,,PENDING,TATMILL,TATMILL SUBDIVISION,DIVISION-3,ZONE-2,CIRCLE-2,Supply Related (Miscellaneous),V. Mishra
KS06232611939,1057917378,"DT mein blast ho gaya, chingari nikal rahi hai, log dar ke maare ghar se bahar hain",2026-06-23 08:05,2026-06-23 11:05,CLOSED,TATMILL,TATMILL SUBDIVISION,DIVISION-3,ZONE-2,CIRCLE-2,DT Damaged/DT Fuse Burnt/Fire on DT,P. Kumar
KS06232610288,1018420974,"voltage bahut kam hai, sirf 180 volt aa raha hai, AC aur fridge kharab ho gaye",2026-06-23 09:19,,PENDING,YASHODA NAGAR,YASHODA NAGAR SUBDIVISION,DIVISION-4,ZONE-2,CIRCLE-2,Voltage Fluctuation,V. Mishra
KS06232611155,1071560008,"khuli taar se sparking ho rahi hai road ke pass, karnt lagne ka khatra hai",2026-06-23 09:37,2026-06-23 13:37,CLOSED,TATMILL,TATMILL SUBDIVISION,DIVISION-3,ZONE-2,CIRCLE-2,Wire Snapping/Pole Fault,K. Pandey
KS06232610881,1043882248,"digital meter display kaam nahi kar raha, kuch bhi nahi dikh raha screen par",2026-06-23 09:46,2026-06-24 05:46,CLOSED,SWAROOP NAGAR,SWAROOP NAGAR SUBDIVISION,DIVISION-2,ZONE-1,CIRCLE-1,Meter Related,K. Pandey
KS06232611925,1059700130,"transformer mein aag lag gayi aur dhuaan nikal raha hai, poori colony andhere mein hai",2026-06-23 09:53,2026-06-23 16:53,CLOSED,YASHODA NAGAR,YASHODA NAGAR SUBDIVISION,DIVISION-4,ZONE-2,CIRCLE-2,DT Damaged/DT Fuse Burnt/Fire on DT,B. Gupta
KS06232610667,1064789105,"fuse off ho gaya hai kal raat se, poori gali mein andhera hai",2026-06-23 10:04,2026-06-24 10:04,CLOSED,YASHODA NAGAR,YASHODA NAGAR SUBDIVISION,DIVISION-4,ZONE-2,CIRCLE-2,Fuse Off Call (FOC),V. Mishra
KS06232611973,1070065719,"11KV line mein fault aa gaya hai, 6 ghante se bijli band hai poore ilake mein",2026-06-23 10:17,2026-06-23 13:17,CLOSED,RING ROAD,RING ROAD SUBDIVISION,DIVISION-1,ZONE-1,CIRCLE-1,11KV Line Fault,P. Kumar
KS06232611871,1069812173,low voltage ki wajah se motor start nahi ho pa rahi hai,2026-06-23 10:19,2026-06-25 08:19,CLOSED,RAWATPUR,RAWATPUR SUBDIVISION,DIVISION-3,ZONE-2,CIRCLE-2,Voltage Fluctuation,S. Tiwari
KS06232611555,1058913136,"bill time par nahi mila is baar, late fee lag gayi hai bina wajah",2026-06-23 10:35,,PENDING,BARRA,BARRA SUBDIVISION,DIVISION-5,ZONE-2,CIRCLE-3,Billing Related,K. Pandey
KS06232610967,1019816472,"aspatal mein 20 ghante se bijli nahi hai, generator ka diesel bhi khatam hone wala hai",2026-06-23 10:39,2026-06-24 15:39,CLOSED,DADA NAGAR,DADA NAGAR SUBDIVISION,DIVISION-5,ZONE-2,CIRCLE-3,Supply Related (Miscellaneous),M. Verma
KS06232612349,1032870787,"transformer se dhuaan aur jalne ki smell aa rahi hai, turant madad chahiye",2026-06-23 10:41,2026-06-23 13:41,CLOSED,TATMILL,TATMILL SUBDIVISION,DIVISION-3,ZONE-2,CIRCLE-2,DT Damaged/DT Fuse Burnt/Fire on DT,D. Yadav
KS06232610694,1097293868,temporary connection ki application pending hai construction site ke liye,2026-06-23 10:56,,PENDING,RAWATPUR,RAWATPUR SUBDIVISION,DIVISION-3,ZONE-2,CIRCLE-2,New Connection,J. Singh
KS06232611143,1099599975,"pichle bill mein galat amount charge hua hai, correction chahiye",2026-06-23 11:31,,PENDING,KIDWAI NAGAR,KIDWAI NAGAR SUBDIVISION,DIVISION-2,ZONE-1,CIRCLE-1,Billing Related,K. Pandey
KS06232612235,1072144598,temporary connection ki application pending hai construction site ke liye,2026-06-23 11:39,2026-06-28 13:39,CLOSED,ARYA NAGAR,ARYA NAGAR SUBDIVISION,DIVISION-2,ZONE-1,CIRCLE-1,New Connection,B. Gupta
KS06232611558,1049986788,naya meter lagne ke baad se reading galat aa rahi hai har mahine,2026-06-23 11:50,,PENDING,BARRA,BARRA SUBDIVISION,DIVISION-5,ZONE-2,CIRCLE-3,Meter Related,D. Yadav
KS06232610238,1095792820,"transformer mein aag lag gayi aur dhuaan nikal raha hai, poori colony andhere mein hai",2026-06-23 11:52,2026-06-23 13:52,CLOSED,YASHODA NAGAR,YASHODA NAGAR SUBDIVISION,DIVISION-4,ZONE-2,CIRCLE-2,DT Damaged/DT Fuse Burnt/Fire on DT,D. Yadav
KS06232612455,1023124906,"voltage up-down ho raha hai lagatar, appliances damage ho rahe hain",2026-06-23 11:59,,PENDING,RAWATPUR,RAWATPUR SUBDIVISION,DIVISION-3,ZONE-2,CIRCLE-2,Voltage Fluctuation,J. Singh
KS06232610402,1077511171,"bill time par nahi mila is baar, late fee lag gayi hai bina wajah",2026-06-23 12:01,2026-06-25 10:01,CLOSED,DADA NAGAR,DADA NAGAR SUBDIVISION,DIVISION-5,ZONE-2,CIRCLE-3,Billing Related,B. Gupta
KS06232612264,1074496047,low voltage ki wajah se motor start nahi ho pa rahi hai,2026-06-23 12:14,2026-06-23 20:14,CLOSED,RAWATPUR,RAWATPUR SUBDIVISION,DIVISION-3,ZONE-2,CIRCLE-2,Voltage Fluctuation,N. Srivastava
KS06232610672,1020750359,"line ka fuse udh gaya tez hawa mein, dobara nahi laga abhi tak",2026-06-23 12:19,2026-06-23 23:19,CLOSED,BARRA,BARRA SUBDIVISION,DIVISION-5,ZONE-2,CIRCLE-3,Fuse Off Call (FOC),J. Singh
KS06232610603,1013049001,"do mahine ka combined bill aaya hai, samajh nahi aa raha calculation",2026-06-23 12:45,2026-06-28 22:45,CLOSED,HARRISGANJ,HARRISGANJ SUBDIVISION,DIVISION-1,ZONE-1,CIRCLE-1,Billing Related,L. Awasthi
KS06232611318,1062704337,"bill time par nahi mila is baar, late fee lag gayi hai bina wajah",2026-06-23 13:21,,PENDING,GOVIND NAGAR,GOVIND NAGAR SUBDIVISION,DIVISION-4,ZONE-2,CIRCLE-2,Billing Related,N. Srivastava
KS06232610641,1079560557,"pichle bill mein galat amount charge hua hai, correction chahiye",2026-06-23 13:28,2026-07-01 10:28,CLOSED,RING ROAD,RING ROAD SUBDIVISION,DIVISION-1,ZONE-1,CIRCLE-1,Billing Related,S. Tiwari
KS06232611616,1069478136,"DT mein blast ho gaya, chingari nikal rahi hai, log dar ke maare ghar se bahar hain",2026-06-23 13:29,2026-06-23 15:29,CLOSED,VIKAS NAGAR,VIKAS NAGAR SUBDIVISION,DIVISION-5,ZONE-2,CIRCLE-3,DT Damaged/DT Fuse Burnt/Fire on DT,A. Hussain
KS06232610449,1021642980,"digital meter display kaam nahi kar raha, kuch bhi nahi dikh raha screen par",2026-06-23 13:35,2026-06-25 02:35,CLOSED,YASHODA NAGAR,YASHODA NAGAR SUBDIVISION,DIVISION-4,ZONE-2,CIRCLE-2,Meter Related,D. Yadav
KS06232610955,1065813198,"load enhancement ke liye request diya tha, koi update nahi mila",2026-06-23 13:37,2026-06-29 23:37,CLOSED,COLONELGANJ,COLONELGANJ SUBDIVISION,DIVISION-1,ZONE-1,CIRCLE-1,New Connection,P. Kumar
KS06232611560,1020386771,"fuse off ho gaya hai kal raat se, poori gali mein andhera hai",2026-06-23 13:39,,PENDING,JAJMAU,JAJMAU SUBDIVISION,DIVISION-3,ZONE-2,CIRCLE-2,Fuse Off Call (FOC),M. Verma
KS06232612310,1093098129,"line ka fuse udh gaya tez hawa mein, dobara nahi laga abhi tak",2026-06-23 13:49,2026-06-24 14:49,CLOSED,PANKI,PANKI SUBDIVISION,DIVISION-5,ZONE-2,CIRCLE-3,Fuse Off Call (FOC),J. Singh
KS06232610792,1077590786,"11KV line mein fault aa gaya hai, 6 ghante se bijli band hai poore ilake mein",2026-06-23 14:24,2026-06-23 22:24,CLOSED,TATMILL,TATMILL SUBDIVISION,DIVISION-3,ZONE-2,CIRCLE-2,11KV Line Fault,R. Kashyap
KS06232610442,1094401251,"pichle bill mein galat amount charge hua hai, correction chahiye",2026-06-23 14:32,2026-06-29 08:32,CLOSED,DADA NAGAR,DADA NAGAR SUBDIVISION,DIVISION-5,ZONE-2,CIRCLE-3,Billing Related,L. Awasthi
KS06232612463,1043320561,naya meter lagne ke baad se reading galat aa rahi hai har mahine,2026-06-23 14:45,2026-06-26 12:45,CLOSED,TATMILL,TATMILL SUBDIVISION,DIVISION-3,ZONE-2,CIRCLE-2,Meter Related,A. Hussain
KS06232610722,1023589381,"transformer mein aag lag gayi aur dhuaan nikal raha hai, poori colony andhere mein hai",2026-06-23 15:02,2026-06-23 19:02,CLOSED,RAWATPUR,RAWATPUR SUBDIVISION,DIVISION-3,ZONE-2,CIRCLE-2,DT Damaged/DT Fuse Burnt/Fire on DT,D. Yadav
KS06232612242,1069866609,"11KV line mein fault aa gaya hai, 6 ghante se bijli band hai poore ilake mein",2026-06-23 15:21,2026-06-24 04:21,CLOSED,KIDWAI NAGAR,KIDWAI NAGAR SUBDIVISION,DIVISION-2,ZONE-1,CIRCLE-1,11KV Line Fault,L. Awasthi
KS06232610189,1063627214,gर्मी mein overloading ki wajah se baar baar trip ho raha hai transformer,2026-06-23 15:24,2026-06-23 19:24,CLOSED,SWAROOP NAGAR,SWAROOP NAGAR SUBDIVISION,DIVISION-2,ZONE-1,CIRCLE-1,Overloading,B. Gupta
KS06232612490,1035969770,"DT ka fuse baar baar gir raha hai, substation wale theek nahi karte, 3 baar shikayat kar chuke hain",2026-06-23 15:32,2026-06-25 13:32,CLOSED,BARRA,BARRA SUBDIVISION,DIVISION-5,ZONE-2,CIRCLE-3,Fuse Off Call (FOC),R. Kashyap
KS06232610119,1032870787,"digital meter display kaam nahi kar raha, kuch bhi nahi dikh raha screen par",2026-06-23 15:35,2026-06-24 16:35,CLOSED,JAJMAU,JAJMAU SUBDIVISION,DIVISION-3,ZONE-2,CIRCLE-2,Meter Related,R. Kashyap
KS06232611826,1030276760,low voltage ki wajah se motor start nahi ho pa rahi hai,2026-06-23 15:36,,PENDING,TATMILL,TATMILL SUBDIVISION,DIVISION-3,ZONE-2,CIRCLE-2,Voltage Fluctuation,S. Tiwari
KS06232610316,1028834961,"11KV line mein fault aa gaya hai, 6 ghante se bijli band hai poore ilake mein",2026-06-23 15:43,2026-06-24 04:43,CLOSED,YASHODA NAGAR,YASHODA NAGAR SUBDIVISION,DIVISION-4,ZONE-2,CIRCLE-2,11KV Line Fault,B. Gupta
KS06232610736,1082051939,"24 ghante se zyada ho gaye bijli gayi hue, ghar mein pani bhi nahi aa raha pump ke bina",2026-06-23 15:58,2026-06-23 22:58,CLOSED,KIDWAI NAGAR,KIDWAI NAGAR SUBDIVISION,DIVISION-2,ZONE-1,CIRCLE-1,Supply Related (Miscellaneous),P. Kumar
KS06232610298,1047336680,"bill time par nahi mila is baar, late fee lag gayi hai bina wajah",2026-06-23 16:47,2026-06-27 02:47,CLOSED,ARYA NAGAR,ARYA NAGAR SUBDIVISION,DIVISION-2,ZONE-1,CIRCLE-1,Billing Related,K. Pandey
KS06232611730,1019134404,"line ka fuse udh gaya tez hawa mein, dobara nahi laga abhi tak",2026-06-23 16:56,,PENDING,BARRA,BARRA SUBDIVISION,DIVISION-5,ZONE-2,CIRCLE-3,Fuse Off Call (FOC),P. Kumar
KS06232612362,1092098479,low voltage ki wajah se motor start nahi ho pa rahi hai,2026-06-23 16:59,2026-06-24 21:59,CLOSED,HARRISGANJ,HARRISGANJ SUBDIVISION,DIVISION-1,ZONE-1,CIRCLE-1,Voltage Fluctuation,J. Singh
KS06232611179,1049972507,"24 ghante se zyada ho gaye bijli gayi hue, ghar mein pani bhi nahi aa raha pump ke bina",2026-06-23 16:59,2026-06-24 01:59,CLOSED,HARRISGANJ,HARRISGANJ SUBDIVISION,DIVISION-1,ZONE-1,CIRCLE-1,Supply Related (Miscellaneous),M. Verma
KS06232611912,1063705370,temporary connection ki application pending hai construction site ke liye,2026-06-23 17:06,,PENDING,ARYA NAGAR,ARYA NAGAR SUBDIVISION,DIVISION-2,ZONE-1,CIRCLE-1,New Connection,D. Yadav
KS06232611183,1023948665,"poore mohalle mein pichle 18 ghanto se supply band hai, bachche aur budhe pareshan hain",2026-06-23 17:12,2026-06-24 00:12,CLOSED,SWAROOP NAGAR,SWAROOP NAGAR SUBDIVISION,DIVISION-2,ZONE-1,CIRCLE-1,Supply Related (Miscellaneous),B. Gupta
KS06232611733,1026487459,"transformer bahut garam ho raha hai aur buzzing sound aa rahi hai, overload lag raha hai",2026-06-23 17:14,,PENDING,DADA NAGAR,DADA NAGAR SUBDIVISION,DIVISION-5,ZONE-2,CIRCLE-3,Overloading,P. Kumar
KS06232612459,1069277051,"voltage up-down ho raha hai lagatar, appliances damage ho rahe hain",2026-06-23 17:19,2026-06-25 16:19,CLOSED,HARRISGANJ,HARRISGANJ SUBDIVISION,DIVISION-1,ZONE-1,CIRCLE-1,Voltage Fluctuation,A. Hussain
KS06232611201,1047298453,"voltage bahut kam hai, sirf 180 volt aa raha hai, AC aur fridge kharab ho gaye",2026-06-23 17:50,2026-06-24 22:50,CLOSED,RAWATPUR,RAWATPUR SUBDIVISION,DIVISION-3,ZONE-2,CIRCLE-2,Voltage Fluctuation,R. Kashyap
KS06232610192,1097293868,"poore mohalle mein pichle 18 ghanto se supply band hai, bachche aur budhe pareshan hain",2026-06-23 17:55,2026-06-24 11:55,CLOSED,YASHODA NAGAR,YASHODA NAGAR SUBDIVISION,DIVISION-4,ZONE-2,CIRCLE-2,Supply Related (Miscellaneous),A. Hussain
KS06232612036,1070014995,"fuse off ho gaya hai kal raat se, poori gali mein andhera hai",2026-06-23 17:56,2026-06-25 11:56,CLOSED,DADA NAGAR,DADA NAGAR SUBDIVISION,DIVISION-5,ZONE-2,CIRCLE-3,Fuse Off Call (FOC),S. Tiwari
KS06232612139,1079089492,"load enhancement ke liye request diya tha, koi update nahi mila",2026-06-23 18:19,2026-06-29 02:19,CLOSED,KAKADEO,KAKADEO SUBDIVISION,DIVISION-4,ZONE-2,CIRCLE-2,New Connection,J. Singh
KS06232610596,1049441451,"do mahine ka combined bill aaya hai, samajh nahi aa raha calculation",2026-06-23 18:24,2026-06-27 23:24,CLOSED,BARRA,BARRA SUBDIVISION,DIVISION-5,ZONE-2,CIRCLE-3,Billing Related,J. Singh
KS06232612484,1060360959,"pichle bill mein galat amount charge hua hai, correction chahiye",2026-06-23 18:26,2026-06-24 21:26,CLOSED,KAKADEO,KAKADEO SUBDIVISION,DIVISION-4,ZONE-2,CIRCLE-2,Billing Related,L. Awasthi
KS06232611024,1010350473,meter ki reading bahut zyada aa rahi hai jabki consumption kam hua hai is mahine,2026-06-23 18:48,,PENDING,ARYA NAGAR,ARYA NAGAR SUBDIVISION,DIVISION-2,ZONE-1,CIRCLE-1,Meter Related,A. Hussain
KS06232610564,1068750849,naya meter lagne ke baad se reading galat aa rahi hai har mahine,2026-06-23 18:54,2026-06-25 15:54,CLOSED,PANKI,PANKI SUBDIVISION,DIVISION-5,ZONE-2,CIRCLE-3,Meter Related,M. Verma
KS06232610695,1011115749,"voltage bahut kam hai, sirf 180 volt aa raha hai, AC aur fridge kharab ho gaye",2026-06-23 18:55,2026-06-25 09:55,CLOSED,HARRISGANJ,HARRISGANJ SUBDIVISION,DIVISION-1,ZONE-1,CIRCLE-1,Voltage Fluctuation,R. Kashyap
KS06232611690,1056491704,"pichle bill mein galat amount charge hua hai, correction chahiye",2026-06-23 18:58,,PENDING,JAJMAU,JAJMAU SUBDIVISION,DIVISION-3,ZONE-2,CIRCLE-2,Billing Related,V. Mishra
KS06232611456,1094631626,gर्मी mein overloading ki wajah se baar baar trip ho raha hai transformer,2026-06-23 19:04,2026-06-24 20:04,CLOSED,COLONELGANJ,COLONELGANJ SUBDIVISION,DIVISION-1,ZONE-1,CIRCLE-1,Overloading,P. Kumar
KS06232611633,1071471345,meter ki reading bahut zyada aa rahi hai jabki consumption kam hua hai is mahine,2026-06-23 19:14,2026-06-25 19:14,CLOSED,DADA NAGAR,DADA NAGAR SUBDIVISION,DIVISION-5,ZONE-2,CIRCLE-3,Meter Related,P. Kumar
KS06232611360,1034629917,meter ki reading bahut zyada aa rahi hai jabki consumption kam hua hai is mahine,2026-06-23 19:15,2026-06-24 10:15,CLOSED,JAJMAU,JAJMAU SUBDIVISION,DIVISION-3,ZONE-2,CIRCLE-2,Meter Related,V. Mishra
KS06232610780,1070243920,gर्मी mein overloading ki wajah se baar baar trip ho raha hai transformer,2026-06-23 19:39,,PENDING,KIDWAI NAGAR,KIDWAI NAGAR SUBDIVISION,DIVISION-2,ZONE-1,CIRCLE-1,Overloading,K. Pandey
KS06232610664,1024266410,"11KV line mein fault aa gaya hai, 6 ghante se bijli band hai poore ilake mein",2026-06-23 19:58,2026-06-24 18:58,CLOSED,KAKADEO,KAKADEO SUBDIVISION,DIVISION-4,ZONE-2,CIRCLE-2,11KV Line Fault,P. Kumar
KS06232610821,1060280686,naya meter lagne ke baad se reading galat aa rahi hai har mahine,2026-06-23 20:43,2026-06-24 15:43,CLOSED,PANKI,PANKI SUBDIVISION,DIVISION-5,ZONE-2,CIRCLE-3,Meter Related,N. Srivastava
KS06232611552,1071047954,line fault ke karan pura substation area mein supply thap ho gayi hai,2026-06-23 20:45,2026-06-24 07:45,CLOSED,TATMILL,TATMILL SUBDIVISION,DIVISION-3,ZONE-2,CIRCLE-2,11KV Line Fault,S. Tiwari
KS06232611288,1099321812,low voltage ki wajah se motor start nahi ho pa rahi hai,2026-06-23 20:50,,PENDING,VIKAS NAGAR,VIKAS NAGAR SUBDIVISION,DIVISION-5,ZONE-2,CIRCLE-3,Voltage Fluctuation,L. Awasthi
KS06232610056,1020525250,low voltage ki wajah se motor start nahi ho pa rahi hai,2026-06-23 20:53,2026-06-25 18:53,CLOSED,KIDWAI NAGAR,KIDWAI NAGAR SUBDIVISION,DIVISION-2,ZONE-1,CIRCLE-1,Voltage Fluctuation,B. Gupta
KS06232611929,1038462747,low voltage ki wajah se motor start nahi ho pa rahi hai,2026-06-23 20:55,2026-06-26 14:55,CLOSED,ARYA NAGAR,ARYA NAGAR SUBDIVISION,DIVISION-2,ZONE-1,CIRCLE-1,Voltage Fluctuation,N. Srivastava
KS06232611533,1082100786,"do mahine ka combined bill aaya hai, samajh nahi aa raha calculation",2026-06-23 21:01,2026-07-02 20:01,CLOSED,YASHODA NAGAR,YASHODA NAGAR SUBDIVISION,DIVISION-4,ZONE-2,CIRCLE-2,Billing Related,M. Verma
KS06232611732,1043320561,"bill time par nahi mila is baar, late fee lag gayi hai bina wajah",2026-06-23 21:06,2026-06-29 07:06,CLOSED,GOVIND NAGAR,GOVIND NAGAR SUBDIVISION,DIVISION-4,ZONE-2,CIRCLE-2,Billing Related,L. Awasthi
KS06232611184,1023814298,"24 ghante se zyada ho gaye bijli gayi hue, ghar mein pani bhi nahi aa raha pump ke bina",2026-06-23 21:27,2026-06-24 06:27,CLOSED,HARRISGANJ,HARRISGANJ SUBDIVISION,DIVISION-1,ZONE-1,CIRCLE-1,Supply Related (Miscellaneous),B. Gupta
KS06232611130,1045498333,"fuse off ho gaya hai kal raat se, poori gali mein andhera hai",2026-06-23 21:55,2026-06-26 20:55,CLOSED,BARRA,BARRA SUBDIVISION,DIVISION-5,ZONE-2,CIRCLE-3,Fuse Off Call (FOC),K. Pandey
KS06232610268,1013052186,"aspatal mein 20 ghante se bijli nahi hai, generator ka diesel bhi khatam hone wala hai",2026-06-23 22:16,2026-06-24 07:16,CLOSED,COLONELGANJ,COLONELGANJ SUBDIVISION,DIVISION-1,ZONE-1,CIRCLE-1,Supply Related (Miscellaneous),L. Awasthi
KS06232610291,1097672805,"transformer se dhuaan aur jalne ki smell aa rahi hai, turant madad chahiye",2026-06-23 22:22,2026-06-23 23:22,CLOSED,KIDWAI NAGAR,KIDWAI NAGAR SUBDIVISION,DIVISION-2,ZONE-1,CIRCLE-1,DT Damaged/DT Fuse Burnt/Fire on DT,L. Awasthi
KS06232611162,1016033622,"bill time par nahi mila is baar, late fee lag gayi hai bina wajah",2026-06-23 23:06,2026-06-26 16:06,CLOSED,BARRA,BARRA SUBDIVISION,DIVISION-5,ZONE-2,CIRCLE-3,Billing Related,K. Pandey
KS06232610765,1025290217,"transformer se dhuaan aur jalne ki smell aa rahi hai, turant madad chahiye",2026-06-23 23:36,2026-06-24 01:36,CLOSED,BARRA,BARRA SUBDIVISION,DIVISION-5,ZONE-2,CIRCLE-3,DT Damaged/DT Fuse Burnt/Fire on DT,B. Gupta
KS06232612452,1047340206,"digital meter display kaam nahi kar raha, kuch bhi nahi dikh raha screen par",2026-06-23 23:40,2026-06-26 18:40,CLOSED,KAKADEO,KAKADEO SUBDIVISION,DIVISION-4,ZONE-2,CIRCLE-2,Meter Related,D. Yadav
KS06242610939,1071047954,"pole gir gaya hai bijli ki taar ke saath, bahut khatarnak sthiti hai",2026-06-24 01:26,2026-06-24 07:26,CLOSED,ARYA NAGAR,ARYA NAGAR SUBDIVISION,DIVISION-2,ZONE-1,CIRCLE-1,Wire Snapping/Pole Fault,S. Tiwari
KS06242611511,1011887349,"24 ghante se zyada ho gaye bijli gayi hue, ghar mein pani bhi nahi aa raha pump ke bina",2026-06-24 02:07,2026-06-25 00:07,CLOSED,DADA NAGAR,DADA NAGAR SUBDIVISION,DIVISION-5,ZONE-2,CIRCLE-3,Supply Related (Miscellaneous),L. Awasthi
KS06242610035,1054935222,"aspatal mein 20 ghante se bijli nahi hai, generator ka diesel bhi khatam hone wala hai",2026-06-24 03:02,2026-06-25 07:02,CLOSED,TATMILL,TATMILL SUBDIVISION,DIVISION-3,ZONE-2,CIRCLE-2,Supply Related (Miscellaneous),D. Yadav
KS06242610529,1060671744,"11KV line mein fault aa gaya hai, 6 ghante se bijli band hai poore ilake mein",2026-06-24 03:13,2026-06-24 20:13,CLOSED,HARRISGANJ,HARRISGANJ SUBDIVISION,DIVISION-1,ZONE-1,CIRCLE-1,11KV Line Fault,L. Awasthi
KS06242610254,1030550260,"transformer bahut garam ho raha hai aur buzzing sound aa rahi hai, overload lag raha hai",2026-06-24 03:28,2026-06-24 19:28,CLOSED,HARRISGANJ,HARRISGANJ SUBDIVISION,DIVISION-1,ZONE-1,CIRCLE-1,Overloading,K. Pandey
KS06242611460,1067808566,"pichle bill mein galat amount charge hua hai, correction chahiye",2026-06-24 03:47,2026-06-30 18:47,CLOSED,PANKI,PANKI SUBDIVISION,DIVISION-5,ZONE-2,CIRCLE-3,Billing Related,N. Srivastava
KS06242610642,1064685194,"transformer mein aag lag gayi aur dhuaan nikal raha hai, poori colony andhere mein hai",2026-06-24 04:33,2026-06-24 10:33,CLOSED,HARRISGANJ,HARRISGANJ SUBDIVISION,DIVISION-1,ZONE-1,CIRCLE-1,DT Damaged/DT Fuse Burnt/Fire on DT,J. Singh
KS06242611563,1032331851,"load enhancement ke liye request diya tha, koi update nahi mila",2026-06-24 04:52,2026-06-28 03:52,CLOSED,COLONELGANJ,COLONELGANJ SUBDIVISION,DIVISION-1,ZONE-1,CIRCLE-1,New Connection,L. Awasthi
KS06242611039,1031447484,"aspatal mein 20 ghante se bijli nahi hai, generator ka diesel bhi khatam hone wala hai",2026-06-24 05:00,2026-06-24 20:00,CLOSED,PANKI,PANKI SUBDIVISION,DIVISION-5,ZONE-2,CIRCLE-3,Supply Related (Miscellaneous),L. Awasthi
KS06242610976,1062704337,"voltage bahut kam hai, sirf 180 volt aa raha hai, AC aur fridge kharab ho gaye",2026-06-24 05:16,2026-06-27 00:16,CLOSED,TATMILL,TATMILL SUBDIVISION,DIVISION-3,ZONE-2,CIRCLE-2,Voltage Fluctuation,N. Srivastava
KS06242611055,1056264337,"digital meter display kaam nahi kar raha, kuch bhi nahi dikh raha screen par",2026-06-24 06:55,2026-06-25 00:55,CLOSED,RING ROAD,RING ROAD SUBDIVISION,DIVISION-1,ZONE-1,CIRCLE-1,Meter Related,B. Gupta
KS06242611698,1051634004,"line ka fuse udh gaya tez hawa mein, dobara nahi laga abhi tak",2026-06-24 06:55,2026-06-27 05:55,CLOSED,SWAROOP NAGAR,SWAROOP NAGAR SUBDIVISION,DIVISION-2,ZONE-1,CIRCLE-1,Fuse Off Call (FOC),P. Kumar
KS06242610957,1069866609,"voltage up-down ho raha hai lagatar, appliances damage ho rahe hain",2026-06-24 07:23,,PENDING,DADA NAGAR,DADA NAGAR SUBDIVISION,DIVISION-5,ZONE-2,CIRCLE-3,Voltage Fluctuation,J. Singh
KS06242612246,1060182514,"DT se lagatar humming noise aa rahi hai, sabko lagta hai kabhi bhi phat sakta hai",2026-06-24 07:28,2026-06-25 03:28,CLOSED,SWAROOP NAGAR,SWAROOP NAGAR SUBDIVISION,DIVISION-2,ZONE-1,CIRCLE-1,Overloading,N. Srivastava
KS06242610320,1049114375,"naye ghar ke liye connection application diye hue ek mahina ho gaya hai, abhi tak survey nahi hua",2026-06-24 07:44,,PENDING,COLONELGANJ,COLONELGANJ SUBDIVISION,DIVISION-1,ZONE-1,CIRCLE-1,New Connection,D. Yadav
KS06242611580,1021642980,"naye ghar ke liye connection application diye hue ek mahina ho gaya hai, abhi tak survey nahi hua",2026-06-24 08:22,2026-07-01 19:22,CLOSED,RAWATPUR,RAWATPUR SUBDIVISION,DIVISION-3,ZONE-2,CIRCLE-2,New Connection,J. Singh
KS06242610363,1084623543,"11KV ki taar sadak par gir gayi hai, log ke pass se guzar rahe hain, koi accident na ho jaye",2026-06-24 08:47,2026-06-24 15:47,CLOSED,VIKAS NAGAR,VIKAS NAGAR SUBDIVISION,DIVISION-5,ZONE-2,CIRCLE-3,Wire Snapping/Pole Fault,V. Mishra
KS06242611891,1027808126,"do mahine ka combined bill aaya hai, samajh nahi aa raha calculation",2026-06-24 09:06,,PENDING,KIDWAI NAGAR,KIDWAI NAGAR SUBDIVISION,DIVISION-2,ZONE-1,CIRCLE-1,Billing Related,N. Srivastava
KS06242610885,1064205165,"11KV line mein fault aa gaya hai, 6 ghante se bijli band hai poore ilake mein",2026-06-24 09:32,2026-06-24 11:32,CLOSED,COLONELGANJ,COLONELGANJ SUBDIVISION,DIVISION-1,ZONE-1,CIRCLE-1,11KV Line Fault,V. Mishra
KS06242611775,1045854154,"voltage up-down ho raha hai lagatar, appliances damage ho rahe hain",2026-06-24 09:37,2026-06-25 16:37,CLOSED,VIKAS NAGAR,VIKAS NAGAR SUBDIVISION,DIVISION-5,ZONE-2,CIRCLE-3,Voltage Fluctuation,D. Yadav
KS06242612330,1024132294,naya meter lagne ke baad se reading galat aa rahi hai har mahine,2026-06-24 09:44,,PENDING,RING ROAD,RING ROAD SUBDIVISION,DIVISION-1,ZONE-1,CIRCLE-1,Meter Related,R. Kashyap
KS06242612046,1067936641,"voltage bahut kam hai, sirf 180 volt aa raha hai, AC aur fridge kharab ho gaye",2026-06-24 10:19,2026-06-25 22:19,CLOSED,ARYA NAGAR,ARYA NAGAR SUBDIVISION,DIVISION-2,ZONE-1,CIRCLE-1,Voltage Fluctuation,D. Yadav
KS06242610136,1085996774,"line ka fuse udh gaya tez hawa mein, dobara nahi laga abhi tak",2026-06-24 10:34,2026-06-25 18:34,CLOSED,KIDWAI NAGAR,KIDWAI NAGAR SUBDIVISION,DIVISION-2,ZONE-1,CIRCLE-1,Fuse Off Call (FOC),B. Gupta
KS06242610095,1086634097,naya meter lagne ke baad se reading galat aa rahi hai har mahine,2026-06-24 10:40,2026-06-25 02:40,CLOSED,VIKAS NAGAR,VIKAS NAGAR SUBDIVISION,DIVISION-5,ZONE-2,CIRCLE-3,Meter Related,R. Kashyap
KS06242610158,1084734257,"do mahine ka combined bill aaya hai, samajh nahi aa raha calculation",2026-06-24 11:01,,PENDING,KAKADEO,KAKADEO SUBDIVISION,DIVISION-4,ZONE-2,CIRCLE-2,Billing Related,B. Gupta
KS06242611459,1055647110,line fault ke karan pura substation area mein supply thap ho gayi hai,2026-06-24 11:05,,PENDING,RING ROAD,RING ROAD SUBDIVISION,DIVISION-1,ZONE-1,CIRCLE-1,11KV Line Fault,S. Tiwari
KS06242611277,1084617881,"khuli taar se sparking ho rahi hai road ke pass, karnt lagne ka khatra hai",2026-06-24 11:25,2026-06-24 13:25,CLOSED,DADA NAGAR,DADA NAGAR SUBDIVISION,DIVISION-5,ZONE-2,CIRCLE-3,Wire Snapping/Pole Fault,P. Kumar
KS06242611856,1097672805,"transformer bahut garam ho raha hai aur buzzing sound aa rahi hai, overload lag raha hai",2026-06-24 11:34,2026-06-24 16:34,CLOSED,KAKADEO,KAKADEO SUBDIVISION,DIVISION-4,ZONE-2,CIRCLE-2,Overloading,S. Tiwari
KS06242610797,1041633111,"aspatal mein 20 ghante se bijli nahi hai, generator ka diesel bhi khatam hone wala hai",2026-06-24 11:38,2026-06-24 20:38,CLOSED,ARYA NAGAR,ARYA NAGAR SUBDIVISION,DIVISION-2,ZONE-1,CIRCLE-1,Supply Related (Miscellaneous),V. Mishra
KS06242611060,1085996774,"line ka fuse udh gaya tez hawa mein, dobara nahi laga abhi tak",2026-06-24 11:42,,PENDING,KIDWAI NAGAR,KIDWAI NAGAR SUBDIVISION,DIVISION-2,ZONE-1,CIRCLE-1,Fuse Off Call (FOC),S. Tiwari
KS06242611564,1033614962,"do mahine ka combined bill aaya hai, samajh nahi aa raha calculation",2026-06-24 11:50,,PENDING,RAWATPUR,RAWATPUR SUBDIVISION,DIVISION-3,ZONE-2,CIRCLE-2,Billing Related,R. Kashyap
KS06242611225,1069812173,"naye ghar ke liye connection application diye hue ek mahina ho gaya hai, abhi tak survey nahi hua",2026-06-24 11:51,2026-06-26 15:51,CLOSED,RING ROAD,RING ROAD SUBDIVISION,DIVISION-1,ZONE-1,CIRCLE-1,New Connection,K. Pandey
KS06242611723,1051062257,"voltage up-down ho raha hai lagatar, appliances damage ho rahe hain",2026-06-24 11:59,,PENDING,SWAROOP NAGAR,SWAROOP NAGAR SUBDIVISION,DIVISION-2,ZONE-1,CIRCLE-1,Voltage Fluctuation,P. Kumar
KS06242610676,1096192405,temporary connection ki application pending hai construction site ke liye,2026-06-24 12:05,2026-07-03 06:05,CLOSED,BARRA,BARRA SUBDIVISION,DIVISION-5,ZONE-2,CIRCLE-3,New Connection,V. Mishra
KS06242612084,1030402878,"digital meter display kaam nahi kar raha, kuch bhi nahi dikh raha screen par",2026-06-24 12:09,2026-06-26 20:09,CLOSED,VIKAS NAGAR,VIKAS NAGAR SUBDIVISION,DIVISION-5,ZONE-2,CIRCLE-3,Meter Related,V. Mishra
KS06242612072,1022404219,gर्मी mein overloading ki wajah se baar baar trip ho raha hai transformer,2026-06-24 12:37,2026-06-25 15:37,CLOSED,SWAROOP NAGAR,SWAROOP NAGAR SUBDIVISION,DIVISION-2,ZONE-1,CIRCLE-1,Overloading,L. Awasthi
KS06242610985,1094401251,"line ka fuse udh gaya tez hawa mein, dobara nahi laga abhi tak",2026-06-24 12:45,,PENDING,SWAROOP NAGAR,SWAROOP NAGAR SUBDIVISION,DIVISION-2,ZONE-1,CIRCLE-1,Fuse Off Call (FOC),D. Yadav
KS06242611032,1019382519,"voltage up-down ho raha hai lagatar, appliances damage ho rahe hain",2026-06-24 13:03,,PENDING,DADA NAGAR,DADA NAGAR SUBDIVISION,DIVISION-5,ZONE-2,CIRCLE-3,Voltage Fluctuation,K. Pandey
KS06242612443,1079535379,low voltage ki wajah se motor start nahi ho pa rahi hai,2026-06-24 13:04,,PENDING,BARRA,BARRA SUBDIVISION,DIVISION-5,ZONE-2,CIRCLE-3,Voltage Fluctuation,J. Singh
KS06242610524,1090148438,"24 ghante se zyada ho gaye bijli gayi hue, ghar mein pani bhi nahi aa raha pump ke bina",2026-06-24 13:11,2026-06-24 20:11,CLOSED,JAJMAU,JAJMAU SUBDIVISION,DIVISION-3,ZONE-2,CIRCLE-2,Supply Related (Miscellaneous),A. Hussain
KS06242611090,1089854904,"DT se lagatar humming noise aa rahi hai, sabko lagta hai kabhi bhi phat sakta hai",2026-06-24 13:52,,PENDING,YASHODA NAGAR,YASHODA NAGAR SUBDIVISION,DIVISION-4,ZONE-2,CIRCLE-2,Overloading,D. Yadav
KS06242610580,1037163760,"voltage up-down ho raha hai lagatar, appliances damage ho rahe hain",2026-06-24 13:55,2026-06-26 01:55,CLOSED,BARRA,BARRA SUBDIVISION,DIVISION-5,ZONE-2,CIRCLE-3,Voltage Fluctuation,L. Awasthi
KS06242611695,1035669897,"voltage up-down ho raha hai lagatar, appliances damage ho rahe hain",2026-06-24 13:56,,PENDING,TATMILL,TATMILL SUBDIVISION,DIVISION-3,ZONE-2,CIRCLE-2,Voltage Fluctuation,M. Verma
KS06242611451,1051869121,meter ki reading bahut zyada aa rahi hai jabki consumption kam hua hai is mahine,2026-06-24 14:06,2026-06-25 09:06,CLOSED,DADA NAGAR,DADA NAGAR SUBDIVISION,DIVISION-5,ZONE-2,CIRCLE-3,Meter Related,J. Singh
KS06242611439,1095500158,"line ka fuse udh gaya tez hawa mein, dobara nahi laga abhi tak",2026-06-24 14:39,,PENDING,HARRISGANJ,HARRISGANJ SUBDIVISION,DIVISION-1,ZONE-1,CIRCLE-1,Fuse Off Call (FOC),N. Srivastava
KS06242611195,1029181687,"poore mohalle mein pichle 18 ghanto se supply band hai, bachche aur budhe pareshan hain",2026-06-24 14:40,,PENDING,GOVIND NAGAR,GOVIND NAGAR SUBDIVISION,DIVISION-4,ZONE-2,CIRCLE-2,Supply Related (Miscellaneous),M. Verma
KS06242612496,1075343807,"voltage up-down ho raha hai lagatar, appliances damage ho rahe hain",2026-06-24 14:48,2026-06-25 06:48,CLOSED,KAKADEO,KAKADEO SUBDIVISION,DIVISION-4,ZONE-2,CIRCLE-2,Voltage Fluctuation,B. Gupta
KS06242611914,1055876118,"poore mohalle mein pichle 18 ghanto se supply band hai, bachche aur budhe pareshan hain",2026-06-24 15:07,2026-06-25 08:07,CLOSED,KAKADEO,KAKADEO SUBDIVISION,DIVISION-4,ZONE-2,CIRCLE-2,Supply Related (Miscellaneous),M. Verma
KS06242612312,1073395718,line fault ke karan pura substation area mein supply thap ho gayi hai,2026-06-24 15:11,2026-06-25 12:11,CLOSED,ARYA NAGAR,ARYA NAGAR SUBDIVISION,DIVISION-2,ZONE-1,CIRCLE-1,11KV Line Fault,L. Awasthi
KS06242611110,1063081097,"aspatal mein 20 ghante se bijli nahi hai, generator ka diesel bhi khatam hone wala hai",2026-06-24 15:37,2026-06-24 18:37,CLOSED,COLONELGANJ,COLONELGANJ SUBDIVISION,DIVISION-1,ZONE-1,CIRCLE-1,Supply Related (Miscellaneous),S. Tiwari
KS06242611808,1089248280,"11KV line mein fault aa gaya hai, 6 ghante se bijli band hai poore ilake mein",2026-06-24 15:55,2026-06-25 01:55,CLOSED,HARRISGANJ,HARRISGANJ SUBDIVISION,DIVISION-1,ZONE-1,CIRCLE-1,11KV Line Fault,P. Kumar
KS06242611975,1057520577,"transformer bahut garam ho raha hai aur buzzing sound aa rahi hai, overload lag raha hai",2026-06-24 16:30,2026-06-25 10:30,CLOSED,KAKADEO,KAKADEO SUBDIVISION,DIVISION-4,ZONE-2,CIRCLE-2,Overloading,B. Gupta
KS06242611783,1043955365,"aspatal mein 20 ghante se bijli nahi hai, generator ka diesel bhi khatam hone wala hai",2026-06-24 16:38,2026-06-25 01:38,CLOSED,TATMILL,TATMILL SUBDIVISION,DIVISION-3,ZONE-2,CIRCLE-2,Supply Related (Miscellaneous),P. Kumar
KS06242610286,1043313499,"transformer se dhuaan aur jalne ki smell aa rahi hai, turant madad chahiye",2026-06-24 16:51,2026-06-24 20:51,CLOSED,VIKAS NAGAR,VIKAS NAGAR SUBDIVISION,DIVISION-5,ZONE-2,CIRCLE-3,DT Damaged/DT Fuse Burnt/Fire on DT,J. Singh
KS06242610340,1088508482,"24 ghante se zyada ho gaye bijli gayi hue, ghar mein pani bhi nahi aa raha pump ke bina",2026-06-24 17:10,,PENDING,VIKAS NAGAR,VIKAS NAGAR SUBDIVISION,DIVISION-5,ZONE-2,CIRCLE-3,Supply Related (Miscellaneous),J. Singh
KS06242610599,1051196166,"digital meter display kaam nahi kar raha, kuch bhi nahi dikh raha screen par",2026-06-24 17:14,2026-06-27 03:14,CLOSED,YASHODA NAGAR,YASHODA NAGAR SUBDIVISION,DIVISION-4,ZONE-2,CIRCLE-2,Meter Related,D. Yadav
KS06242612000,1069306696,"naye ghar ke liye connection application diye hue ek mahina ho gaya hai, abhi tak survey nahi hua",2026-06-24 17:25,2026-07-01 21:25,CLOSED,RING ROAD,RING ROAD SUBDIVISION,DIVISION-1,ZONE-1,CIRCLE-1,New Connection,D. Yadav
KS06242611619,1066076434,"DT mein blast ho gaya, chingari nikal rahi hai, log dar ke maare ghar se bahar hain",2026-06-24 17:30,2026-06-24 22:30,CLOSED,BARRA,BARRA SUBDIVISION,DIVISION-5,ZONE-2,CIRCLE-3,DT Damaged/DT Fuse Burnt/Fire on DT,L. Awasthi
KS06242610194,1080255100,"poore mohalle mein pichle 18 ghanto se supply band hai, bachche aur budhe pareshan hain",2026-06-24 17:33,,PENDING,YASHODA NAGAR,YASHODA NAGAR SUBDIVISION,DIVISION-4,ZONE-2,CIRCLE-2,Supply Related (Miscellaneous),A. Hussain
KS06242610418,1088626800,"24 ghante se zyada ho gaye bijli gayi hue, ghar mein pani bhi nahi aa raha pump ke bina",2026-06-24 17:33,2026-06-24 21:33,CLOSED,COLONELGANJ,COLONELGANJ SUBDIVISION,DIVISION-1,ZONE-1,CIRCLE-1,Supply Related (Miscellaneous),L. Awasthi
KS06242610724,1036263114,"11KV ki taar sadak par gir gayi hai, log ke pass se guzar rahe hain, koi accident na ho jaye",2026-06-24 17:57,2026-06-24 23:57,CLOSED,KAKADEO,KAKADEO SUBDIVISION,DIVISION-4,ZONE-2,CIRCLE-2,Wire Snapping/Pole Fault,M. Verma
KS06242610644,1045645872,"digital meter display kaam nahi kar raha, kuch bhi nahi dikh raha screen par",2026-06-24 17:58,2026-06-27 16:58,CLOSED,ARYA NAGAR,ARYA NAGAR SUBDIVISION,DIVISION-2,ZONE-1,CIRCLE-1,Meter Related,L. Awasthi
KS06242611063,1060182514,naya meter lagne ke baad se reading galat aa rahi hai har mahine,2026-06-24 17:58,2026-06-25 12:58,CLOSED,HARRISGANJ,HARRISGANJ SUBDIVISION,DIVISION-1,ZONE-1,CIRCLE-1,Meter Related,R. Kashyap
KS06242611089,1057917378,"voltage up-down ho raha hai lagatar, appliances damage ho rahe hain",2026-06-24 18:07,,PENDING,KAKADEO,KAKADEO SUBDIVISION,DIVISION-4,ZONE-2,CIRCLE-2,Voltage Fluctuation,B. Gupta
KS06242612213,1079560557,"voltage bahut kam hai, sirf 180 volt aa raha hai, AC aur fridge kharab ho gaye",2026-06-24 18:15,2026-06-25 16:15,CLOSED,ARYA NAGAR,ARYA NAGAR SUBDIVISION,DIVISION-2,ZONE-1,CIRCLE-1,Voltage Fluctuation,D. Yadav
KS06242611466,1084623543,"voltage up-down ho raha hai lagatar, appliances damage ho rahe hain",2026-06-24 18:47,2026-06-26 14:47,CLOSED,VIKAS NAGAR,VIKAS NAGAR SUBDIVISION,DIVISION-5,ZONE-2,CIRCLE-3,Voltage Fluctuation,B. Gupta
KS06242610055,1057479038,"pichle bill mein galat amount charge hua hai, correction chahiye",2026-06-24 18:50,,PENDING,KAKADEO,KAKADEO SUBDIVISION,DIVISION-4,ZONE-2,CIRCLE-2,Billing Related,J. Singh
KS06242610732,1034575751,"poore mohalle mein pichle 18 ghanto se supply band hai, bachche aur budhe pareshan hain",2026-06-24 18:50,2026-06-25 12:50,CLOSED,KIDWAI NAGAR,KIDWAI NAGAR SUBDIVISION,DIVISION-2,ZONE-1,CIRCLE-1,Supply Related (Miscellaneous),D. Yadav
KS06242611443,1077868149,"khuli taar se sparking ho rahi hai road ke pass, karnt lagne ka khatra hai",2026-06-24 18:59,2026-06-24 23:59,CLOSED,COLONELGANJ,COLONELGANJ SUBDIVISION,DIVISION-1,ZONE-1,CIRCLE-1,Wire Snapping/Pole Fault,K. Pandey
KS06242611641,1036456442,"pole gir gaya hai bijli ki taar ke saath, bahut khatarnak sthiti hai",2026-06-24 19:00,2026-06-24 22:00,CLOSED,KAKADEO,KAKADEO SUBDIVISION,DIVISION-4,ZONE-2,CIRCLE-2,Wire Snapping/Pole Fault,D. Yadav
KS06242612193,1056106013,"DT mein blast ho gaya, chingari nikal rahi hai, log dar ke maare ghar se bahar hain",2026-06-24 19:08,2026-06-24 22:08,CLOSED,RAWATPUR,RAWATPUR SUBDIVISION,DIVISION-3,ZONE-2,CIRCLE-2,DT Damaged/DT Fuse Burnt/Fire on DT,A. Hussain
KS06242611701,1040540696,"DT ka fuse baar baar gir raha hai, substation wale theek nahi karte, 3 baar shikayat kar chuke hain",2026-06-24 19:18,,PENDING,DADA NAGAR,DADA NAGAR SUBDIVISION,DIVISION-5,ZONE-2,CIRCLE-3,Fuse Off Call (FOC),L. Awasthi
KS06242611475,1060698461,low voltage ki wajah se motor start nahi ho pa rahi hai,2026-06-24 19:28,2026-06-27 05:28,CLOSED,YASHODA NAGAR,YASHODA NAGAR SUBDIVISION,DIVISION-4,ZONE-2,CIRCLE-2,Voltage Fluctuation,S. Tiwari
KS06242611584,1030402878,"digital meter display kaam nahi kar raha, kuch bhi nahi dikh raha screen par",2026-06-24 19:34,2026-06-27 15:34,CLOSED,DADA NAGAR,DADA NAGAR SUBDIVISION,DIVISION-5,ZONE-2,CIRCLE-3,Meter Related,P. Kumar
KS06242612096,1030945892,"transformer mein aag lag gayi aur dhuaan nikal raha hai, poori colony andhere mein hai",2026-06-24 20:05,2026-06-24 21:05,CLOSED,HARRISGANJ,HARRISGANJ SUBDIVISION,DIVISION-1,ZONE-1,CIRCLE-1,DT Damaged/DT Fuse Burnt/Fire on DT,D. Yadav
KS06242610961,1081887483,low voltage ki wajah se motor start nahi ho pa rahi hai,2026-06-24 20:10,2026-06-26 17:10,CLOSED,COLONELGANJ,COLONELGANJ SUBDIVISION,DIVISION-1,ZONE-1,CIRCLE-1,Voltage Fluctuation,J. Singh
KS06242611721,1078248625,gर्मी mein overloading ki wajah se baar baar trip ho raha hai transformer,2026-06-24 20:21,2026-06-25 06:21,CLOSED,DADA NAGAR,DADA NAGAR SUBDIVISION,DIVISION-5,ZONE-2,CIRCLE-3,Overloading,J. Singh
KS06242612460,1058253795,temporary connection ki application pending hai construction site ke liye,2026-06-24 20:21,2026-07-01 02:21,CLOSED,JAJMAU,JAJMAU SUBDIVISION,DIVISION-3,ZONE-2,CIRCLE-2,New Connection,L. Awasthi
KS06242611782,1063405302,"DT se lagatar humming noise aa rahi hai, sabko lagta hai kabhi bhi phat sakta hai",2026-06-24 20:33,2026-06-25 18:33,CLOSED,COLONELGANJ,COLONELGANJ SUBDIVISION,DIVISION-1,ZONE-1,CIRCLE-1,Overloading,M. Verma
KS06242610480,1022404219,"high tension line mein kharabi hai, JE sahab abhi tak nahi aaye",2026-06-24 20:48,2026-06-25 03:48,CLOSED,JAJMAU,JAJMAU SUBDIVISION,DIVISION-3,ZONE-2,CIRCLE-2,11KV Line Fault,J. Singh
KS06242611191,1023430495,"high tension line mein kharabi hai, JE sahab abhi tak nahi aaye",2026-06-24 20:52,2026-06-25 02:52,CLOSED,TATMILL,TATMILL SUBDIVISION,DIVISION-3,ZONE-2,CIRCLE-2,11KV Line Fault,V. Mishra
KS06242610234,1070919029,"fuse off ho gaya hai kal raat se, poori gali mein andhera hai",2026-06-24 21:04,2026-06-26 19:04,CLOSED,HARRISGANJ,HARRISGANJ SUBDIVISION,DIVISION-1,ZONE-1,CIRCLE-1,Fuse Off Call (FOC),L. Awasthi
KS06242611583,1097293868,"DT se lagatar humming noise aa rahi hai, sabko lagta hai kabhi bhi phat sakta hai",2026-06-24 21:13,2026-06-25 05:13,CLOSED,COLONELGANJ,COLONELGANJ SUBDIVISION,DIVISION-1,ZONE-1,CIRCLE-1,Overloading,A. Hussain
KS06242611591,1064179747,"DT mein blast ho gaya, chingari nikal rahi hai, log dar ke maare ghar se bahar hain",2026-06-24 21:14,2026-06-24 22:14,CLOSED,KAKADEO,KAKADEO SUBDIVISION,DIVISION-4,ZONE-2,CIRCLE-2,DT Damaged/DT Fuse Burnt/Fire on DT,M. Verma
KS06242611052,1062169824,"DT se lagatar humming noise aa rahi hai, sabko lagta hai kabhi bhi phat sakta hai",2026-06-24 21:40,2026-06-24 23:40,CLOSED,YASHODA NAGAR,YASHODA NAGAR SUBDIVISION,DIVISION-4,ZONE-2,CIRCLE-2,Overloading,S. Tiwari
KS06242610176,1032484347,"voltage up-down ho raha hai lagatar, appliances damage ho rahe hain",2026-06-24 21:58,2026-06-26 01:58,CLOSED,BARRA,BARRA SUBDIVISION,DIVISION-5,ZONE-2,CIRCLE-3,Voltage Fluctuation,A. Hussain
KS06242611863,1092719868,low voltage ki wajah se motor start nahi ho pa rahi hai,2026-06-24 22:31,2026-06-27 09:31,CLOSED,JAJMAU,JAJMAU SUBDIVISION,DIVISION-3,ZONE-2,CIRCLE-2,Voltage Fluctuation,J. Singh
KS06242611867,1018707760,"aspatal mein 20 ghante se bijli nahi hai, generator ka diesel bhi khatam hone wala hai",2026-06-24 22:34,2026-06-25 21:34,CLOSED,GOVIND NAGAR,GOVIND NAGAR SUBDIVISION,DIVISION-4,ZONE-2,CIRCLE-2,Supply Related (Miscellaneous),S. Tiwari
KS06242611833,1077205853,"poore mohalle mein pichle 18 ghanto se supply band hai, bachche aur budhe pareshan hain",2026-06-24 22:35,2026-06-25 08:35,CLOSED,DADA NAGAR,DADA NAGAR SUBDIVISION,DIVISION-5,ZONE-2,CIRCLE-3,Supply Related (Miscellaneous),N. Srivastava
KS06242610744,1082630922,low voltage ki wajah se motor start nahi ho pa rahi hai,2026-06-24 23:30,2026-06-25 09:30,CLOSED,JAJMAU,JAJMAU SUBDIVISION,DIVISION-3,ZONE-2,CIRCLE-2,Voltage Fluctuation,P. Kumar
KS06242612024,1088561915,"voltage up-down ho raha hai lagatar, appliances damage ho rahe hain",2026-06-24 23:35,2026-06-27 00:35,CLOSED,BARRA,BARRA SUBDIVISION,DIVISION-5,ZONE-2,CIRCLE-3,Voltage Fluctuation,M. Verma
KS06252610743,1067936641,"DT mein blast ho gaya, chingari nikal rahi hai, log dar ke maare ghar se bahar hain",2026-06-25 00:07,2026-06-25 06:07,CLOSED,RING ROAD,RING ROAD SUBDIVISION,DIVISION-1,ZONE-1,CIRCLE-1,DT Damaged/DT Fuse Burnt/Fire on DT,L. Awasthi
KS06252610512,1088366002,"transformer mein aag lag gayi aur dhuaan nikal raha hai, poori colony andhere mein hai",2026-06-25 01:46,2026-06-25 03:46,CLOSED,YASHODA NAGAR,YASHODA NAGAR SUBDIVISION,DIVISION-4,ZONE-2,CIRCLE-2,DT Damaged/DT Fuse Burnt/Fire on DT,B. Gupta
KS06252610068,1017235259,"transformer se dhuaan aur jalne ki smell aa rahi hai, turant madad chahiye",2026-06-25 05:19,2026-06-25 11:19,CLOSED,KIDWAI NAGAR,KIDWAI NAGAR SUBDIVISION,DIVISION-2,ZONE-1,CIRCLE-1,DT Damaged/DT Fuse Burnt/Fire on DT,M. Verma
KS06252612324,1066457919,gर्मी mein overloading ki wajah se baar baar trip ho raha hai transformer,2026-06-25 05:29,2026-06-26 10:29,CLOSED,VIKAS NAGAR,VIKAS NAGAR SUBDIVISION,DIVISION-5,ZONE-2,CIRCLE-3,Overloading,K. Pandey
KS06252610017,1059355795,"11KV ki taar sadak par gir gayi hai, log ke pass se guzar rahe hain, koi accident na ho jaye",2026-06-25 05:52,2026-06-25 08:52,CLOSED,RAWATPUR,RAWATPUR SUBDIVISION,DIVISION-3,ZONE-2,CIRCLE-2,Wire Snapping/Pole Fault,K. Pandey
KS06252610152,1089898549,"poore mohalle mein pichle 18 ghanto se supply band hai, bachche aur budhe pareshan hain",2026-06-25 06:00,2026-06-25 14:00,CLOSED,SWAROOP NAGAR,SWAROOP NAGAR SUBDIVISION,DIVISION-2,ZONE-1,CIRCLE-1,Supply Related (Miscellaneous),K. Pandey
KS06252611280,1095792820,"11KV line mein fault aa gaya hai, 6 ghante se bijli band hai poore ilake mein",2026-06-25 06:26,2026-06-25 20:26,CLOSED,KAKADEO,KAKADEO SUBDIVISION,DIVISION-4,ZONE-2,CIRCLE-2,11KV Line Fault,P. Kumar
KS06252612076,1049114375,"DT ka fuse baar baar gir raha hai, substation wale theek nahi karte, 3 baar shikayat kar chuke hain",2026-06-25 06:48,,PENDING,PANKI,PANKI SUBDIVISION,DIVISION-5,ZONE-2,CIRCLE-3,Fuse Off Call (FOC),M. Verma
KS06252611593,1014458726,"11KV line mein fault aa gaya hai, 6 ghante se bijli band hai poore ilake mein",2026-06-25 07:53,2026-06-26 04:53,CLOSED,HARRISGANJ,HARRISGANJ SUBDIVISION,DIVISION-1,ZONE-1,CIRCLE-1,11KV Line Fault,D. Yadav
KS06252612070,1049082068,"naye ghar ke liye connection application diye hue ek mahina ho gaya hai, abhi tak survey nahi hua",2026-06-25 08:10,2026-07-03 22:10,CLOSED,ARYA NAGAR,ARYA NAGAR SUBDIVISION,DIVISION-2,ZONE-1,CIRCLE-1,New Connection,P. Kumar
KS06252610354,1028194349,"voltage bahut kam hai, sirf 180 volt aa raha hai, AC aur fridge kharab ho gaye",2026-06-25 08:45,2026-06-27 12:45,CLOSED,BARRA,BARRA SUBDIVISION,DIVISION-5,ZONE-2,CIRCLE-3,Voltage Fluctuation,J. Singh
KS06252611779,1048573362,"voltage up-down ho raha hai lagatar, appliances damage ho rahe hain",2026-06-25 08:57,2026-06-28 03:57,CLOSED,VIKAS NAGAR,VIKAS NAGAR SUBDIVISION,DIVISION-5,ZONE-2,CIRCLE-3,Voltage Fluctuation,J. Singh
KS06252610917,1095378181,"24 ghante se zyada ho gaye bijli gayi hue, ghar mein pani bhi nahi aa raha pump ke bina",2026-06-25 09:04,,PENDING,SWAROOP NAGAR,SWAROOP NAGAR SUBDIVISION,DIVISION-2,ZONE-1,CIRCLE-1,Supply Related (Miscellaneous),P. Kumar
KS06252611030,1060182514,"voltage bahut kam hai, sirf 180 volt aa raha hai, AC aur fridge kharab ho gaye",2026-06-25 09:08,2026-06-28 02:08,CLOSED,GOVIND NAGAR,GOVIND NAGAR SUBDIVISION,DIVISION-4,ZONE-2,CIRCLE-2,Voltage Fluctuation,A. Hussain
KS06252612134,1027854466,"voltage bahut kam hai, sirf 180 volt aa raha hai, AC aur fridge kharab ho gaye",2026-06-25 09:16,,PENDING,TATMILL,TATMILL SUBDIVISION,DIVISION-3,ZONE-2,CIRCLE-2,Voltage Fluctuation,V. Mishra
KS06252610806,1062704337,meter ki reading bahut zyada aa rahi hai jabki consumption kam hua hai is mahine,2026-06-25 09:47,2026-06-28 05:47,CLOSED,GOVIND NAGAR,GOVIND NAGAR SUBDIVISION,DIVISION-4,ZONE-2,CIRCLE-2,Meter Related,L. Awasthi
KS06252611442,1074185638,"poore mohalle mein pichle 18 ghanto se supply band hai, bachche aur budhe pareshan hain",2026-06-25 10:17,2026-06-26 13:17,CLOSED,RING ROAD,RING ROAD SUBDIVISION,DIVISION-1,ZONE-1,CIRCLE-1,Supply Related (Miscellaneous),R. Kashyap
KS06252611158,1091832540,low voltage ki wajah se motor start nahi ho pa rahi hai,2026-06-25 10:17,,PENDING,KIDWAI NAGAR,KIDWAI NAGAR SUBDIVISION,DIVISION-2,ZONE-1,CIRCLE-1,Voltage Fluctuation,N. Srivastava
KS06252611344,1042412020,"fuse off ho gaya hai kal raat se, poori gali mein andhera hai",2026-06-25 10:32,2026-06-26 19:32,CLOSED,DADA NAGAR,DADA NAGAR SUBDIVISION,DIVISION-5,ZONE-2,CIRCLE-3,Fuse Off Call (FOC),M. Verma
KS06252610624,1085297666,"DT ka fuse baar baar gir raha hai, substation wale theek nahi karte, 3 baar shikayat kar chuke hain",2026-06-25 10:56,2026-06-26 20:56,CLOSED,YASHODA NAGAR,YASHODA NAGAR SUBDIVISION,DIVISION-4,ZONE-2,CIRCLE-2,Fuse Off Call (FOC),B. Gupta
KS06252610706,1057946637,"bill time par nahi mila is baar, late fee lag gayi hai bina wajah",2026-06-25 11:03,,PENDING,PANKI,PANKI SUBDIVISION,DIVISION-5,ZONE-2,CIRCLE-3,Billing Related,A. Hussain
KS06252611955,1051634004,"DT ka fuse baar baar gir raha hai, substation wale theek nahi karte, 3 baar shikayat kar chuke hain",2026-06-25 11:07,2026-06-27 03:07,CLOSED,BARRA,BARRA SUBDIVISION,DIVISION-5,ZONE-2,CIRCLE-3,Fuse Off Call (FOC),R. Kashyap
KS06252611666,1097479489,"naye ghar ke liye connection application diye hue ek mahina ho gaya hai, abhi tak survey nahi hua",2026-06-25 11:11,,PENDING,KIDWAI NAGAR,KIDWAI NAGAR SUBDIVISION,DIVISION-2,ZONE-1,CIRCLE-1,New Connection,S. Tiwari
KS06252611465,1035008859,"digital meter display kaam nahi kar raha, kuch bhi nahi dikh raha screen par",2026-06-25 11:24,2026-06-26 01:24,CLOSED,COLONELGANJ,COLONELGANJ SUBDIVISION,DIVISION-1,ZONE-1,CIRCLE-1,Meter Related,P. Kumar
KS06252611836,1091994672,"transformer mein aag lag gayi aur dhuaan nikal raha hai, poori colony andhere mein hai",2026-06-25 11:43,2026-06-25 13:43,CLOSED,ARYA NAGAR,ARYA NAGAR SUBDIVISION,DIVISION-2,ZONE-1,CIRCLE-1,DT Damaged/DT Fuse Burnt/Fire on DT,B. Gupta
KS06252611527,1044274496,"voltage up-down ho raha hai lagatar, appliances damage ho rahe hain",2026-06-25 11:43,,PENDING,COLONELGANJ,COLONELGANJ SUBDIVISION,DIVISION-1,ZONE-1,CIRCLE-1,Voltage Fluctuation,A. Hussain
KS06252611850,1040816583,"transformer bahut garam ho raha hai aur buzzing sound aa rahi hai, overload lag raha hai",2026-06-25 11:47,,PENDING,GOVIND NAGAR,GOVIND NAGAR SUBDIVISION,DIVISION-4,ZONE-2,CIRCLE-2,Overloading,J. Singh
KS06252612303,1029964096,low voltage ki wajah se motor start nahi ho pa rahi hai,2026-06-25 11:47,,PENDING,BARRA,BARRA SUBDIVISION,DIVISION-5,ZONE-2,CIRCLE-3,Voltage Fluctuation,S. Tiwari
KS06252610590,1051403373,"fuse off ho gaya hai kal raat se, poori gali mein andhera hai",2026-06-25 11:53,2026-06-28 07:53,CLOSED,HARRISGANJ,HARRISGANJ SUBDIVISION,DIVISION-1,ZONE-1,CIRCLE-1,Fuse Off Call (FOC),J. Singh
KS06252611590,1091832540,"aspatal mein 20 ghante se bijli nahi hai, generator ka diesel bhi khatam hone wala hai",2026-06-25 12:09,2026-06-26 17:09,CLOSED,VIKAS NAGAR,VIKAS NAGAR SUBDIVISION,DIVISION-5,ZONE-2,CIRCLE-3,Supply Related (Miscellaneous),K. Pandey
KS06252610101,1065813198,meter ki reading bahut zyada aa rahi hai jabki consumption kam hua hai is mahine,2026-06-25 12:20,2026-06-26 04:20,CLOSED,GOVIND NAGAR,GOVIND NAGAR SUBDIVISION,DIVISION-4,ZONE-2,CIRCLE-2,Meter Related,K. Pandey
KS06252611048,1089248280,"load enhancement ke liye request diya tha, koi update nahi mila",2026-06-25 12:42,2026-06-29 06:42,CLOSED,ARYA NAGAR,ARYA NAGAR SUBDIVISION,DIVISION-2,ZONE-1,CIRCLE-1,New Connection,R. Kashyap
KS06252612141,1021193531,"voltage up-down ho raha hai lagatar, appliances damage ho rahe hain",2026-06-25 13:00,2026-06-28 03:00,CLOSED,RING ROAD,RING ROAD SUBDIVISION,DIVISION-1,ZONE-1,CIRCLE-1,Voltage Fluctuation,L. Awasthi
KS06252612125,1056922800,"11KV line mein fault aa gaya hai, 6 ghante se bijli band hai poore ilake mein",2026-06-25 13:08,2026-06-26 02:08,CLOSED,DADA NAGAR,DADA NAGAR SUBDIVISION,DIVISION-5,ZONE-2,CIRCLE-3,11KV Line Fault,S. Tiwari
KS06252611051,1077205853,"24 ghante se zyada ho gaye bijli gayi hue, ghar mein pani bhi nahi aa raha pump ke bina",2026-06-25 13:10,2026-06-26 05:10,CLOSED,BARRA,BARRA SUBDIVISION,DIVISION-5,ZONE-2,CIRCLE-3,Supply Related (Miscellaneous),P. Kumar
KS06252610022,1099085053,"fuse off ho gaya hai kal raat se, poori gali mein andhera hai",2026-06-25 13:10,2026-06-26 02:10,CLOSED,HARRISGANJ,HARRISGANJ SUBDIVISION,DIVISION-1,ZONE-1,CIRCLE-1,Fuse Off Call (FOC),D. Yadav
KS06252610791,1071471345,"voltage up-down ho raha hai lagatar, appliances damage ho rahe hain",2026-06-25 13:25,2026-06-27 16:25,CLOSED,BARRA,BARRA SUBDIVISION,DIVISION-5,ZONE-2,CIRCLE-3,Voltage Fluctuation,N. Srivastava
KS06252610094,1096642904,line fault ke karan pura substation area mein supply thap ho gayi hai,2026-06-25 13:25,2026-06-25 18:25,CLOSED,HARRISGANJ,HARRISGANJ SUBDIVISION,DIVISION-1,ZONE-1,CIRCLE-1,11KV Line Fault,K. Pandey
KS06252610759,1048969838,low voltage ki wajah se motor start nahi ho pa rahi hai,2026-06-25 13:37,2026-06-28 07:37,CLOSED,RING ROAD,RING ROAD SUBDIVISION,DIVISION-1,ZONE-1,CIRCLE-1,Voltage Fluctuation,P. Kumar
KS06252611862,1085364512,"line ka fuse udh gaya tez hawa mein, dobara nahi laga abhi tak",2026-06-25 13:43,2026-06-28 01:43,CLOSED,COLONELGANJ,COLONELGANJ SUBDIVISION,DIVISION-1,ZONE-1,CIRCLE-1,Fuse Off Call (FOC),R. Kashyap
KS06252611901,1085297666,"transformer mein aag lag gayi aur dhuaan nikal raha hai, poori colony andhere mein hai",2026-06-25 13:43,2026-06-25 14:43,CLOSED,TATMILL,TATMILL SUBDIVISION,DIVISION-3,ZONE-2,CIRCLE-2,DT Damaged/DT Fuse Burnt/Fire on DT,V. Mishra
KS06252610611,1079535379,meter ki reading bahut zyada aa rahi hai jabki consumption kam hua hai is mahine,2026-06-25 13:53,,PENDING,RAWATPUR,RAWATPUR SUBDIVISION,DIVISION-3,ZONE-2,CIRCLE-2,Meter Related,A. Hussain
KS06252610696,1023589381,"pichle bill mein galat amount charge hua hai, correction chahiye",2026-06-25 14:45,2026-06-27 10:45,CLOSED,YASHODA NAGAR,YASHODA NAGAR SUBDIVISION,DIVISION-4,ZONE-2,CIRCLE-2,Billing Related,N. Srivastava
KS06252612098,1018995666,"aspatal mein 20 ghante se bijli nahi hai, generator ka diesel bhi khatam hone wala hai",2026-06-25 15:07,2026-06-26 08:07,CLOSED,SWAROOP NAGAR,SWAROOP NAGAR SUBDIVISION,DIVISION-2,ZONE-1,CIRCLE-1,Supply Related (Miscellaneous),A. Hussain
KS06252612278,1039320244,"load enhancement ke liye request diya tha, koi update nahi mila",2026-06-25 15:30,2026-07-05 01:30,CLOSED,PANKI,PANKI SUBDIVISION,DIVISION-5,ZONE-2,CIRCLE-3,New Connection,R. Kashyap
KS06252610351,1086828559,"aspatal mein 20 ghante se bijli nahi hai, generator ka diesel bhi khatam hone wala hai",2026-06-25 15:35,2026-06-26 05:35,CLOSED,YASHODA NAGAR,YASHODA NAGAR SUBDIVISION,DIVISION-4,ZONE-2,CIRCLE-2,Supply Related (Miscellaneous),S. Tiwari
KS06252610240,1089854904,"bill time par nahi mila is baar, late fee lag gayi hai bina wajah",2026-06-25 15:40,2026-07-01 11:40,CLOSED,GOVIND NAGAR,GOVIND NAGAR SUBDIVISION,DIVISION-4,ZONE-2,CIRCLE-2,Billing Related,P. Kumar
KS06252612053,1072349440,"load enhancement ke liye request diya tha, koi update nahi mila",2026-06-25 15:51,,PENDING,PANKI,PANKI SUBDIVISION,DIVISION-5,ZONE-2,CIRCLE-3,New Connection,L. Awasthi
KS06252611139,1040724064,"digital meter display kaam nahi kar raha, kuch bhi nahi dikh raha screen par",2026-06-25 15:56,2026-06-28 02:56,CLOSED,PANKI,PANKI SUBDIVISION,DIVISION-5,ZONE-2,CIRCLE-3,Meter Related,A. Hussain
KS06252611222,1051634004,"load enhancement ke liye request diya tha, koi update nahi mila",2026-06-25 16:02,,PENDING,PANKI,PANKI SUBDIVISION,DIVISION-5,ZONE-2,CIRCLE-3,New Connection,M. Verma
KS06252611196,1068621564,"transformer bahut garam ho raha hai aur buzzing sound aa rahi hai, overload lag raha hai",2026-06-25 16:08,2026-06-26 02:08,CLOSED,ARYA NAGAR,ARYA NAGAR SUBDIVISION,DIVISION-2,ZONE-1,CIRCLE-1,Overloading,N. Srivastava
KS06252610038,1084564489,gर्मी mein overloading ki wajah se baar baar trip ho raha hai transformer,2026-06-25 16:40,2026-06-26 09:40,CLOSED,JAJMAU,JAJMAU SUBDIVISION,DIVISION-3,ZONE-2,CIRCLE-2,Overloading,V. Mishra
KS06252610897,1080824701,"aspatal mein 20 ghante se bijli nahi hai, generator ka diesel bhi khatam hone wala hai",2026-06-25 17:06,2026-06-25 23:06,CLOSED,TATMILL,TATMILL SUBDIVISION,DIVISION-3,ZONE-2,CIRCLE-2,Supply Related (Miscellaneous),D. Yadav
KS06252612276,1066457919,"voltage up-down ho raha hai lagatar, appliances damage ho rahe hain",2026-06-25 17:28,,PENDING,GOVIND NAGAR,GOVIND NAGAR SUBDIVISION,DIVISION-4,ZONE-2,CIRCLE-2,Voltage Fluctuation,B. Gupta
KS06252611942,1087676054,low voltage ki wajah se motor start nahi ho pa rahi hai,2026-06-25 17:49,2026-06-26 18:49,CLOSED,RING ROAD,RING ROAD SUBDIVISION,DIVISION-1,ZONE-1,CIRCLE-1,Voltage Fluctuation,B. Gupta
KS06252610353,1068621564,naya meter lagne ke baad se reading galat aa rahi hai har mahine,2026-06-25 17:56,2026-06-26 18:56,CLOSED,KAKADEO,KAKADEO SUBDIVISION,DIVISION-4,ZONE-2,CIRCLE-2,Meter Related,K. Pandey
KS06252610058,1056491704,"24 ghante se zyada ho gaye bijli gayi hue, ghar mein pani bhi nahi aa raha pump ke bina",2026-06-25 18:00,2026-06-26 05:00,CLOSED,RAWATPUR,RAWATPUR SUBDIVISION,DIVISION-3,ZONE-2,CIRCLE-2,Supply Related (Miscellaneous),A. Hussain
KS06252612031,1096642904,low voltage ki wajah se motor start nahi ho pa rahi hai,2026-06-25 18:01,2026-06-26 10:01,CLOSED,KAKADEO,KAKADEO SUBDIVISION,DIVISION-4,ZONE-2,CIRCLE-2,Voltage Fluctuation,J. Singh
KS06252611336,1054321662,"aspatal mein 20 ghante se bijli nahi hai, generator ka diesel bhi khatam hone wala hai",2026-06-25 18:14,2026-06-26 06:14,CLOSED,DADA NAGAR,DADA NAGAR SUBDIVISION,DIVISION-5,ZONE-2,CIRCLE-3,Supply Related (Miscellaneous),M. Verma
KS06252610383,1057394588,"voltage bahut kam hai, sirf 180 volt aa raha hai, AC aur fridge kharab ho gaye",2026-06-25 18:22,2026-06-26 14:22,CLOSED,RAWATPUR,RAWATPUR SUBDIVISION,DIVISION-3,ZONE-2,CIRCLE-2,Voltage Fluctuation,D. Yadav
KS06252612360,1082523525,"do mahine ka combined bill aaya hai, samajh nahi aa raha calculation",2026-06-25 18:25,2026-06-28 01:25,CLOSED,GOVIND NAGAR,GOVIND NAGAR SUBDIVISION,DIVISION-4,ZONE-2,CIRCLE-2,Billing Related,L. Awasthi
KS06252611610,1036456442,gर्मी mein overloading ki wajah se baar baar trip ho raha hai transformer,2026-06-25 18:28,2026-06-26 19:28,CLOSED,JAJMAU,JAJMAU SUBDIVISION,DIVISION-3,ZONE-2,CIRCLE-2,Overloading,N. Srivastava
KS06252610538,1064870897,"24 ghante se zyada ho gaye bijli gayi hue, ghar mein pani bhi nahi aa raha pump ke bina",2026-06-25 19:10,2026-06-26 03:10,CLOSED,GOVIND NAGAR,GOVIND NAGAR SUBDIVISION,DIVISION-4,ZONE-2,CIRCLE-2,Supply Related (Miscellaneous),L. Awasthi
KS06252612261,1052807040,"line ka fuse udh gaya tez hawa mein, dobara nahi laga abhi tak",2026-06-25 19:17,2026-06-28 05:17,CLOSED,KAKADEO,KAKADEO SUBDIVISION,DIVISION-4,ZONE-2,CIRCLE-2,Fuse Off Call (FOC),J. Singh
KS06252611029,1084623543,"11KV line mein fault aa gaya hai, 6 ghante se bijli band hai poore ilake mein",2026-06-25 19:30,2026-06-26 14:30,CLOSED,RAWATPUR,RAWATPUR SUBDIVISION,DIVISION-3,ZONE-2,CIRCLE-2,11KV Line Fault,J. Singh
KS06252611665,1096363662,temporary connection ki application pending hai construction site ke liye,2026-06-25 19:39,,PENDING,HARRISGANJ,HARRISGANJ SUBDIVISION,DIVISION-1,ZONE-1,CIRCLE-1,New Connection,P. Kumar
KS06252612239,1029321132,low voltage ki wajah se motor start nahi ho pa rahi hai,2026-06-25 19:52,2026-06-26 12:52,CLOSED,DADA NAGAR,DADA NAGAR SUBDIVISION,DIVISION-5,ZONE-2,CIRCLE-3,Voltage Fluctuation,K. Pandey
KS06252611231,1013049001,naya meter lagne ke baad se reading galat aa rahi hai har mahine,2026-06-25 21:06,,PENDING,SWAROOP NAGAR,SWAROOP NAGAR SUBDIVISION,DIVISION-2,ZONE-1,CIRCLE-1,Meter Related,V. Mishra
KS06252611707,1088963020,low voltage ki wajah se motor start nahi ho pa rahi hai,2026-06-25 21:16,,PENDING,KIDWAI NAGAR,KIDWAI NAGAR SUBDIVISION,DIVISION-2,ZONE-1,CIRCLE-1,Voltage Fluctuation,B. Gupta
KS06252611045,1079901980,"11KV line mein fault aa gaya hai, 6 ghante se bijli band hai poore ilake mein",2026-06-25 21:36,,PENDING,JAJMAU,JAJMAU SUBDIVISION,DIVISION-3,ZONE-2,CIRCLE-2,11KV Line Fault,B. Gupta
KS06252610465,1030550260,"digital meter display kaam nahi kar raha, kuch bhi nahi dikh raha screen par",2026-06-25 21:43,,PENDING,TATMILL,TATMILL SUBDIVISION,DIVISION-3,ZONE-2,CIRCLE-2,Meter Related,B. Gupta
KS06252610800,1059512209,"bill time par nahi mila is baar, late fee lag gayi hai bina wajah",2026-06-25 22:02,2026-07-02 22:02,CLOSED,SWAROOP NAGAR,SWAROOP NAGAR SUBDIVISION,DIVISION-2,ZONE-1,CIRCLE-1,Billing Related,L. Awasthi
KS06252611044,1027983750,"transformer mein aag lag gayi aur dhuaan nikal raha hai, poori colony andhere mein hai",2026-06-25 22:38,,PENDING,SWAROOP NAGAR,SWAROOP NAGAR SUBDIVISION,DIVISION-2,ZONE-1,CIRCLE-1,DT Damaged/DT Fuse Burnt/Fire on DT,K. Pandey
KS06252610257,1060182514,"khuli taar se sparking ho rahi hai road ke pass, karnt lagne ka khatra hai",2026-06-25 22:51,2026-06-26 05:51,CLOSED,RING ROAD,RING ROAD SUBDIVISION,DIVISION-1,ZONE-1,CIRCLE-1,Wire Snapping/Pole Fault,A. Hussain
KS06252610525,1061037834,"high tension line mein kharabi hai, JE sahab abhi tak nahi aaye",2026-06-25 23:19,,PENDING,TATMILL,TATMILL SUBDIVISION,DIVISION-3,ZONE-2,CIRCLE-2,11KV Line Fault,P. Kumar
KS06252610775,1091317771,temporary connection ki application pending hai construction site ke liye,2026-06-25 23:29,2026-07-04 07:29,CLOSED,VIKAS NAGAR,VIKAS NAGAR SUBDIVISION,DIVISION-5,ZONE-2,CIRCLE-3,New Connection,S. Tiwari
KS06262611255,1083605177,temporary connection ki application pending hai construction site ke liye,2026-06-26 02:05,,PENDING,KAKADEO,KAKADEO SUBDIVISION,DIVISION-4,ZONE-2,CIRCLE-2,New Connection,S. Tiwari
KS06262610474,1069090718,"transformer bahut garam ho raha hai aur buzzing sound aa rahi hai, overload lag raha hai",2026-06-26 03:18,2026-06-26 20:18,CLOSED,ARYA NAGAR,ARYA NAGAR SUBDIVISION,DIVISION-2,ZONE-1,CIRCLE-1,Overloading,L. Awasthi
KS06262611581,1077590786,"11KV line mein fault aa gaya hai, 6 ghante se bijli band hai poore ilake mein",2026-06-26 03:23,2026-06-27 08:23,CLOSED,RAWATPUR,RAWATPUR SUBDIVISION,DIVISION-3,ZONE-2,CIRCLE-2,11KV Line Fault,B. Gupta
KS06262610738,1048993264,"high tension line mein kharabi hai, JE sahab abhi tak nahi aaye",2026-06-26 04:35,2026-06-26 16:35,CLOSED,PANKI,PANKI SUBDIVISION,DIVISION-5,ZONE-2,CIRCLE-3,11KV Line Fault,V. Mishra
KS06262611948,1054321662,"DT mein blast ho gaya, chingari nikal rahi hai, log dar ke maare ghar se bahar hain",2026-06-26 04:53,2026-06-26 06:53,CLOSED,RING ROAD,RING ROAD SUBDIVISION,DIVISION-1,ZONE-1,CIRCLE-1,DT Damaged/DT Fuse Burnt/Fire on DT,P. Kumar
KS06262612250,1054244929,"voltage bahut kam hai, sirf 180 volt aa raha hai, AC aur fridge kharab ho gaye",2026-06-26 05:08,,PENDING,BARRA,BARRA SUBDIVISION,DIVISION-5,ZONE-2,CIRCLE-3,Voltage Fluctuation,B. Gupta
KS06262612048,1023189214,"aspatal mein 20 ghante se bijli nahi hai, generator ka diesel bhi khatam hone wala hai",2026-06-26 05:34,2026-06-27 00:34,CLOSED,KAKADEO,KAKADEO SUBDIVISION,DIVISION-4,ZONE-2,CIRCLE-2,Supply Related (Miscellaneous),N. Srivastava
KS06262610593,1085996774,meter ki reading bahut zyada aa rahi hai jabki consumption kam hua hai is mahine,2026-06-26 05:59,2026-06-27 20:59,CLOSED,DADA NAGAR,DADA NAGAR SUBDIVISION,DIVISION-5,ZONE-2,CIRCLE-3,Meter Related,J. Singh
KS06262612325,1078991298,"DT ka fuse baar baar gir raha hai, substation wale theek nahi karte, 3 baar shikayat kar chuke hain",2026-06-26 06:10,2026-06-26 20:10,CLOSED,HARRISGANJ,HARRISGANJ SUBDIVISION,DIVISION-1,ZONE-1,CIRCLE-1,Fuse Off Call (FOC),A. Hussain
KS06262611614,1046373816,"pichle bill mein galat amount charge hua hai, correction chahiye",2026-06-26 07:28,,PENDING,RAWATPUR,RAWATPUR SUBDIVISION,DIVISION-3,ZONE-2,CIRCLE-2,Billing Related,M. Verma
KS06262610818,1014992395,naya meter lagne ke baad se reading galat aa rahi hai har mahine,2026-06-26 08:06,2026-06-28 18:06,CLOSED,DADA NAGAR,DADA NAGAR SUBDIVISION,DIVISION-5,ZONE-2,CIRCLE-3,Meter Related,R. Kashyap
KS06262611811,1055876118,"voltage bahut kam hai, sirf 180 volt aa raha hai, AC aur fridge kharab ho gaye",2026-06-26 08:07,2026-06-27 05:07,CLOSED,HARRISGANJ,HARRISGANJ SUBDIVISION,DIVISION-1,ZONE-1,CIRCLE-1,Voltage Fluctuation,M. Verma
KS06262611664,1067353386,temporary connection ki application pending hai construction site ke liye,2026-06-26 08:17,,PENDING,YASHODA NAGAR,YASHODA NAGAR SUBDIVISION,DIVISION-4,ZONE-2,CIRCLE-2,New Connection,D. Yadav
KS06262612497,1011968993,"transformer bahut garam ho raha hai aur buzzing sound aa rahi hai, overload lag raha hai",2026-06-26 08:18,2026-06-26 20:18,CLOSED,BARRA,BARRA SUBDIVISION,DIVISION-5,ZONE-2,CIRCLE-3,Overloading,S. Tiwari
KS06262612032,1054935222,"11KV line mein fault aa gaya hai, 6 ghante se bijli band hai poore ilake mein",2026-06-26 08:48,2026-06-26 10:48,CLOSED,DADA NAGAR,DADA NAGAR SUBDIVISION,DIVISION-5,ZONE-2,CIRCLE-3,11KV Line Fault,N. Srivastava
KS06262611453,1065590250,"DT ka fuse baar baar gir raha hai, substation wale theek nahi karte, 3 baar shikayat kar chuke hain",2026-06-26 08:58,2026-06-27 04:58,CLOSED,DADA NAGAR,DADA NAGAR SUBDIVISION,DIVISION-5,ZONE-2,CIRCLE-3,Fuse Off Call (FOC),A. Hussain
KS06262610921,1051734775,"naye ghar ke liye connection application diye hue ek mahina ho gaya hai, abhi tak survey nahi hua",2026-06-26 08:59,,PENDING,BARRA,BARRA SUBDIVISION,DIVISION-5,ZONE-2,CIRCLE-3,New Connection,N. Srivastava
KS06262612117,1071471345,"transformer mein aag lag gayi aur dhuaan nikal raha hai, poori colony andhere mein hai",2026-06-26 09:07,2026-06-26 14:07,CLOSED,PANKI,PANKI SUBDIVISION,DIVISION-5,ZONE-2,CIRCLE-3,DT Damaged/DT Fuse Burnt/Fire on DT,S. Tiwari
KS06262611754,1056491704,line fault ke karan pura substation area mein supply thap ho gayi hai,2026-06-26 09:24,2026-06-27 05:24,CLOSED,KIDWAI NAGAR,KIDWAI NAGAR SUBDIVISION,DIVISION-2,ZONE-1,CIRCLE-1,11KV Line Fault,L. Awasthi
KS06262611404,1033120538,"24 ghante se zyada ho gaye bijli gayi hue, ghar mein pani bhi nahi aa raha pump ke bina",2026-06-26 09:36,2026-06-27 06:36,CLOSED,JAJMAU,JAJMAU SUBDIVISION,DIVISION-3,ZONE-2,CIRCLE-2,Supply Related (Miscellaneous),D. Yadav
KS06262612195,1047008285,"pichle bill mein galat amount charge hua hai, correction chahiye",2026-06-26 09:38,2026-07-02 10:38,CLOSED,DADA NAGAR,DADA NAGAR SUBDIVISION,DIVISION-5,ZONE-2,CIRCLE-3,Billing Related,D. Yadav
KS06262610975,1047336680,naya meter lagne ke baad se reading galat aa rahi hai har mahine,2026-06-26 10:14,2026-06-28 22:14,CLOSED,SWAROOP NAGAR,SWAROOP NAGAR SUBDIVISION,DIVISION-2,ZONE-1,CIRCLE-1,Meter Related,M. Verma
KS06262610103,1053737002,"line ka fuse udh gaya tez hawa mein, dobara nahi laga abhi tak",2026-06-26 10:17,2026-06-27 20:17,CLOSED,PANKI,PANKI SUBDIVISION,DIVISION-5,ZONE-2,CIRCLE-3,Fuse Off Call (FOC),J. Singh
KS06262612102,1054935222,"bill time par nahi mila is baar, late fee lag gayi hai bina wajah",2026-06-26 10:31,,PENDING,GOVIND NAGAR,GOVIND NAGAR SUBDIVISION,DIVISION-4,ZONE-2,CIRCLE-2,Billing Related,S. Tiwari
KS06262612108,1095792820,line fault ke karan pura substation area mein supply thap ho gayi hai,2026-06-26 10:33,2026-06-27 09:33,CLOSED,ARYA NAGAR,ARYA NAGAR SUBDIVISION,DIVISION-2,ZONE-1,CIRCLE-1,11KV Line Fault,L. Awasthi
KS06262611669,1030389322,temporary connection ki application pending hai construction site ke liye,2026-06-26 10:33,,PENDING,KAKADEO,KAKADEO SUBDIVISION,DIVISION-4,ZONE-2,CIRCLE-2,New Connection,L. Awasthi
KS06262610519,1025923469,"do mahine ka combined bill aaya hai, samajh nahi aa raha calculation",2026-06-26 10:43,2026-07-02 21:43,CLOSED,COLONELGANJ,COLONELGANJ SUBDIVISION,DIVISION-1,ZONE-1,CIRCLE-1,Billing Related,A. Hussain
KS06262611057,1048851296,"poore mohalle mein pichle 18 ghanto se supply band hai, bachche aur budhe pareshan hain",2026-06-26 11:54,2026-06-27 01:54,CLOSED,KAKADEO,KAKADEO SUBDIVISION,DIVISION-4,ZONE-2,CIRCLE-2,Supply Related (Miscellaneous),V. Mishra
KS06262612409,1056491704,"DT ka fuse baar baar gir raha hai, substation wale theek nahi karte, 3 baar shikayat kar chuke hain",2026-06-26 12:17,2026-06-29 00:17,CLOSED,HARRISGANJ,HARRISGANJ SUBDIVISION,DIVISION-1,ZONE-1,CIRCLE-1,Fuse Off Call (FOC),M. Verma
KS06262611178,1077205853,gर्मी mein overloading ki wajah se baar baar trip ho raha hai transformer,2026-06-26 12:29,2026-06-27 05:29,CLOSED,RING ROAD,RING ROAD SUBDIVISION,DIVISION-1,ZONE-1,CIRCLE-1,Overloading,D. Yadav
KS06262610902,1022404219,"transformer mein aag lag gayi aur dhuaan nikal raha hai, poori colony andhere mein hai",2026-06-26 12:31,2026-06-26 14:31,CLOSED,PANKI,PANKI SUBDIVISION,DIVISION-5,ZONE-2,CIRCLE-3,DT Damaged/DT Fuse Burnt/Fire on DT,A. Hussain
KS06262610426,1056264337,"DT se lagatar humming noise aa rahi hai, sabko lagta hai kabhi bhi phat sakta hai",2026-06-26 12:39,2026-06-27 16:39,CLOSED,ARYA NAGAR,ARYA NAGAR SUBDIVISION,DIVISION-2,ZONE-1,CIRCLE-1,Overloading,D. Yadav
KS06262610171,1015118911,low voltage ki wajah se motor start nahi ho pa rahi hai,2026-06-26 12:39,2026-06-28 18:39,CLOSED,PANKI,PANKI SUBDIVISION,DIVISION-5,ZONE-2,CIRCLE-3,Voltage Fluctuation,J. Singh
KS06262611906,1051718089,low voltage ki wajah se motor start nahi ho pa rahi hai,2026-06-26 13:12,2026-06-28 12:12,CLOSED,RING ROAD,RING ROAD SUBDIVISION,DIVISION-1,ZONE-1,CIRCLE-1,Voltage Fluctuation,R. Kashyap
KS06262610640,1025713056,"bill time par nahi mila is baar, late fee lag gayi hai bina wajah",2026-06-26 13:13,,PENDING,ARYA NAGAR,ARYA NAGAR SUBDIVISION,DIVISION-2,ZONE-1,CIRCLE-1,Billing Related,P. Kumar
KS06262610490,1052469263,"bill time par nahi mila is baar, late fee lag gayi hai bina wajah",2026-06-26 13:20,,PENDING,HARRISGANJ,HARRISGANJ SUBDIVISION,DIVISION-1,ZONE-1,CIRCLE-1,Billing Related,J. Singh
KS06262612335,1026799589,meter ki reading bahut zyada aa rahi hai jabki consumption kam hua hai is mahine,2026-06-26 13:21,2026-06-29 10:21,CLOSED,VIKAS NAGAR,VIKAS NAGAR SUBDIVISION,DIVISION-5,ZONE-2,CIRCLE-3,Meter Related,V. Mishra
KS06262611137,1045645872,"voltage up-down ho raha hai lagatar, appliances damage ho rahe hain",2026-06-26 13:26,2026-06-27 13:26,CLOSED,KAKADEO,KAKADEO SUBDIVISION,DIVISION-4,ZONE-2,CIRCLE-2,Voltage Fluctuation,R. Kashyap
KS06262611530,1024688601,"11KV line mein fault aa gaya hai, 6 ghante se bijli band hai poore ilake mein",2026-06-26 13:42,2026-06-27 06:42,CLOSED,RAWATPUR,RAWATPUR SUBDIVISION,DIVISION-3,ZONE-2,CIRCLE-2,11KV Line Fault,D. Yadav
KS06262610144,1013712772,"voltage up-down ho raha hai lagatar, appliances damage ho rahe hain",2026-06-26 14:01,,PENDING,VIKAS NAGAR,VIKAS NAGAR SUBDIVISION,DIVISION-5,ZONE-2,CIRCLE-3,Voltage Fluctuation,V. Mishra
KS06262611414,1024688601,"aspatal mein 20 ghante se bijli nahi hai, generator ka diesel bhi khatam hone wala hai",2026-06-26 14:02,2026-06-27 16:02,CLOSED,YASHODA NAGAR,YASHODA NAGAR SUBDIVISION,DIVISION-4,ZONE-2,CIRCLE-2,Supply Related (Miscellaneous),R. Kashyap
KS06262611390,1033543717,"line ka fuse udh gaya tez hawa mein, dobara nahi laga abhi tak",2026-06-26 14:19,2026-06-27 21:19,CLOSED,DADA NAGAR,DADA NAGAR SUBDIVISION,DIVISION-5,ZONE-2,CIRCLE-3,Fuse Off Call (FOC),N. Srivastava
KS06262610039,1085297666,meter ki reading bahut zyada aa rahi hai jabki consumption kam hua hai is mahine,2026-06-26 14:27,2026-06-29 05:27,CLOSED,RING ROAD,RING ROAD SUBDIVISION,DIVISION-1,ZONE-1,CIRCLE-1,Meter Related,V. Mishra
KS06262611643,1062379920,"24 ghante se zyada ho gaye bijli gayi hue, ghar mein pani bhi nahi aa raha pump ke bina",2026-06-26 14:39,2026-06-27 11:39,CLOSED,RAWATPUR,RAWATPUR SUBDIVISION,DIVISION-3,ZONE-2,CIRCLE-2,Supply Related (Miscellaneous),D. Yadav
KS06262611286,1022896134,"high tension line mein kharabi hai, JE sahab abhi tak nahi aaye",2026-06-26 14:43,2026-06-27 16:43,CLOSED,PANKI,PANKI SUBDIVISION,DIVISION-5,ZONE-2,CIRCLE-3,11KV Line Fault,R. Kashyap
KS06262611322,1071987698,"DT mein blast ho gaya, chingari nikal rahi hai, log dar ke maare ghar se bahar hain",2026-06-26 15:12,,PENDING,DADA NAGAR,DADA NAGAR SUBDIVISION,DIVISION-5,ZONE-2,CIRCLE-3,DT Damaged/DT Fuse Burnt/Fire on DT,D. Yadav
KS06262610280,1095544663,"transformer se dhuaan aur jalne ki smell aa rahi hai, turant madad chahiye",2026-06-26 15:20,2026-06-26 17:20,CLOSED,KAKADEO,KAKADEO SUBDIVISION,DIVISION-4,ZONE-2,CIRCLE-2,DT Damaged/DT Fuse Burnt/Fire on DT,K. Pandey
KS06262611719,1038462747,"pichle bill mein galat amount charge hua hai, correction chahiye",2026-06-26 15:25,2026-06-28 03:25,CLOSED,KIDWAI NAGAR,KIDWAI NAGAR SUBDIVISION,DIVISION-2,ZONE-1,CIRCLE-1,Billing Related,P. Kumar
KS06262610954,1051107103,"line ka fuse udh gaya tez hawa mein, dobara nahi laga abhi tak",2026-06-26 15:33,2026-06-28 23:33,CLOSED,DADA NAGAR,DADA NAGAR SUBDIVISION,DIVISION-5,ZONE-2,CIRCLE-3,Fuse Off Call (FOC),A. Hussain
KS06262610638,1062584647,"bill time par nahi mila is baar, late fee lag gayi hai bina wajah",2026-06-26 15:44,2026-07-05 10:44,CLOSED,YASHODA NAGAR,YASHODA NAGAR SUBDIVISION,DIVISION-4,ZONE-2,CIRCLE-2,Billing Related,M. Verma
KS06262611105,1064355019,"pichle bill mein galat amount charge hua hai, correction chahiye",2026-06-26 15:45,2026-07-03 13:45,CLOSED,HARRISGANJ,HARRISGANJ SUBDIVISION,DIVISION-1,ZONE-1,CIRCLE-1,Billing Related,N. Srivastava
KS06262611174,1080448520,"voltage up-down ho raha hai lagatar, appliances damage ho rahe hain",2026-06-26 16:09,,PENDING,GOVIND NAGAR,GOVIND NAGAR SUBDIVISION,DIVISION-4,ZONE-2,CIRCLE-2,Voltage Fluctuation,V. Mishra
KS06262610502,1056491704,"fuse off ho gaya hai kal raat se, poori gali mein andhera hai",2026-06-26 16:11,2026-06-29 00:11,CLOSED,SWAROOP NAGAR,SWAROOP NAGAR SUBDIVISION,DIVISION-2,ZONE-1,CIRCLE-1,Fuse Off Call (FOC),R. Kashyap
KS06262612028,1034947832,"voltage up-down ho raha hai lagatar, appliances damage ho rahe hain",2026-06-26 16:13,2026-06-28 21:13,CLOSED,SWAROOP NAGAR,SWAROOP NAGAR SUBDIVISION,DIVISION-2,ZONE-1,CIRCLE-1,Voltage Fluctuation,D. Yadav
KS06262610469,1094335644,"voltage up-down ho raha hai lagatar, appliances damage ho rahe hain",2026-06-26 16:27,,PENDING,SWAROOP NAGAR,SWAROOP NAGAR SUBDIVISION,DIVISION-2,ZONE-1,CIRCLE-1,Voltage Fluctuation,D. Yadav
KS06262611574,1051634004,"11KV ki taar sadak par gir gayi hai, log ke pass se guzar rahe hain, koi accident na ho jaye",2026-06-26 16:46,2026-06-26 23:46,CLOSED,COLONELGANJ,COLONELGANJ SUBDIVISION,DIVISION-1,ZONE-1,CIRCLE-1,Wire Snapping/Pole Fault,P. Kumar
KS06262610165,1027808126,"11KV line mein fault aa gaya hai, 6 ghante se bijli band hai poore ilake mein",2026-06-26 17:11,2026-06-27 09:11,CLOSED,GOVIND NAGAR,GOVIND NAGAR SUBDIVISION,DIVISION-4,ZONE-2,CIRCLE-2,11KV Line Fault,S. Tiwari
KS06262610446,1077774487,"DT ka fuse baar baar gir raha hai, substation wale theek nahi karte, 3 baar shikayat kar chuke hain",2026-06-26 17:24,2026-06-27 08:24,CLOSED,YASHODA NAGAR,YASHODA NAGAR SUBDIVISION,DIVISION-4,ZONE-2,CIRCLE-2,Fuse Off Call (FOC),N. Srivastava
KS06262611088,1086060854,"voltage bahut kam hai, sirf 180 volt aa raha hai, AC aur fridge kharab ho gaye",2026-06-26 17:52,,PENDING,COLONELGANJ,COLONELGANJ SUBDIVISION,DIVISION-1,ZONE-1,CIRCLE-1,Voltage Fluctuation,K. Pandey
KS06262610157,1073680424,meter ki reading bahut zyada aa rahi hai jabki consumption kam hua hai is mahine,2026-06-26 18:00,,PENDING,JAJMAU,JAJMAU SUBDIVISION,DIVISION-3,ZONE-2,CIRCLE-2,Meter Related,M. Verma
KS06262612027,1065813198,line fault ke karan pura substation area mein supply thap ho gayi hai,2026-06-26 18:17,2026-06-27 17:17,CLOSED,TATMILL,TATMILL SUBDIVISION,DIVISION-3,ZONE-2,CIRCLE-2,11KV Line Fault,M. Verma
KS06262610277,1065405341,"voltage bahut kam hai, sirf 180 volt aa raha hai, AC aur fridge kharab ho gaye",2026-06-26 18:28,2026-06-28 17:28,CLOSED,JAJMAU,JAJMAU SUBDIVISION,DIVISION-3,ZONE-2,CIRCLE-2,Voltage Fluctuation,S. Tiwari
KS06262610301,1025290217,"aspatal mein 20 ghante se bijli nahi hai, generator ka diesel bhi khatam hone wala hai",2026-06-26 18:32,2026-06-27 19:32,CLOSED,ARYA NAGAR,ARYA NAGAR SUBDIVISION,DIVISION-2,ZONE-1,CIRCLE-1,Supply Related (Miscellaneous),P. Kumar
KS06262610929,1099103063,"bill time par nahi mila is baar, late fee lag gayi hai bina wajah",2026-06-26 18:50,2026-06-29 08:50,CLOSED,HARRISGANJ,HARRISGANJ SUBDIVISION,DIVISION-1,ZONE-1,CIRCLE-1,Billing Related,K. Pandey
KS06262610626,1040068447,"bill time par nahi mila is baar, late fee lag gayi hai bina wajah",2026-06-26 18:59,2026-07-03 02:59,CLOSED,KAKADEO,KAKADEO SUBDIVISION,DIVISION-4,ZONE-2,CIRCLE-2,Billing Related,R. Kashyap
KS06262611338,1084617881,"load enhancement ke liye request diya tha, koi update nahi mila",2026-06-26 19:11,2026-07-05 19:11,CLOSED,VIKAS NAGAR,VIKAS NAGAR SUBDIVISION,DIVISION-5,ZONE-2,CIRCLE-3,New Connection,S. Tiwari
KS06262612205,1011887349,naya meter lagne ke baad se reading galat aa rahi hai har mahine,2026-06-26 19:17,,PENDING,BARRA,BARRA SUBDIVISION,DIVISION-5,ZONE-2,CIRCLE-3,Meter Related,S. Tiwari
KS06262610021,1039787034,"11KV line mein fault aa gaya hai, 6 ghante se bijli band hai poore ilake mein",2026-06-26 19:43,2026-06-27 09:43,CLOSED,YASHODA NAGAR,YASHODA NAGAR SUBDIVISION,DIVISION-4,ZONE-2,CIRCLE-2,11KV Line Fault,V. Mishra
KS06262611820,1030402878,"fuse off ho gaya hai kal raat se, poori gali mein andhera hai",2026-06-26 19:49,2026-06-29 05:49,CLOSED,PANKI,PANKI SUBDIVISION,DIVISION-5,ZONE-2,CIRCLE-3,Fuse Off Call (FOC),M. Verma
KS06262611013,1041925278,"fuse off ho gaya hai kal raat se, poori gali mein andhera hai",2026-06-26 19:51,2026-06-27 23:51,CLOSED,VIKAS NAGAR,VIKAS NAGAR SUBDIVISION,DIVISION-5,ZONE-2,CIRCLE-3,Fuse Off Call (FOC),L. Awasthi
KS06262610222,1099321812,meter ki reading bahut zyada aa rahi hai jabki consumption kam hua hai is mahine,2026-06-26 19:54,2026-06-27 04:54,CLOSED,VIKAS NAGAR,VIKAS NAGAR SUBDIVISION,DIVISION-5,ZONE-2,CIRCLE-3,Meter Related,L. Awasthi
KS06262611960,1031067648,meter ki reading bahut zyada aa rahi hai jabki consumption kam hua hai is mahine,2026-06-26 20:00,2026-06-27 05:00,CLOSED,COLONELGANJ,COLONELGANJ SUBDIVISION,DIVISION-1,ZONE-1,CIRCLE-1,Meter Related,M. Verma
KS06262610678,1059512209,"aspatal mein 20 ghante se bijli nahi hai, generator ka diesel bhi khatam hone wala hai",2026-06-26 20:26,2026-06-27 03:26,CLOSED,JAJMAU,JAJMAU SUBDIVISION,DIVISION-3,ZONE-2,CIRCLE-2,Supply Related (Miscellaneous),D. Yadav
KS06262610062,1049986788,low voltage ki wajah se motor start nahi ho pa rahi hai,2026-06-26 20:52,2026-06-28 04:52,CLOSED,RAWATPUR,RAWATPUR SUBDIVISION,DIVISION-3,ZONE-2,CIRCLE-2,Voltage Fluctuation,B. Gupta
KS06262612317,1032253091,"do mahine ka combined bill aaya hai, samajh nahi aa raha calculation",2026-06-26 20:52,2026-06-30 20:52,CLOSED,VIKAS NAGAR,VIKAS NAGAR SUBDIVISION,DIVISION-5,ZONE-2,CIRCLE-3,Billing Related,N. Srivastava
KS06262611345,1038344687,naya meter lagne ke baad se reading galat aa rahi hai har mahine,2026-06-26 21:15,2026-06-29 00:15,CLOSED,PANKI,PANKI SUBDIVISION,DIVISION-5,ZONE-2,CIRCLE-3,Meter Related,R. Kashyap
KS06262610073,1084623543,"transformer bahut garam ho raha hai aur buzzing sound aa rahi hai, overload lag raha hai",2026-06-26 21:17,2026-06-27 08:17,CLOSED,COLONELGANJ,COLONELGANJ SUBDIVISION,DIVISION-1,ZONE-1,CIRCLE-1,Overloading,L. Awasthi
KS06262610065,1099378896,"voltage up-down ho raha hai lagatar, appliances damage ho rahe hain",2026-06-26 21:42,,PENDING,KAKADEO,KAKADEO SUBDIVISION,DIVISION-4,ZONE-2,CIRCLE-2,Voltage Fluctuation,P. Kumar
KS06262612207,1083425741,"voltage bahut kam hai, sirf 180 volt aa raha hai, AC aur fridge kharab ho gaye",2026-06-26 21:43,2026-06-27 22:43,CLOSED,RING ROAD,RING ROAD SUBDIVISION,DIVISION-1,ZONE-1,CIRCLE-1,Voltage Fluctuation,J. Singh
KS06262611312,1026487459,naya meter lagne ke baad se reading galat aa rahi hai har mahine,2026-06-26 21:47,2026-06-27 07:47,CLOSED,KIDWAI NAGAR,KIDWAI NAGAR SUBDIVISION,DIVISION-2,ZONE-1,CIRCLE-1,Meter Related,D. Yadav
KS06262610852,1093704835,temporary connection ki application pending hai construction site ke liye,2026-06-26 22:05,2026-06-29 09:05,CLOSED,GOVIND NAGAR,GOVIND NAGAR SUBDIVISION,DIVISION-4,ZONE-2,CIRCLE-2,New Connection,V. Mishra
KS06262610893,1016520947,"11KV ki taar sadak par gir gayi hai, log ke pass se guzar rahe hain, koi accident na ho jaye",2026-06-26 22:31,2026-06-27 00:31,CLOSED,DADA NAGAR,DADA NAGAR SUBDIVISION,DIVISION-5,ZONE-2,CIRCLE-3,Wire Snapping/Pole Fault,R. Kashyap
KS06262610841,1060258173,"pichle bill mein galat amount charge hua hai, correction chahiye",2026-06-26 22:39,2026-06-29 20:39,CLOSED,HARRISGANJ,HARRISGANJ SUBDIVISION,DIVISION-1,ZONE-1,CIRCLE-1,Billing Related,S. Tiwari
KS06262612079,1026799589,"DT mein blast ho gaya, chingari nikal rahi hai, log dar ke maare ghar se bahar hain",2026-06-26 22:51,2026-06-27 02:51,CLOSED,VIKAS NAGAR,VIKAS NAGAR SUBDIVISION,DIVISION-5,ZONE-2,CIRCLE-3,DT Damaged/DT Fuse Burnt/Fire on DT,P. Kumar
KS06272612252,1030402878,"11KV line mein fault aa gaya hai, 6 ghante se bijli band hai poore ilake mein",2026-06-27 00:17,2026-06-27 05:17,CLOSED,KIDWAI NAGAR,KIDWAI NAGAR SUBDIVISION,DIVISION-2,ZONE-1,CIRCLE-1,11KV Line Fault,S. Tiwari
KS06272611211,1069866609,"do mahine ka combined bill aaya hai, samajh nahi aa raha calculation",2026-06-27 02:11,2026-07-04 10:11,CLOSED,YASHODA NAGAR,YASHODA NAGAR SUBDIVISION,DIVISION-4,ZONE-2,CIRCLE-2,Billing Related,V. Mishra
KS06272611974,1040724064,"poore mohalle mein pichle 18 ghanto se supply band hai, bachche aur budhe pareshan hain",2026-06-27 02:41,2026-06-27 13:41,CLOSED,ARYA NAGAR,ARYA NAGAR SUBDIVISION,DIVISION-2,ZONE-1,CIRCLE-1,Supply Related (Miscellaneous),A. Hussain
KS06272610450,1039081248,"transformer mein aag lag gayi aur dhuaan nikal raha hai, poori colony andhere mein hai",2026-06-27 05:35,2026-06-27 08:35,CLOSED,VIKAS NAGAR,VIKAS NAGAR SUBDIVISION,DIVISION-5,ZONE-2,CIRCLE-3,DT Damaged/DT Fuse Burnt/Fire on DT,J. Singh
KS06272611596,1085227666,"aspatal mein 20 ghante se bijli nahi hai, generator ka diesel bhi khatam hone wala hai",2026-06-27 06:20,2026-06-28 09:20,CLOSED,PANKI,PANKI SUBDIVISION,DIVISION-5,ZONE-2,CIRCLE-3,Supply Related (Miscellaneous),D. Yadav
KS06272611324,1023948665,line fault ke karan pura substation area mein supply thap ho gayi hai,2026-06-27 06:30,2026-06-28 09:30,CLOSED,JAJMAU,JAJMAU SUBDIVISION,DIVISION-3,ZONE-2,CIRCLE-2,11KV Line Fault,J. Singh
KS06272612067,1027802188,"line ka fuse udh gaya tez hawa mein, dobara nahi laga abhi tak",2026-06-27 06:52,2026-06-28 20:52,CLOSED,HARRISGANJ,HARRISGANJ SUBDIVISION,DIVISION-1,ZONE-1,CIRCLE-1,Fuse Off Call (FOC),A. Hussain
KS06272610089,1030550260,low voltage ki wajah se motor start nahi ho pa rahi hai,2026-06-27 07:06,2026-06-28 12:06,CLOSED,TATMILL,TATMILL SUBDIVISION,DIVISION-3,ZONE-2,CIRCLE-2,Voltage Fluctuation,R. Kashyap
KS06272610884,1043995880,"aspatal mein 20 ghante se bijli nahi hai, generator ka diesel bhi khatam hone wala hai",2026-06-27 07:12,2026-06-27 13:12,CLOSED,TATMILL,TATMILL SUBDIVISION,DIVISION-3,ZONE-2,CIRCLE-2,Supply Related (Miscellaneous),D. Yadav
KS06272610332,1099321812,"digital meter display kaam nahi kar raha, kuch bhi nahi dikh raha screen par",2026-06-27 07:24,2026-06-30 05:24,CLOSED,BARRA,BARRA SUBDIVISION,DIVISION-5,ZONE-2,CIRCLE-3,Meter Related,J. Singh
KS06272610384,1033120538,"11KV line mein fault aa gaya hai, 6 ghante se bijli band hai poore ilake mein",2026-06-27 07:48,2026-06-28 12:48,CLOSED,DADA NAGAR,DADA NAGAR SUBDIVISION,DIVISION-5,ZONE-2,CIRCLE-3,11KV Line Fault,B. Gupta
KS06272612408,1099599975,"high tension line mein kharabi hai, JE sahab abhi tak nahi aaye",2026-06-27 08:12,,PENDING,DADA NAGAR,DADA NAGAR SUBDIVISION,DIVISION-5,ZONE-2,CIRCLE-3,11KV Line Fault,K. Pandey
KS06272611205,1082051939,"DT mein blast ho gaya, chingari nikal rahi hai, log dar ke maare ghar se bahar hain",2026-06-27 08:21,2026-06-27 10:21,CLOSED,DADA NAGAR,DADA NAGAR SUBDIVISION,DIVISION-5,ZONE-2,CIRCLE-3,DT Damaged/DT Fuse Burnt/Fire on DT,N. Srivastava
KS06272611219,1088164103,"khuli taar se sparking ho rahi hai road ke pass, karnt lagne ka khatra hai",2026-06-27 08:50,2026-06-27 14:50,CLOSED,GOVIND NAGAR,GOVIND NAGAR SUBDIVISION,DIVISION-4,ZONE-2,CIRCLE-2,Wire Snapping/Pole Fault,S. Tiwari
KS06272610012,1012253618,meter ki reading bahut zyada aa rahi hai jabki consumption kam hua hai is mahine,2026-06-27 09:37,2026-06-29 19:37,CLOSED,KIDWAI NAGAR,KIDWAI NAGAR SUBDIVISION,DIVISION-2,ZONE-1,CIRCLE-1,Meter Related,P. Kumar
KS06272610172,1015517365,gर्मी mein overloading ki wajah se baar baar trip ho raha hai transformer,2026-06-27 09:50,2026-06-27 23:50,CLOSED,JAJMAU,JAJMAU SUBDIVISION,DIVISION-3,ZONE-2,CIRCLE-2,Overloading,S. Tiwari
KS06272611271,1037654380,"high tension line mein kharabi hai, JE sahab abhi tak nahi aaye",2026-06-27 10:06,,PENDING,VIKAS NAGAR,VIKAS NAGAR SUBDIVISION,DIVISION-5,ZONE-2,CIRCLE-3,11KV Line Fault,K. Pandey
KS06272611923,1052886009,line fault ke karan pura substation area mein supply thap ho gayi hai,2026-06-27 10:24,2026-06-27 18:24,CLOSED,DADA NAGAR,DADA NAGAR SUBDIVISION,DIVISION-5,ZONE-2,CIRCLE-3,11KV Line Fault,L. Awasthi
KS06272610634,1092098479,"DT mein blast ho gaya, chingari nikal rahi hai, log dar ke maare ghar se bahar hain",2026-06-27 10:39,2026-06-27 12:39,CLOSED,ARYA NAGAR,ARYA NAGAR SUBDIVISION,DIVISION-2,ZONE-1,CIRCLE-1,DT Damaged/DT Fuse Burnt/Fire on DT,K. Pandey
KS06272610205,1071434277,"DT se lagatar humming noise aa rahi hai, sabko lagta hai kabhi bhi phat sakta hai",2026-06-27 10:50,2026-06-28 07:50,CLOSED,VIKAS NAGAR,VIKAS NAGAR SUBDIVISION,DIVISION-5,ZONE-2,CIRCLE-3,Overloading,P. Kumar
KS06272610258,1084076084,"11KV ki taar sadak par gir gayi hai, log ke pass se guzar rahe hain, koi accident na ho jaye",2026-06-27 10:53,2026-06-27 14:53,CLOSED,KAKADEO,KAKADEO SUBDIVISION,DIVISION-4,ZONE-2,CIRCLE-2,Wire Snapping/Pole Fault,M. Verma
KS06272611884,1069754930,line fault ke karan pura substation area mein supply thap ho gayi hai,2026-06-27 10:59,2026-06-28 04:59,CLOSED,VIKAS NAGAR,VIKAS NAGAR SUBDIVISION,DIVISION-5,ZONE-2,CIRCLE-3,11KV Line Fault,B. Gupta
KS06272611001,1014799257,"voltage bahut kam hai, sirf 180 volt aa raha hai, AC aur fridge kharab ho gaye",2026-06-27 11:19,2026-06-29 06:19,CLOSED,RAWATPUR,RAWATPUR SUBDIVISION,DIVISION-3,ZONE-2,CIRCLE-2,Voltage Fluctuation,M. Verma
KS06272610707,1082630922,"do mahine ka combined bill aaya hai, samajh nahi aa raha calculation",2026-06-27 12:06,2026-06-29 07:06,CLOSED,PANKI,PANKI SUBDIVISION,DIVISION-5,ZONE-2,CIRCLE-3,Billing Related,V. Mishra
KS06272610789,1039081248,naya meter lagne ke baad se reading galat aa rahi hai har mahine,2026-06-27 12:25,2026-06-28 14:25,CLOSED,YASHODA NAGAR,YASHODA NAGAR SUBDIVISION,DIVISION-4,ZONE-2,CIRCLE-2,Meter Related,B. Gupta
KS06272611902,1096228331,"naye ghar ke liye connection application diye hue ek mahina ho gaya hai, abhi tak survey nahi hua",2026-06-27 12:29,2026-07-01 18:29,CLOSED,PANKI,PANKI SUBDIVISION,DIVISION-5,ZONE-2,CIRCLE-3,New Connection,J. Singh
KS06272610951,1052855680,gर्मी mein overloading ki wajah se baar baar trip ho raha hai transformer,2026-06-27 12:55,2026-06-28 07:55,CLOSED,PANKI,PANKI SUBDIVISION,DIVISION-5,ZONE-2,CIRCLE-3,Overloading,R. Kashyap
KS06272610037,1083605177,"voltage bahut kam hai, sirf 180 volt aa raha hai, AC aur fridge kharab ho gaye",2026-06-27 13:03,2026-06-29 12:03,CLOSED,RING ROAD,RING ROAD SUBDIVISION,DIVISION-1,ZONE-1,CIRCLE-1,Voltage Fluctuation,P. Kumar
KS06272610903,1028414467,"voltage bahut kam hai, sirf 180 volt aa raha hai, AC aur fridge kharab ho gaye",2026-06-27 13:07,2026-06-30 11:07,CLOSED,DADA NAGAR,DADA NAGAR SUBDIVISION,DIVISION-5,ZONE-2,CIRCLE-3,Voltage Fluctuation,D. Yadav
KS06272612254,1096642904,"DT ka fuse baar baar gir raha hai, substation wale theek nahi karte, 3 baar shikayat kar chuke hain",2026-06-27 13:52,,PENDING,SWAROOP NAGAR,SWAROOP NAGAR SUBDIVISION,DIVISION-2,ZONE-1,CIRCLE-1,Fuse Off Call (FOC),L. Awasthi
KS06272611070,1016624483,temporary connection ki application pending hai construction site ke liye,2026-06-27 14:05,,PENDING,RAWATPUR,RAWATPUR SUBDIVISION,DIVISION-3,ZONE-2,CIRCLE-2,New Connection,D. Yadav
KS06272611735,1084623543,"bill time par nahi mila is baar, late fee lag gayi hai bina wajah",2026-06-27 14:36,2026-07-05 13:36,CLOSED,VIKAS NAGAR,VIKAS NAGAR SUBDIVISION,DIVISION-5,ZONE-2,CIRCLE-3,Billing Related,K. Pandey
KS06272610399,1044264974,low voltage ki wajah se motor start nahi ho pa rahi hai,2026-06-27 14:37,2026-06-29 23:37,CLOSED,KAKADEO,KAKADEO SUBDIVISION,DIVISION-4,ZONE-2,CIRCLE-2,Voltage Fluctuation,J. Singh
KS06272610882,1013175375,"line ka fuse udh gaya tez hawa mein, dobara nahi laga abhi tak",2026-06-27 14:53,2026-06-29 08:53,CLOSED,RING ROAD,RING ROAD SUBDIVISION,DIVISION-1,ZONE-1,CIRCLE-1,Fuse Off Call (FOC),K. Pandey
KS06272612087,1017235259,"high tension line mein kharabi hai, JE sahab abhi tak nahi aaye",2026-06-27 14:54,2026-06-28 01:54,CLOSED,VIKAS NAGAR,VIKAS NAGAR SUBDIVISION,DIVISION-5,ZONE-2,CIRCLE-3,11KV Line Fault,S. Tiwari
KS06272610393,1091224096,"digital meter display kaam nahi kar raha, kuch bhi nahi dikh raha screen par",2026-06-27 15:16,2026-06-30 13:16,CLOSED,TATMILL,TATMILL SUBDIVISION,DIVISION-3,ZONE-2,CIRCLE-2,Meter Related,N. Srivastava
KS06272611206,1054153095,"digital meter display kaam nahi kar raha, kuch bhi nahi dikh raha screen par",2026-06-27 15:21,2026-06-28 00:21,CLOSED,GOVIND NAGAR,GOVIND NAGAR SUBDIVISION,DIVISION-4,ZONE-2,CIRCLE-2,Meter Related,S. Tiwari
KS06272611538,1092321680,"pichle bill mein galat amount charge hua hai, correction chahiye",2026-06-27 15:22,,PENDING,JAJMAU,JAJMAU SUBDIVISION,DIVISION-3,ZONE-2,CIRCLE-2,Billing Related,D. Yadav
KS06272610049,1079373048,"aspatal mein 20 ghante se bijli nahi hai, generator ka diesel bhi khatam hone wala hai",2026-06-27 15:22,,PENDING,GOVIND NAGAR,GOVIND NAGAR SUBDIVISION,DIVISION-4,ZONE-2,CIRCLE-2,Supply Related (Miscellaneous),D. Yadav
KS06272610832,1038418802,"11KV line mein fault aa gaya hai, 6 ghante se bijli band hai poore ilake mein",2026-06-27 15:42,,PENDING,HARRISGANJ,HARRISGANJ SUBDIVISION,DIVISION-1,ZONE-1,CIRCLE-1,11KV Line Fault,V. Mishra
KS06272611829,1084623543,"voltage up-down ho raha hai lagatar, appliances damage ho rahe hain",2026-06-27 15:46,2026-06-28 01:46,CLOSED,BARRA,BARRA SUBDIVISION,DIVISION-5,ZONE-2,CIRCLE-3,Voltage Fluctuation,R. Kashyap
KS06272610566,1032981436,"pichle bill mein galat amount charge hua hai, correction chahiye",2026-06-27 15:48,2026-07-07 13:48,CLOSED,HARRISGANJ,HARRISGANJ SUBDIVISION,DIVISION-1,ZONE-1,CIRCLE-1,Billing Related,B. Gupta
KS06272611772,1067808566,"digital meter display kaam nahi kar raha, kuch bhi nahi dikh raha screen par",2026-06-27 16:48,2026-06-28 13:48,CLOSED,KAKADEO,KAKADEO SUBDIVISION,DIVISION-4,ZONE-2,CIRCLE-2,Meter Related,L. Awasthi
KS06272611200,1036456442,"voltage bahut kam hai, sirf 180 volt aa raha hai, AC aur fridge kharab ho gaye",2026-06-27 17:00,2026-06-28 16:00,CLOSED,COLONELGANJ,COLONELGANJ SUBDIVISION,DIVISION-1,ZONE-1,CIRCLE-1,Voltage Fluctuation,J. Singh
KS06272611705,1045402204,"DT ka fuse baar baar gir raha hai, substation wale theek nahi karte, 3 baar shikayat kar chuke hain",2026-06-27 17:15,2026-06-29 00:15,CLOSED,GOVIND NAGAR,GOVIND NAGAR SUBDIVISION,DIVISION-4,ZONE-2,CIRCLE-2,Fuse Off Call (FOC),R. Kashyap
KS06272612111,1032870787,"voltage bahut kam hai, sirf 180 volt aa raha hai, AC aur fridge kharab ho gaye",2026-06-27 17:25,2026-06-30 07:25,CLOSED,RING ROAD,RING ROAD SUBDIVISION,DIVISION-1,ZONE-1,CIRCLE-1,Voltage Fluctuation,J. Singh
KS06272610202,1096642904,"voltage up-down ho raha hai lagatar, appliances damage ho rahe hain",2026-06-27 17:42,2026-06-29 19:42,CLOSED,KAKADEO,KAKADEO SUBDIVISION,DIVISION-4,ZONE-2,CIRCLE-2,Voltage Fluctuation,S. Tiwari
KS06272611073,1029511472,"DT ka fuse baar baar gir raha hai, substation wale theek nahi karte, 3 baar shikayat kar chuke hain",2026-06-27 17:49,2026-06-29 20:49,CLOSED,PANKI,PANKI SUBDIVISION,DIVISION-5,ZONE-2,CIRCLE-3,Fuse Off Call (FOC),A. Hussain
KS06272610422,1010000078,"transformer mein aag lag gayi aur dhuaan nikal raha hai, poori colony andhere mein hai",2026-06-27 17:50,,PENDING,VIKAS NAGAR,VIKAS NAGAR SUBDIVISION,DIVISION-5,ZONE-2,CIRCLE-3,DT Damaged/DT Fuse Burnt/Fire on DT,R. Kashyap
KS06272610555,1087663372,"transformer bahut garam ho raha hai aur buzzing sound aa rahi hai, overload lag raha hai",2026-06-27 18:10,,PENDING,VIKAS NAGAR,VIKAS NAGAR SUBDIVISION,DIVISION-5,ZONE-2,CIRCLE-3,Overloading,S. Tiwari
KS06272610803,1045414919,naya meter lagne ke baad se reading galat aa rahi hai har mahine,2026-06-27 18:18,2026-06-29 13:18,CLOSED,RAWATPUR,RAWATPUR SUBDIVISION,DIVISION-3,ZONE-2,CIRCLE-2,Meter Related,V. Mishra
KS06272611725,1039196509,"transformer mein aag lag gayi aur dhuaan nikal raha hai, poori colony andhere mein hai",2026-06-27 18:27,,PENDING,JAJMAU,JAJMAU SUBDIVISION,DIVISION-3,ZONE-2,CIRCLE-2,DT Damaged/DT Fuse Burnt/Fire on DT,R. Kashyap
KS06272610272,1056491704,"transformer se dhuaan aur jalne ki smell aa rahi hai, turant madad chahiye",2026-06-27 18:37,2026-06-28 01:37,CLOSED,COLONELGANJ,COLONELGANJ SUBDIVISION,DIVISION-1,ZONE-1,CIRCLE-1,DT Damaged/DT Fuse Burnt/Fire on DT,V. Mishra
KS06272611946,1037836271,"poore mohalle mein pichle 18 ghanto se supply band hai, bachche aur budhe pareshan hain",2026-06-27 18:40,2026-06-28 01:40,CLOSED,VIKAS NAGAR,VIKAS NAGAR SUBDIVISION,DIVISION-5,ZONE-2,CIRCLE-3,Supply Related (Miscellaneous),B. Gupta
KS06272612331,1027808126,"high tension line mein kharabi hai, JE sahab abhi tak nahi aaye",2026-06-27 19:01,2026-06-28 13:01,CLOSED,BARRA,BARRA SUBDIVISION,DIVISION-5,ZONE-2,CIRCLE-3,11KV Line Fault,S. Tiwari
KS06272611304,1025959585,"bill time par nahi mila is baar, late fee lag gayi hai bina wajah",2026-06-27 19:18,,PENDING,PANKI,PANKI SUBDIVISION,DIVISION-5,ZONE-2,CIRCLE-3,Billing Related,V. Mishra
KS06272612153,1084623543,"pichle bill mein galat amount charge hua hai, correction chahiye",2026-06-27 19:30,2026-07-01 11:30,CLOSED,ARYA NAGAR,ARYA NAGAR SUBDIVISION,DIVISION-2,ZONE-1,CIRCLE-1,Billing Related,L. Awasthi
KS06272610735,1091224096,meter ki reading bahut zyada aa rahi hai jabki consumption kam hua hai is mahine,2026-06-27 19:33,2026-06-29 01:33,CLOSED,DADA NAGAR,DADA NAGAR SUBDIVISION,DIVISION-5,ZONE-2,CIRCLE-3,Meter Related,P. Kumar
KS06272611799,1051718089,naya meter lagne ke baad se reading galat aa rahi hai har mahine,2026-06-27 19:37,2026-06-28 01:37,CLOSED,GOVIND NAGAR,GOVIND NAGAR SUBDIVISION,DIVISION-4,ZONE-2,CIRCLE-2,Meter Related,M. Verma
KS06272612162,1088591593,"high tension line mein kharabi hai, JE sahab abhi tak nahi aaye",2026-06-27 19:39,2026-06-28 00:39,CLOSED,COLONELGANJ,COLONELGANJ SUBDIVISION,DIVISION-1,ZONE-1,CIRCLE-1,11KV Line Fault,N. Srivastava
KS06272610140,1049082068,low voltage ki wajah se motor start nahi ho pa rahi hai,2026-06-27 19:41,,PENDING,DADA NAGAR,DADA NAGAR SUBDIVISION,DIVISION-5,ZONE-2,CIRCLE-3,Voltage Fluctuation,P. Kumar
KS06272610721,1038542392,"voltage bahut kam hai, sirf 180 volt aa raha hai, AC aur fridge kharab ho gaye",2026-06-27 19:57,2026-06-29 14:57,CLOSED,SWAROOP NAGAR,SWAROOP NAGAR SUBDIVISION,DIVISION-2,ZONE-1,CIRCLE-1,Voltage Fluctuation,A. Hussain
KS06272611074,1032870787,"naye ghar ke liye connection application diye hue ek mahina ho gaya hai, abhi tak survey nahi hua",2026-06-27 20:16,,PENDING,YASHODA NAGAR,YASHODA NAGAR SUBDIVISION,DIVISION-4,ZONE-2,CIRCLE-2,New Connection,D. Yadav
KS06272610437,1072705244,"voltage up-down ho raha hai lagatar, appliances damage ho rahe hain",2026-06-27 20:20,,PENDING,PANKI,PANKI SUBDIVISION,DIVISION-5,ZONE-2,CIRCLE-3,Voltage Fluctuation,P. Kumar
KS06272611839,1082731605,"pichle bill mein galat amount charge hua hai, correction chahiye",2026-06-27 20:31,,PENDING,PANKI,PANKI SUBDIVISION,DIVISION-5,ZONE-2,CIRCLE-3,Billing Related,N. Srivastava
KS06272612100,1058020815,"bill time par nahi mila is baar, late fee lag gayi hai bina wajah",2026-06-27 20:53,2026-07-07 04:53,CLOSED,COLONELGANJ,COLONELGANJ SUBDIVISION,DIVISION-1,ZONE-1,CIRCLE-1,Billing Related,K. Pandey
KS06272611737,1096192405,"DT se lagatar humming noise aa rahi hai, sabko lagta hai kabhi bhi phat sakta hai",2026-06-27 21:24,2026-06-28 21:24,CLOSED,BARRA,BARRA SUBDIVISION,DIVISION-5,ZONE-2,CIRCLE-3,Overloading,R. Kashyap
KS06272612124,1063486497,"11KV line mein fault aa gaya hai, 6 ghante se bijli band hai poore ilake mein",2026-06-27 22:23,2026-06-28 20:23,CLOSED,VIKAS NAGAR,VIKAS NAGAR SUBDIVISION,DIVISION-5,ZONE-2,CIRCLE-3,11KV Line Fault,R. Kashyap
KS06272611425,1067936641,"11KV line mein fault aa gaya hai, 6 ghante se bijli band hai poore ilake mein",2026-06-27 23:10,2026-06-28 21:10,CLOSED,BARRA,BARRA SUBDIVISION,DIVISION-5,ZONE-2,CIRCLE-3,11KV Line Fault,K. Pandey
KS06272611667,1039320244,gर्मी mein overloading ki wajah se baar baar trip ho raha hai transformer,2026-06-27 23:19,2026-06-28 18:19,CLOSED,RAWATPUR,RAWATPUR SUBDIVISION,DIVISION-3,ZONE-2,CIRCLE-2,Overloading,M. Verma
KS06272611092,1045467567,"DT se lagatar humming noise aa rahi hai, sabko lagta hai kabhi bhi phat sakta hai",2026-06-27 23:56,2026-06-29 04:56,CLOSED,KAKADEO,KAKADEO SUBDIVISION,DIVISION-4,ZONE-2,CIRCLE-2,Overloading,A. Hussain
KS06272610816,1023876787,temporary connection ki application pending hai construction site ke liye,2026-06-27 23:58,2026-07-01 03:58,CLOSED,YASHODA NAGAR,YASHODA NAGAR SUBDIVISION,DIVISION-4,ZONE-2,CIRCLE-2,New Connection,D. Yadav
KS06282611204,1015054255,"DT mein blast ho gaya, chingari nikal rahi hai, log dar ke maare ghar se bahar hain",2026-06-28 02:38,2026-06-28 07:38,CLOSED,RING ROAD,RING ROAD SUBDIVISION,DIVISION-1,ZONE-1,CIRCLE-1,DT Damaged/DT Fuse Burnt/Fire on DT,K. Pandey
KS06282610348,1035669897,naya meter lagne ke baad se reading galat aa rahi hai har mahine,2026-06-28 02:48,2026-06-30 04:48,CLOSED,DADA NAGAR,DADA NAGAR SUBDIVISION,DIVISION-5,ZONE-2,CIRCLE-3,Meter Related,S. Tiwari
KS06282610554,1027680656,"DT mein blast ho gaya, chingari nikal rahi hai, log dar ke maare ghar se bahar hain",2026-06-28 04:25,2026-06-28 09:25,CLOSED,JAJMAU,JAJMAU SUBDIVISION,DIVISION-3,ZONE-2,CIRCLE-2,DT Damaged/DT Fuse Burnt/Fire on DT,P. Kumar
KS06282611889,1085297666,low voltage ki wajah se motor start nahi ho pa rahi hai,2026-06-28 05:45,2026-06-29 08:45,CLOSED,KAKADEO,KAKADEO SUBDIVISION,DIVISION-4,ZONE-2,CIRCLE-2,Voltage Fluctuation,A. Hussain
KS06282612023,1038067263,gर्मी mein overloading ki wajah se baar baar trip ho raha hai transformer,2026-06-28 06:23,2026-06-28 13:23,CLOSED,HARRISGANJ,HARRISGANJ SUBDIVISION,DIVISION-1,ZONE-1,CIRCLE-1,Overloading,B. Gupta
KS06282610551,1091055806,"poore mohalle mein pichle 18 ghanto se supply band hai, bachche aur budhe pareshan hain",2026-06-28 06:27,2026-06-28 17:27,CLOSED,RING ROAD,RING ROAD SUBDIVISION,DIVISION-1,ZONE-1,CIRCLE-1,Supply Related (Miscellaneous),M. Verma
KS06282610457,1066457919,low voltage ki wajah se motor start nahi ho pa rahi hai,2026-06-28 06:38,2026-06-29 00:38,CLOSED,VIKAS NAGAR,VIKAS NAGAR SUBDIVISION,DIVISION-5,ZONE-2,CIRCLE-3,Voltage Fluctuation,L. Awasthi
KS06282610346,1021776180,"line ka fuse udh gaya tez hawa mein, dobara nahi laga abhi tak",2026-06-28 07:27,2026-06-29 07:27,CLOSED,KIDWAI NAGAR,KIDWAI NAGAR SUBDIVISION,DIVISION-2,ZONE-1,CIRCLE-1,Fuse Off Call (FOC),K. Pandey
KS06282612266,1031819720,"pichle bill mein galat amount charge hua hai, correction chahiye",2026-06-28 07:56,2026-06-30 09:56,CLOSED,PANKI,PANKI SUBDIVISION,DIVISION-5,ZONE-2,CIRCLE-3,Billing Related,S. Tiwari
KS06282610772,1037705010,meter ki reading bahut zyada aa rahi hai jabki consumption kam hua hai is mahine,2026-06-28 08:15,,PENDING,PANKI,PANKI SUBDIVISION,DIVISION-5,ZONE-2,CIRCLE-3,Meter Related,L. Awasthi
KS06282610494,1024927942,"do mahine ka combined bill aaya hai, samajh nahi aa raha calculation",2026-06-28 08:15,2026-07-01 06:15,CLOSED,DADA NAGAR,DADA NAGAR SUBDIVISION,DIVISION-5,ZONE-2,CIRCLE-3,Billing Related,S. Tiwari
KS06282612191,1045689744,"voltage up-down ho raha hai lagatar, appliances damage ho rahe hain",2026-06-28 09:06,2026-06-30 20:06,CLOSED,SWAROOP NAGAR,SWAROOP NAGAR SUBDIVISION,DIVISION-2,ZONE-1,CIRCLE-1,Voltage Fluctuation,M. Verma
KS06282611898,1067353386,"pole gir gaya hai bijli ki taar ke saath, bahut khatarnak sthiti hai",2026-06-28 09:10,2026-06-28 15:10,CLOSED,RAWATPUR,RAWATPUR SUBDIVISION,DIVISION-3,ZONE-2,CIRCLE-2,Wire Snapping/Pole Fault,S. Tiwari
KS06282611182,1041626976,"11KV ki taar sadak par gir gayi hai, log ke pass se guzar rahe hain, koi accident na ho jaye",2026-06-28 09:24,2026-06-28 13:24,CLOSED,DADA NAGAR,DADA NAGAR SUBDIVISION,DIVISION-5,ZONE-2,CIRCLE-3,Wire Snapping/Pole Fault,D. Yadav
KS06282610661,1071047954,"naye ghar ke liye connection application diye hue ek mahina ho gaya hai, abhi tak survey nahi hua",2026-06-28 09:31,2026-07-07 14:31,CLOSED,TATMILL,TATMILL SUBDIVISION,DIVISION-3,ZONE-2,CIRCLE-2,New Connection,P. Kumar
KS06282612159,1035428095,"transformer se dhuaan aur jalne ki smell aa rahi hai, turant madad chahiye",2026-06-28 09:42,2026-06-28 15:42,CLOSED,BARRA,BARRA SUBDIVISION,DIVISION-5,ZONE-2,CIRCLE-3,DT Damaged/DT Fuse Burnt/Fire on DT,M. Verma
KS06282612397,1010350473,"24 ghante se zyada ho gaye bijli gayi hue, ghar mein pani bhi nahi aa raha pump ke bina",2026-06-28 09:53,2026-06-29 12:53,CLOSED,RING ROAD,RING ROAD SUBDIVISION,DIVISION-1,ZONE-1,CIRCLE-1,Supply Related (Miscellaneous),L. Awasthi
KS06282610186,1075343807,"11KV line mein fault aa gaya hai, 6 ghante se bijli band hai poore ilake mein",2026-06-28 10:29,2026-06-28 21:29,CLOSED,BARRA,BARRA SUBDIVISION,DIVISION-5,ZONE-2,CIRCLE-3,11KV Line Fault,S. Tiwari
KS06282611119,1084564489,"load enhancement ke liye request diya tha, koi update nahi mila",2026-06-28 10:30,,PENDING,HARRISGANJ,HARRISGANJ SUBDIVISION,DIVISION-1,ZONE-1,CIRCLE-1,New Connection,N. Srivastava
KS06282610330,1036194531,"do mahine ka combined bill aaya hai, samajh nahi aa raha calculation",2026-06-28 10:32,2026-07-07 22:32,CLOSED,RING ROAD,RING ROAD SUBDIVISION,DIVISION-1,ZONE-1,CIRCLE-1,Billing Related,B. Gupta
KS06282610043,1078259092,line fault ke karan pura substation area mein supply thap ho gayi hai,2026-06-28 10:42,,PENDING,GOVIND NAGAR,GOVIND NAGAR SUBDIVISION,DIVISION-4,ZONE-2,CIRCLE-2,11KV Line Fault,R. Kashyap
KS06282610559,1014398783,low voltage ki wajah se motor start nahi ho pa rahi hai,2026-06-28 11:06,2026-06-30 11:06,CLOSED,JAJMAU,JAJMAU SUBDIVISION,DIVISION-3,ZONE-2,CIRCLE-2,Voltage Fluctuation,D. Yadav
KS06282611924,1016762546,"transformer bahut garam ho raha hai aur buzzing sound aa rahi hai, overload lag raha hai",2026-06-28 11:20,2026-06-29 14:20,CLOSED,PANKI,PANKI SUBDIVISION,DIVISION-5,ZONE-2,CIRCLE-3,Overloading,R. Kashyap
KS06282610643,1035669897,"transformer bahut garam ho raha hai aur buzzing sound aa rahi hai, overload lag raha hai",2026-06-28 11:20,,PENDING,COLONELGANJ,COLONELGANJ SUBDIVISION,DIVISION-1,ZONE-1,CIRCLE-1,Overloading,S. Tiwari
KS06282610730,1052825480,line fault ke karan pura substation area mein supply thap ho gayi hai,2026-06-28 11:30,,PENDING,VIKAS NAGAR,VIKAS NAGAR SUBDIVISION,DIVISION-5,ZONE-2,CIRCLE-3,11KV Line Fault,M. Verma
KS06282612041,1088972927,"do mahine ka combined bill aaya hai, samajh nahi aa raha calculation",2026-06-28 11:39,,PENDING,TATMILL,TATMILL SUBDIVISION,DIVISION-3,ZONE-2,CIRCLE-2,Billing Related,N. Srivastava
KS06282610310,1045041814,"voltage up-down ho raha hai lagatar, appliances damage ho rahe hain",2026-06-28 12:00,2026-06-30 15:00,CLOSED,YASHODA NAGAR,YASHODA NAGAR SUBDIVISION,DIVISION-4,ZONE-2,CIRCLE-2,Voltage Fluctuation,M. Verma
KS06282610787,1024266410,"high tension line mein kharabi hai, JE sahab abhi tak nahi aaye",2026-06-28 12:08,2026-06-28 16:08,CLOSED,ARYA NAGAR,ARYA NAGAR SUBDIVISION,DIVISION-2,ZONE-1,CIRCLE-1,11KV Line Fault,S. Tiwari
KS06282611086,1018328508,"do mahine ka combined bill aaya hai, samajh nahi aa raha calculation",2026-06-28 12:31,2026-07-05 11:31,CLOSED,PANKI,PANKI SUBDIVISION,DIVISION-5,ZONE-2,CIRCLE-3,Billing Related,J. Singh
KS06282610349,1032870787,"11KV ki taar sadak par gir gayi hai, log ke pass se guzar rahe hain, koi accident na ho jaye",2026-06-28 12:49,2026-06-28 18:49,CLOSED,RING ROAD,RING ROAD SUBDIVISION,DIVISION-1,ZONE-1,CIRCLE-1,Wire Snapping/Pole Fault,B. Gupta
KS06282612068,1027983750,"transformer bahut garam ho raha hai aur buzzing sound aa rahi hai, overload lag raha hai",2026-06-28 12:52,2026-06-28 21:52,CLOSED,RAWATPUR,RAWATPUR SUBDIVISION,DIVISION-3,ZONE-2,CIRCLE-2,Overloading,B. Gupta
KS06282612435,1054331401,"DT ka fuse baar baar gir raha hai, substation wale theek nahi karte, 3 baar shikayat kar chuke hain",2026-06-28 13:56,2026-07-01 03:56,CLOSED,SWAROOP NAGAR,SWAROOP NAGAR SUBDIVISION,DIVISION-2,ZONE-1,CIRCLE-1,Fuse Off Call (FOC),S. Tiwari
KS06282610051,1092209028,"transformer se dhuaan aur jalne ki smell aa rahi hai, turant madad chahiye",2026-06-28 13:57,2026-06-28 14:57,CLOSED,KAKADEO,KAKADEO SUBDIVISION,DIVISION-4,ZONE-2,CIRCLE-2,DT Damaged/DT Fuse Burnt/Fire on DT,M. Verma
KS06282611980,1039590191,"load enhancement ke liye request diya tha, koi update nahi mila",2026-06-28 14:20,2026-07-08 11:20,CLOSED,YASHODA NAGAR,YASHODA NAGAR SUBDIVISION,DIVISION-4,ZONE-2,CIRCLE-2,New Connection,B. Gupta
KS06282610175,1049329035,"transformer se dhuaan aur jalne ki smell aa rahi hai, turant madad chahiye",2026-06-28 14:40,2026-06-28 16:40,CLOSED,SWAROOP NAGAR,SWAROOP NAGAR SUBDIVISION,DIVISION-2,ZONE-1,CIRCLE-1,DT Damaged/DT Fuse Burnt/Fire on DT,L. Awasthi
KS06282611081,1017844983,"load enhancement ke liye request diya tha, koi update nahi mila",2026-06-28 14:41,2026-07-04 14:41,CLOSED,KIDWAI NAGAR,KIDWAI NAGAR SUBDIVISION,DIVISION-2,ZONE-1,CIRCLE-1,New Connection,D. Yadav
KS06282612131,1038462747,"bill time par nahi mila is baar, late fee lag gayi hai bina wajah",2026-06-28 14:41,,PENDING,KIDWAI NAGAR,KIDWAI NAGAR SUBDIVISION,DIVISION-2,ZONE-1,CIRCLE-1,Billing Related,K. Pandey
KS06282611413,1084734257,"fuse off ho gaya hai kal raat se, poori gali mein andhera hai",2026-06-28 14:56,2026-06-29 12:56,CLOSED,TATMILL,TATMILL SUBDIVISION,DIVISION-3,ZONE-2,CIRCLE-2,Fuse Off Call (FOC),D. Yadav
KS06282611620,1047778882,"aspatal mein 20 ghante se bijli nahi hai, generator ka diesel bhi khatam hone wala hai",2026-06-28 15:09,2026-06-29 05:09,CLOSED,KIDWAI NAGAR,KIDWAI NAGAR SUBDIVISION,DIVISION-2,ZONE-1,CIRCLE-1,Supply Related (Miscellaneous),B. Gupta
KS06282610473,1023876787,"poore mohalle mein pichle 18 ghanto se supply band hai, bachche aur budhe pareshan hain",2026-06-28 15:14,,PENDING,SWAROOP NAGAR,SWAROOP NAGAR SUBDIVISION,DIVISION-2,ZONE-1,CIRCLE-1,Supply Related (Miscellaneous),A. Hussain
KS06282610533,1080840410,naya meter lagne ke baad se reading galat aa rahi hai har mahine,2026-06-28 15:19,2026-07-01 04:19,CLOSED,RING ROAD,RING ROAD SUBDIVISION,DIVISION-1,ZONE-1,CIRCLE-1,Meter Related,N. Srivastava
KS06282612206,1029321132,"pichle bill mein galat amount charge hua hai, correction chahiye",2026-06-28 15:33,2026-07-06 07:33,CLOSED,HARRISGANJ,HARRISGANJ SUBDIVISION,DIVISION-1,ZONE-1,CIRCLE-1,Billing Related,P. Kumar
KS06282612149,1059068440,"11KV ki taar sadak par gir gayi hai, log ke pass se guzar rahe hain, koi accident na ho jaye",2026-06-28 15:44,2026-06-28 21:44,CLOSED,COLONELGANJ,COLONELGANJ SUBDIVISION,DIVISION-1,ZONE-1,CIRCLE-1,Wire Snapping/Pole Fault,P. Kumar
KS06282611341,1017729758,"do mahine ka combined bill aaya hai, samajh nahi aa raha calculation",2026-06-28 15:52,2026-07-01 11:52,CLOSED,BARRA,BARRA SUBDIVISION,DIVISION-5,ZONE-2,CIRCLE-3,Billing Related,P. Kumar
KS06282612197,1032949699,low voltage ki wajah se motor start nahi ho pa rahi hai,2026-06-28 16:12,2026-06-29 03:12,CLOSED,TATMILL,TATMILL SUBDIVISION,DIVISION-3,ZONE-2,CIRCLE-2,Voltage Fluctuation,A. Hussain
KS06282610974,1083605177,"high tension line mein kharabi hai, JE sahab abhi tak nahi aaye",2026-06-28 16:24,2026-06-28 18:24,CLOSED,RAWATPUR,RAWATPUR SUBDIVISION,DIVISION-3,ZONE-2,CIRCLE-2,11KV Line Fault,P. Kumar
KS06282610809,1017979448,"fuse off ho gaya hai kal raat se, poori gali mein andhera hai",2026-06-28 16:25,2026-06-30 12:25,CLOSED,HARRISGANJ,HARRISGANJ SUBDIVISION,DIVISION-1,ZONE-1,CIRCLE-1,Fuse Off Call (FOC),V. Mishra
KS06282611704,1043877235,"voltage up-down ho raha hai lagatar, appliances damage ho rahe hain",2026-06-28 16:28,,PENDING,SWAROOP NAGAR,SWAROOP NAGAR SUBDIVISION,DIVISION-2,ZONE-1,CIRCLE-1,Voltage Fluctuation,B. Gupta
KS06282610314,1032253091,line fault ke karan pura substation area mein supply thap ho gayi hai,2026-06-28 16:44,2026-06-29 03:44,CLOSED,COLONELGANJ,COLONELGANJ SUBDIVISION,DIVISION-1,ZONE-1,CIRCLE-1,11KV Line Fault,K. Pandey
KS06282611180,1030945892,"bill time par nahi mila is baar, late fee lag gayi hai bina wajah",2026-06-28 16:55,2026-07-08 12:55,CLOSED,RAWATPUR,RAWATPUR SUBDIVISION,DIVISION-3,ZONE-2,CIRCLE-2,Billing Related,A. Hussain
KS06282612060,1013049001,"fuse off ho gaya hai kal raat se, poori gali mein andhera hai",2026-06-28 17:08,2026-06-29 02:08,CLOSED,BARRA,BARRA SUBDIVISION,DIVISION-5,ZONE-2,CIRCLE-3,Fuse Off Call (FOC),K. Pandey
KS06282610719,1079437812,"fuse off ho gaya hai kal raat se, poori gali mein andhera hai",2026-06-28 17:10,2026-06-30 10:10,CLOSED,RING ROAD,RING ROAD SUBDIVISION,DIVISION-1,ZONE-1,CIRCLE-1,Fuse Off Call (FOC),B. Gupta
KS06282611150,1029975863,"aspatal mein 20 ghante se bijli nahi hai, generator ka diesel bhi khatam hone wala hai",2026-06-28 17:40,2026-06-29 16:40,CLOSED,KAKADEO,KAKADEO SUBDIVISION,DIVISION-4,ZONE-2,CIRCLE-2,Supply Related (Miscellaneous),D. Yadav
KS06282611410,1051651903,"do mahine ka combined bill aaya hai, samajh nahi aa raha calculation",2026-06-28 17:43,2026-06-30 16:43,CLOSED,VIKAS NAGAR,VIKAS NAGAR SUBDIVISION,DIVISION-5,ZONE-2,CIRCLE-3,Billing Related,N. Srivastava
KS06282612422,1032459335,"pichle bill mein galat amount charge hua hai, correction chahiye",2026-06-28 17:53,,PENDING,BARRA,BARRA SUBDIVISION,DIVISION-5,ZONE-2,CIRCLE-3,Billing Related,J. Singh
KS06282611606,1051734775,"DT ka fuse baar baar gir raha hai, substation wale theek nahi karte, 3 baar shikayat kar chuke hain",2026-06-28 17:56,2026-06-30 13:56,CLOSED,SWAROOP NAGAR,SWAROOP NAGAR SUBDIVISION,DIVISION-2,ZONE-1,CIRCLE-1,Fuse Off Call (FOC),P. Kumar
KS06282611069,1062989648,line fault ke karan pura substation area mein supply thap ho gayi hai,2026-06-28 18:13,2026-06-28 22:13,CLOSED,HARRISGANJ,HARRISGANJ SUBDIVISION,DIVISION-1,ZONE-1,CIRCLE-1,11KV Line Fault,N. Srivastava
KS06282610414,1054762507,"transformer mein aag lag gayi aur dhuaan nikal raha hai, poori colony andhere mein hai",2026-06-28 18:21,2026-06-28 22:21,CLOSED,TATMILL,TATMILL SUBDIVISION,DIVISION-3,ZONE-2,CIRCLE-2,DT Damaged/DT Fuse Burnt/Fire on DT,D. Yadav
KS06282611703,1089529914,meter ki reading bahut zyada aa rahi hai jabki consumption kam hua hai is mahine,2026-06-28 18:36,,PENDING,JAJMAU,JAJMAU SUBDIVISION,DIVISION-3,ZONE-2,CIRCLE-2,Meter Related,B. Gupta
KS06282612209,1083476518,"pole gir gaya hai bijli ki taar ke saath, bahut khatarnak sthiti hai",2026-06-28 18:39,2026-06-28 23:39,CLOSED,SWAROOP NAGAR,SWAROOP NAGAR SUBDIVISION,DIVISION-2,ZONE-1,CIRCLE-1,Wire Snapping/Pole Fault,M. Verma
KS06282611537,1057917378,"do mahine ka combined bill aaya hai, samajh nahi aa raha calculation",2026-06-28 18:41,2026-07-05 19:41,CLOSED,JAJMAU,JAJMAU SUBDIVISION,DIVISION-3,ZONE-2,CIRCLE-2,Billing Related,L. Awasthi
KS06282611007,1066457919,line fault ke karan pura substation area mein supply thap ho gayi hai,2026-06-28 18:47,2026-06-29 23:47,CLOSED,HARRISGANJ,HARRISGANJ SUBDIVISION,DIVISION-1,ZONE-1,CIRCLE-1,11KV Line Fault,J. Singh
KS06282611153,1071471345,"24 ghante se zyada ho gaye bijli gayi hue, ghar mein pani bhi nahi aa raha pump ke bina",2026-06-28 19:16,2026-06-29 16:16,CLOSED,ARYA NAGAR,ARYA NAGAR SUBDIVISION,DIVISION-2,ZONE-1,CIRCLE-1,Supply Related (Miscellaneous),S. Tiwari
KS06282610191,1076673370,"transformer bahut garam ho raha hai aur buzzing sound aa rahi hai, overload lag raha hai",2026-06-28 19:42,2026-06-28 23:42,CLOSED,RAWATPUR,RAWATPUR SUBDIVISION,DIVISION-3,ZONE-2,CIRCLE-2,Overloading,N. Srivastava
KS06282611220,1071434277,"transformer se dhuaan aur jalne ki smell aa rahi hai, turant madad chahiye",2026-06-28 19:45,2026-06-29 00:45,CLOSED,YASHODA NAGAR,YASHODA NAGAR SUBDIVISION,DIVISION-4,ZONE-2,CIRCLE-2,DT Damaged/DT Fuse Burnt/Fire on DT,S. Tiwari
KS06282611352,1087676054,"transformer bahut garam ho raha hai aur buzzing sound aa rahi hai, overload lag raha hai",2026-06-28 19:59,2026-06-29 20:59,CLOSED,TATMILL,TATMILL SUBDIVISION,DIVISION-3,ZONE-2,CIRCLE-2,Overloading,R. Kashyap
KS06282610285,1076401341,low voltage ki wajah se motor start nahi ho pa rahi hai,2026-06-28 20:03,2026-06-30 22:03,CLOSED,DADA NAGAR,DADA NAGAR SUBDIVISION,DIVISION-5,ZONE-2,CIRCLE-3,Voltage Fluctuation,M. Verma
KS06282610378,1027525176,"11KV line mein fault aa gaya hai, 6 ghante se bijli band hai poore ilake mein",2026-06-28 20:21,2026-06-30 00:21,CLOSED,TATMILL,TATMILL SUBDIVISION,DIVISION-3,ZONE-2,CIRCLE-2,11KV Line Fault,M. Verma
KS06282610614,1020386771,gर्मी mein overloading ki wajah se baar baar trip ho raha hai transformer,2026-06-28 21:30,2026-06-29 00:30,CLOSED,TATMILL,TATMILL SUBDIVISION,DIVISION-3,ZONE-2,CIRCLE-2,Overloading,M. Verma
KS06282610895,1077511171,"load enhancement ke liye request diya tha, koi update nahi mila",2026-06-28 21:42,,PENDING,GOVIND NAGAR,GOVIND NAGAR SUBDIVISION,DIVISION-4,ZONE-2,CIRCLE-2,New Connection,M. Verma
KS06282610920,1010865991,"11KV ki taar sadak par gir gayi hai, log ke pass se guzar rahe hain, koi accident na ho jaye",2026-06-28 21:48,2026-06-29 01:48,CLOSED,BARRA,BARRA SUBDIVISION,DIVISION-5,ZONE-2,CIRCLE-3,Wire Snapping/Pole Fault,R. Kashyap
KS06282610475,1062379920,"high tension line mein kharabi hai, JE sahab abhi tak nahi aaye",2026-06-28 22:11,2026-06-29 02:11,CLOSED,DADA NAGAR,DADA NAGAR SUBDIVISION,DIVISION-5,ZONE-2,CIRCLE-3,11KV Line Fault,D. Yadav
KS06282612166,1082523525,"load enhancement ke liye request diya tha, koi update nahi mila",2026-06-28 22:14,,PENDING,YASHODA NAGAR,YASHODA NAGAR SUBDIVISION,DIVISION-4,ZONE-2,CIRCLE-2,New Connection,N. Srivastava
KS06282612142,1063627214,"do mahine ka combined bill aaya hai, samajh nahi aa raha calculation",2026-06-28 22:16,,PENDING,DADA NAGAR,DADA NAGAR SUBDIVISION,DIVISION-5,ZONE-2,CIRCLE-3,Billing Related,P. Kumar
KS06282612244,1066457919,"high tension line mein kharabi hai, JE sahab abhi tak nahi aaye",2026-06-28 22:30,,PENDING,ARYA NAGAR,ARYA NAGAR SUBDIVISION,DIVISION-2,ZONE-1,CIRCLE-1,11KV Line Fault,S. Tiwari
KS06282612304,1024688601,"voltage up-down ho raha hai lagatar, appliances damage ho rahe hain",2026-06-28 23:11,2026-06-30 06:11,CLOSED,TATMILL,TATMILL SUBDIVISION,DIVISION-3,ZONE-2,CIRCLE-2,Voltage Fluctuation,S. Tiwari
KS06292610987,1092209028,"transformer se dhuaan aur jalne ki smell aa rahi hai, turant madad chahiye",2026-06-29 00:51,2026-06-29 07:51,CLOSED,JAJMAU,JAJMAU SUBDIVISION,DIVISION-3,ZONE-2,CIRCLE-2,DT Damaged/DT Fuse Burnt/Fire on DT,A. Hussain
KS06292610919,1083425741,low voltage ki wajah se motor start nahi ho pa rahi hai,2026-06-29 01:27,2026-06-30 02:27,CLOSED,TATMILL,TATMILL SUBDIVISION,DIVISION-3,ZONE-2,CIRCLE-2,Voltage Fluctuation,V. Mishra
KS06292611103,1093594160,"bill time par nahi mila is baar, late fee lag gayi hai bina wajah",2026-06-29 03:18,,PENDING,PANKI,PANKI SUBDIVISION,DIVISION-5,ZONE-2,CIRCLE-3,Billing Related,B. Gupta
KS06292611210,1099321812,"pichle bill mein galat amount charge hua hai, correction chahiye",2026-06-29 07:18,2026-07-07 11:18,CLOSED,VIKAS NAGAR,VIKAS NAGAR SUBDIVISION,DIVISION-5,ZONE-2,CIRCLE-3,Billing Related,A. Hussain
KS06292610317,1092122653,naya meter lagne ke baad se reading galat aa rahi hai har mahine,2026-06-29 07:34,2026-06-30 13:34,CLOSED,ARYA NAGAR,ARYA NAGAR SUBDIVISION,DIVISION-2,ZONE-1,CIRCLE-1,Meter Related,J. Singh
KS06292611941,1098796331,"voltage up-down ho raha hai lagatar, appliances damage ho rahe hain",2026-06-29 07:39,2026-07-02 04:39,CLOSED,TATMILL,TATMILL SUBDIVISION,DIVISION-3,ZONE-2,CIRCLE-2,Voltage Fluctuation,K. Pandey
KS06292610750,1068882531,"DT se lagatar humming noise aa rahi hai, sabko lagta hai kabhi bhi phat sakta hai",2026-06-29 08:12,2026-06-29 18:12,CLOSED,BARRA,BARRA SUBDIVISION,DIVISION-5,ZONE-2,CIRCLE-3,Overloading,D. Yadav
KS06292610569,1038769900,"voltage bahut kam hai, sirf 180 volt aa raha hai, AC aur fridge kharab ho gaye",2026-06-29 08:15,2026-06-30 21:15,CLOSED,RING ROAD,RING ROAD SUBDIVISION,DIVISION-1,ZONE-1,CIRCLE-1,Voltage Fluctuation,K. Pandey
KS06292610005,1034947832,"DT ka fuse baar baar gir raha hai, substation wale theek nahi karte, 3 baar shikayat kar chuke hain",2026-06-29 08:39,2026-07-01 21:39,CLOSED,BARRA,BARRA SUBDIVISION,DIVISION-5,ZONE-2,CIRCLE-3,Fuse Off Call (FOC),K. Pandey
KS06292611953,1017235259,"line ka fuse udh gaya tez hawa mein, dobara nahi laga abhi tak",2026-06-29 09:08,2026-06-29 21:08,CLOSED,DADA NAGAR,DADA NAGAR SUBDIVISION,DIVISION-5,ZONE-2,CIRCLE-3,Fuse Off Call (FOC),A. Hussain
KS06292610300,1025713056,"do mahine ka combined bill aaya hai, samajh nahi aa raha calculation",2026-06-29 09:24,,PENDING,GOVIND NAGAR,GOVIND NAGAR SUBDIVISION,DIVISION-4,ZONE-2,CIRCLE-2,Billing Related,S. Tiwari
KS06292610107,1029361809,"transformer bahut garam ho raha hai aur buzzing sound aa rahi hai, overload lag raha hai",2026-06-29 09:25,2026-06-30 02:25,CLOSED,SWAROOP NAGAR,SWAROOP NAGAR SUBDIVISION,DIVISION-2,ZONE-1,CIRCLE-1,Overloading,M. Verma
KS06292610484,1057479038,"transformer mein aag lag gayi aur dhuaan nikal raha hai, poori colony andhere mein hai",2026-06-29 09:30,2026-06-29 12:30,CLOSED,DADA NAGAR,DADA NAGAR SUBDIVISION,DIVISION-5,ZONE-2,CIRCLE-3,DT Damaged/DT Fuse Burnt/Fire on DT,R. Kashyap
KS06292610526,1068484467,"DT ka fuse baar baar gir raha hai, substation wale theek nahi karte, 3 baar shikayat kar chuke hain",2026-06-29 09:48,,PENDING,TATMILL,TATMILL SUBDIVISION,DIVISION-3,ZONE-2,CIRCLE-2,Fuse Off Call (FOC),S. Tiwari
KS06292611327,1026639918,low voltage ki wajah se motor start nahi ho pa rahi hai,2026-06-29 09:53,,PENDING,BARRA,BARRA SUBDIVISION,DIVISION-5,ZONE-2,CIRCLE-3,Voltage Fluctuation,K. Pandey
KS06292612018,1047778882,meter ki reading bahut zyada aa rahi hai jabki consumption kam hua hai is mahine,2026-06-29 10:01,2026-07-01 06:01,CLOSED,PANKI,PANKI SUBDIVISION,DIVISION-5,ZONE-2,CIRCLE-3,Meter Related,N. Srivastava
KS06292611229,1084623543,"transformer mein aag lag gayi aur dhuaan nikal raha hai, poori colony andhere mein hai",2026-06-29 10:24,2026-06-29 13:24,CLOSED,PANKI,PANKI SUBDIVISION,DIVISION-5,ZONE-2,CIRCLE-3,DT Damaged/DT Fuse Burnt/Fire on DT,M. Verma
KS06292610259,1023589381,"digital meter display kaam nahi kar raha, kuch bhi nahi dikh raha screen par",2026-06-29 10:31,2026-07-01 21:31,CLOSED,BARRA,BARRA SUBDIVISION,DIVISION-5,ZONE-2,CIRCLE-3,Meter Related,A. Hussain
KS06292611920,1096536651,"voltage up-down ho raha hai lagatar, appliances damage ho rahe hain",2026-06-29 10:35,2026-06-30 03:35,CLOSED,JAJMAU,JAJMAU SUBDIVISION,DIVISION-3,ZONE-2,CIRCLE-2,Voltage Fluctuation,P. Kumar
KS06292611849,1035902811,"do mahine ka combined bill aaya hai, samajh nahi aa raha calculation",2026-06-29 10:43,,PENDING,PANKI,PANKI SUBDIVISION,DIVISION-5,ZONE-2,CIRCLE-3,Billing Related,R. Kashyap
KS06292611389,1054483379,"transformer mein aag lag gayi aur dhuaan nikal raha hai, poori colony andhere mein hai",2026-06-29 10:47,2026-06-29 17:47,CLOSED,SWAROOP NAGAR,SWAROOP NAGAR SUBDIVISION,DIVISION-2,ZONE-1,CIRCLE-1,DT Damaged/DT Fuse Burnt/Fire on DT,A. Hussain
KS06292612418,1083126469,"pole gir gaya hai bijli ki taar ke saath, bahut khatarnak sthiti hai",2026-06-29 11:00,2026-06-29 12:00,CLOSED,DADA NAGAR,DADA NAGAR SUBDIVISION,DIVISION-5,ZONE-2,CIRCLE-3,Wire Snapping/Pole Fault,J. Singh
KS06292611544,1064664591,"voltage bahut kam hai, sirf 180 volt aa raha hai, AC aur fridge kharab ho gaye",2026-06-29 11:21,2026-07-01 16:21,CLOSED,JAJMAU,JAJMAU SUBDIVISION,DIVISION-3,ZONE-2,CIRCLE-2,Voltage Fluctuation,D. Yadav
KS06292612052,1038283335,"voltage up-down ho raha hai lagatar, appliances damage ho rahe hain",2026-06-29 11:38,2026-06-29 23:38,CLOSED,ARYA NAGAR,ARYA NAGAR SUBDIVISION,DIVISION-2,ZONE-1,CIRCLE-1,Voltage Fluctuation,N. Srivastava
KS06292610328,1045878033,"digital meter display kaam nahi kar raha, kuch bhi nahi dikh raha screen par",2026-06-29 12:13,2026-07-01 16:13,CLOSED,GOVIND NAGAR,GOVIND NAGAR SUBDIVISION,DIVISION-4,ZONE-2,CIRCLE-2,Meter Related,D. Yadav
KS06292612337,1099321812,"high tension line mein kharabi hai, JE sahab abhi tak nahi aaye",2026-06-29 12:23,,PENDING,DADA NAGAR,DADA NAGAR SUBDIVISION,DIVISION-5,ZONE-2,CIRCLE-3,11KV Line Fault,B. Gupta
KS06292611745,1059375264,"digital meter display kaam nahi kar raha, kuch bhi nahi dikh raha screen par",2026-06-29 12:28,2026-06-30 19:28,CLOSED,KIDWAI NAGAR,KIDWAI NAGAR SUBDIVISION,DIVISION-2,ZONE-1,CIRCLE-1,Meter Related,A. Hussain
KS06292610668,1057917378,"DT se lagatar humming noise aa rahi hai, sabko lagta hai kabhi bhi phat sakta hai",2026-06-29 12:41,,PENDING,JAJMAU,JAJMAU SUBDIVISION,DIVISION-3,ZONE-2,CIRCLE-2,Overloading,B. Gupta
KS06292612369,1031970716,low voltage ki wajah se motor start nahi ho pa rahi hai,2026-06-29 12:49,2026-07-01 11:49,CLOSED,ARYA NAGAR,ARYA NAGAR SUBDIVISION,DIVISION-2,ZONE-1,CIRCLE-1,Voltage Fluctuation,K. Pandey
KS06292610311,1011115749,"voltage up-down ho raha hai lagatar, appliances damage ho rahe hain",2026-06-29 12:50,,PENDING,YASHODA NAGAR,YASHODA NAGAR SUBDIVISION,DIVISION-4,ZONE-2,CIRCLE-2,Voltage Fluctuation,D. Yadav
KS06292611801,1069277051,"digital meter display kaam nahi kar raha, kuch bhi nahi dikh raha screen par",2026-06-29 12:54,2026-07-01 09:54,CLOSED,TATMILL,TATMILL SUBDIVISION,DIVISION-3,ZONE-2,CIRCLE-2,Meter Related,N. Srivastava
KS06292610617,1065479951,"high tension line mein kharabi hai, JE sahab abhi tak nahi aaye",2026-06-29 13:03,,PENDING,TATMILL,TATMILL SUBDIVISION,DIVISION-3,ZONE-2,CIRCLE-2,11KV Line Fault,M. Verma
KS06292611978,1059375264,"bill time par nahi mila is baar, late fee lag gayi hai bina wajah",2026-06-29 13:13,2026-07-07 15:13,CLOSED,TATMILL,TATMILL SUBDIVISION,DIVISION-3,ZONE-2,CIRCLE-2,Billing Related,M. Verma
KS06292611762,1091832540,gर्मी mein overloading ki wajah se baar baar trip ho raha hai transformer,2026-06-29 13:24,2026-06-29 20:24,CLOSED,ARYA NAGAR,ARYA NAGAR SUBDIVISION,DIVISION-2,ZONE-1,CIRCLE-1,Overloading,K. Pandey
KS06292612329,1099534953,"voltage bahut kam hai, sirf 180 volt aa raha hai, AC aur fridge kharab ho gaye",2026-06-29 14:07,2026-07-01 15:07,CLOSED,RING ROAD,RING ROAD SUBDIVISION,DIVISION-1,ZONE-1,CIRCLE-1,Voltage Fluctuation,K. Pandey
KS06292610963,1036456442,"poore mohalle mein pichle 18 ghanto se supply band hai, bachche aur budhe pareshan hain",2026-06-29 14:08,,PENDING,GOVIND NAGAR,GOVIND NAGAR SUBDIVISION,DIVISION-4,ZONE-2,CIRCLE-2,Supply Related (Miscellaneous),A. Hussain
KS06292611316,1052886009,"voltage bahut kam hai, sirf 180 volt aa raha hai, AC aur fridge kharab ho gaye",2026-06-29 14:13,,PENDING,KIDWAI NAGAR,KIDWAI NAGAR SUBDIVISION,DIVISION-2,ZONE-1,CIRCLE-1,Voltage Fluctuation,P. Kumar
KS06292610943,1052886009,"voltage up-down ho raha hai lagatar, appliances damage ho rahe hain",2026-06-29 14:19,2026-06-30 17:19,CLOSED,VIKAS NAGAR,VIKAS NAGAR SUBDIVISION,DIVISION-5,ZONE-2,CIRCLE-3,Voltage Fluctuation,M. Verma
KS06292610335,1057013932,"digital meter display kaam nahi kar raha, kuch bhi nahi dikh raha screen par",2026-06-29 14:30,,PENDING,YASHODA NAGAR,YASHODA NAGAR SUBDIVISION,DIVISION-4,ZONE-2,CIRCLE-2,Meter Related,M. Verma
KS06292611059,1054762507,"bill time par nahi mila is baar, late fee lag gayi hai bina wajah",2026-06-29 14:40,,PENDING,KAKADEO,KAKADEO SUBDIVISION,DIVISION-4,ZONE-2,CIRCLE-2,Billing Related,L. Awasthi
KS06292611161,1045854154,naya meter lagne ke baad se reading galat aa rahi hai har mahine,2026-06-29 14:46,2026-07-02 07:46,CLOSED,SWAROOP NAGAR,SWAROOP NAGAR SUBDIVISION,DIVISION-2,ZONE-1,CIRCLE-1,Meter Related,V. Mishra
KS06292610059,1094631626,"aspatal mein 20 ghante se bijli nahi hai, generator ka diesel bhi khatam hone wala hai",2026-06-29 14:49,2026-06-30 18:49,CLOSED,HARRISGANJ,HARRISGANJ SUBDIVISION,DIVISION-1,ZONE-1,CIRCLE-1,Supply Related (Miscellaneous),K. Pandey
KS06292611741,1020750359,"transformer bahut garam ho raha hai aur buzzing sound aa rahi hai, overload lag raha hai",2026-06-29 14:58,2026-06-30 00:58,CLOSED,KAKADEO,KAKADEO SUBDIVISION,DIVISION-4,ZONE-2,CIRCLE-2,Overloading,L. Awasthi
KS06292611264,1095544663,"digital meter display kaam nahi kar raha, kuch bhi nahi dikh raha screen par",2026-06-29 15:06,2026-06-30 10:06,CLOSED,COLONELGANJ,COLONELGANJ SUBDIVISION,DIVISION-1,ZONE-1,CIRCLE-1,Meter Related,D. Yadav
KS06292610999,1054732325,"transformer bahut garam ho raha hai aur buzzing sound aa rahi hai, overload lag raha hai",2026-06-29 15:24,2026-06-30 17:24,CLOSED,KAKADEO,KAKADEO SUBDIVISION,DIVISION-4,ZONE-2,CIRCLE-2,Overloading,A. Hussain
KS06292610215,1090361448,"do mahine ka combined bill aaya hai, samajh nahi aa raha calculation",2026-06-29 15:29,2026-07-02 15:29,CLOSED,KAKADEO,KAKADEO SUBDIVISION,DIVISION-4,ZONE-2,CIRCLE-2,Billing Related,P. Kumar
KS06292610195,1070019603,"24 ghante se zyada ho gaye bijli gayi hue, ghar mein pani bhi nahi aa raha pump ke bina",2026-06-29 15:40,2026-06-30 00:40,CLOSED,JAJMAU,JAJMAU SUBDIVISION,DIVISION-3,ZONE-2,CIRCLE-2,Supply Related (Miscellaneous),A. Hussain
KS06292611713,1071434277,temporary connection ki application pending hai construction site ke liye,2026-06-29 15:56,,PENDING,KIDWAI NAGAR,KIDWAI NAGAR SUBDIVISION,DIVISION-2,ZONE-1,CIRCLE-1,New Connection,A. Hussain
KS06292611882,1071471345,"high tension line mein kharabi hai, JE sahab abhi tak nahi aaye",2026-06-29 16:02,2026-06-30 07:02,CLOSED,PANKI,PANKI SUBDIVISION,DIVISION-5,ZONE-2,CIRCLE-3,11KV Line Fault,S. Tiwari
KS06292612296,1047340206,"do mahine ka combined bill aaya hai, samajh nahi aa raha calculation",2026-06-29 16:15,2026-07-08 07:15,CLOSED,GOVIND NAGAR,GOVIND NAGAR SUBDIVISION,DIVISION-4,ZONE-2,CIRCLE-2,Billing Related,V. Mishra
KS06292610131,1037064109,"DT ka fuse baar baar gir raha hai, substation wale theek nahi karte, 3 baar shikayat kar chuke hain",2026-06-29 16:20,2026-07-02 08:20,CLOSED,DADA NAGAR,DADA NAGAR SUBDIVISION,DIVISION-5,ZONE-2,CIRCLE-3,Fuse Off Call (FOC),B. Gupta
KS06292612436,1025713056,meter ki reading bahut zyada aa rahi hai jabki consumption kam hua hai is mahine,2026-06-29 16:26,2026-06-30 03:26,CLOSED,VIKAS NAGAR,VIKAS NAGAR SUBDIVISION,DIVISION-5,ZONE-2,CIRCLE-3,Meter Related,B. Gupta
KS06292611958,1080824701,"load enhancement ke liye request diya tha, koi update nahi mila",2026-06-29 16:38,2026-07-07 21:38,CLOSED,RAWATPUR,RAWATPUR SUBDIVISION,DIVISION-3,ZONE-2,CIRCLE-2,New Connection,D. Yadav
KS06292610041,1061409186,"do mahine ka combined bill aaya hai, samajh nahi aa raha calculation",2026-06-29 16:41,2026-07-04 12:41,CLOSED,ARYA NAGAR,ARYA NAGAR SUBDIVISION,DIVISION-2,ZONE-1,CIRCLE-1,Billing Related,M. Verma
KS06292610528,1046681196,"pichle bill mein galat amount charge hua hai, correction chahiye",2026-06-29 16:43,,PENDING,VIKAS NAGAR,VIKAS NAGAR SUBDIVISION,DIVISION-5,ZONE-2,CIRCLE-3,Billing Related,L. Awasthi
KS06292610575,1085142021,"voltage up-down ho raha hai lagatar, appliances damage ho rahe hain",2026-06-29 17:08,2026-07-01 22:08,CLOSED,YASHODA NAGAR,YASHODA NAGAR SUBDIVISION,DIVISION-4,ZONE-2,CIRCLE-2,Voltage Fluctuation,N. Srivastava
KS06292611895,1017986104,"poore mohalle mein pichle 18 ghanto se supply band hai, bachche aur budhe pareshan hain",2026-06-29 17:16,2026-06-30 03:16,CLOSED,DADA NAGAR,DADA NAGAR SUBDIVISION,DIVISION-5,ZONE-2,CIRCLE-3,Supply Related (Miscellaneous),V. Mishra
KS06292611651,1066815731,"DT se lagatar humming noise aa rahi hai, sabko lagta hai kabhi bhi phat sakta hai",2026-06-29 17:22,2026-06-30 15:22,CLOSED,RAWATPUR,RAWATPUR SUBDIVISION,DIVISION-3,ZONE-2,CIRCLE-2,Overloading,A. Hussain
KS06292611554,1045878033,"transformer bahut garam ho raha hai aur buzzing sound aa rahi hai, overload lag raha hai",2026-06-29 17:42,2026-06-29 20:42,CLOSED,KIDWAI NAGAR,KIDWAI NAGAR SUBDIVISION,DIVISION-2,ZONE-1,CIRCLE-1,Overloading,A. Hussain
KS06292610427,1097293868,"load enhancement ke liye request diya tha, koi update nahi mila",2026-06-29 17:44,2026-06-30 19:44,CLOSED,PANKI,PANKI SUBDIVISION,DIVISION-5,ZONE-2,CIRCLE-3,New Connection,L. Awasthi
KS06292611626,1070019603,"high tension line mein kharabi hai, JE sahab abhi tak nahi aaye",2026-06-29 17:58,2026-06-29 19:58,CLOSED,BARRA,BARRA SUBDIVISION,DIVISION-5,ZONE-2,CIRCLE-3,11KV Line Fault,D. Yadav
KS06292610162,1025713056,"transformer bahut garam ho raha hai aur buzzing sound aa rahi hai, overload lag raha hai",2026-06-29 18:04,2026-06-30 07:04,CLOSED,BARRA,BARRA SUBDIVISION,DIVISION-5,ZONE-2,CIRCLE-3,Overloading,A. Hussain
KS06292612489,1080851040,naya meter lagne ke baad se reading galat aa rahi hai har mahine,2026-06-29 18:07,,PENDING,BARRA,BARRA SUBDIVISION,DIVISION-5,ZONE-2,CIRCLE-3,Meter Related,P. Kumar
KS06292611715,1019816472,"bill time par nahi mila is baar, late fee lag gayi hai bina wajah",2026-06-29 18:21,2026-07-04 04:21,CLOSED,JAJMAU,JAJMAU SUBDIVISION,DIVISION-3,ZONE-2,CIRCLE-2,Billing Related,S. Tiwari
KS06292611298,1030402878,"bill time par nahi mila is baar, late fee lag gayi hai bina wajah",2026-06-29 18:28,2026-07-01 05:28,CLOSED,COLONELGANJ,COLONELGANJ SUBDIVISION,DIVISION-1,ZONE-1,CIRCLE-1,Billing Related,P. Kumar
KS06292612030,1033614962,"transformer mein aag lag gayi aur dhuaan nikal raha hai, poori colony andhere mein hai",2026-06-29 18:41,2026-06-29 21:41,CLOSED,SWAROOP NAGAR,SWAROOP NAGAR SUBDIVISION,DIVISION-2,ZONE-1,CIRCLE-1,DT Damaged/DT Fuse Burnt/Fire on DT,P. Kumar
KS06292610085,1056922800,"khuli taar se sparking ho rahi hai road ke pass, karnt lagne ka khatra hai",2026-06-29 18:45,2026-06-29 21:45,CLOSED,ARYA NAGAR,ARYA NAGAR SUBDIVISION,DIVISION-2,ZONE-1,CIRCLE-1,Wire Snapping/Pole Fault,K. Pandey
KS06292610613,1084755543,"line ka fuse udh gaya tez hawa mein, dobara nahi laga abhi tak",2026-06-29 19:03,,PENDING,ARYA NAGAR,ARYA NAGAR SUBDIVISION,DIVISION-2,ZONE-1,CIRCLE-1,Fuse Off Call (FOC),N. Srivastava
KS06292611113,1089248280,"line ka fuse udh gaya tez hawa mein, dobara nahi laga abhi tak",2026-06-29 19:12,2026-07-02 16:12,CLOSED,JAJMAU,JAJMAU SUBDIVISION,DIVISION-3,ZONE-2,CIRCLE-2,Fuse Off Call (FOC),J. Singh
KS06292610690,1078833079,gर्मी mein overloading ki wajah se baar baar trip ho raha hai transformer,2026-06-29 19:12,2026-06-30 15:12,CLOSED,ARYA NAGAR,ARYA NAGAR SUBDIVISION,DIVISION-2,ZONE-1,CIRCLE-1,Overloading,P. Kumar
KS06292610448,1053737002,"transformer se dhuaan aur jalne ki smell aa rahi hai, turant madad chahiye",2026-06-29 19:17,2026-06-30 00:17,CLOSED,PANKI,PANKI SUBDIVISION,DIVISION-5,ZONE-2,CIRCLE-3,DT Damaged/DT Fuse Burnt/Fire on DT,M. Verma
KS06292610143,1092122653,"digital meter display kaam nahi kar raha, kuch bhi nahi dikh raha screen par",2026-06-29 19:21,2026-07-02 08:21,CLOSED,KIDWAI NAGAR,KIDWAI NAGAR SUBDIVISION,DIVISION-2,ZONE-1,CIRCLE-1,Meter Related,L. Awasthi
KS06292611142,1042450859,"pichle bill mein galat amount charge hua hai, correction chahiye",2026-06-29 19:26,2026-07-04 22:26,CLOSED,HARRISGANJ,HARRISGANJ SUBDIVISION,DIVISION-1,ZONE-1,CIRCLE-1,Billing Related,A. Hussain
KS06292611957,1066815731,"11KV ki taar sadak par gir gayi hai, log ke pass se guzar rahe hain, koi accident na ho jaye",2026-06-29 19:27,2026-06-29 23:27,CLOSED,PANKI,PANKI SUBDIVISION,DIVISION-5,ZONE-2,CIRCLE-3,Wire Snapping/Pole Fault,L. Awasthi
KS06292611965,1032484347,"11KV ki taar sadak par gir gayi hai, log ke pass se guzar rahe hain, koi accident na ho jaye",2026-06-29 19:38,2026-06-30 00:38,CLOSED,PANKI,PANKI SUBDIVISION,DIVISION-5,ZONE-2,CIRCLE-3,Wire Snapping/Pole Fault,D. Yadav
KS06292610669,1017844983,line fault ke karan pura substation area mein supply thap ho gayi hai,2026-06-29 19:48,2026-06-30 17:48,CLOSED,COLONELGANJ,COLONELGANJ SUBDIVISION,DIVISION-1,ZONE-1,CIRCLE-1,11KV Line Fault,R. Kashyap
KS06292610906,1039320244,"voltage bahut kam hai, sirf 180 volt aa raha hai, AC aur fridge kharab ho gaye",2026-06-29 20:01,2026-07-02 07:01,CLOSED,JAJMAU,JAJMAU SUBDIVISION,DIVISION-3,ZONE-2,CIRCLE-2,Voltage Fluctuation,D. Yadav
KS06292610733,1032870787,"11KV line mein fault aa gaya hai, 6 ghante se bijli band hai poore ilake mein",2026-06-29 20:02,2026-06-30 07:02,CLOSED,GOVIND NAGAR,GOVIND NAGAR SUBDIVISION,DIVISION-4,ZONE-2,CIRCLE-2,11KV Line Fault,L. Awasthi
KS06292612077,1050073891,"poore mohalle mein pichle 18 ghanto se supply band hai, bachche aur budhe pareshan hain",2026-06-29 20:04,,PENDING,PANKI,PANKI SUBDIVISION,DIVISION-5,ZONE-2,CIRCLE-3,Supply Related (Miscellaneous),K. Pandey
KS06292611802,1086828559,"24 ghante se zyada ho gaye bijli gayi hue, ghar mein pani bhi nahi aa raha pump ke bina",2026-06-29 20:09,2026-06-30 02:09,CLOSED,TATMILL,TATMILL SUBDIVISION,DIVISION-3,ZONE-2,CIRCLE-2,Supply Related (Miscellaneous),D. Yadav
KS06292610505,1097293868,"bill time par nahi mila is baar, late fee lag gayi hai bina wajah",2026-06-29 20:12,2026-07-01 02:12,CLOSED,JAJMAU,JAJMAU SUBDIVISION,DIVISION-3,ZONE-2,CIRCLE-2,Billing Related,N. Srivastava
KS06292610069,1059512209,"voltage bahut kam hai, sirf 180 volt aa raha hai, AC aur fridge kharab ho gaye",2026-06-29 20:25,2026-07-01 19:25,CLOSED,SWAROOP NAGAR,SWAROOP NAGAR SUBDIVISION,DIVISION-2,ZONE-1,CIRCLE-1,Voltage Fluctuation,A. Hussain
KS06292612272,1066354335,"pichle bill mein galat amount charge hua hai, correction chahiye",2026-06-29 20:43,2026-06-30 22:43,CLOSED,PANKI,PANKI SUBDIVISION,DIVISION-5,ZONE-2,CIRCLE-3,Billing Related,A. Hussain
KS06292610190,1066713676,"fuse off ho gaya hai kal raat se, poori gali mein andhera hai",2026-06-29 20:49,2026-07-01 17:49,CLOSED,HARRISGANJ,HARRISGANJ SUBDIVISION,DIVISION-1,ZONE-1,CIRCLE-1,Fuse Off Call (FOC),A. Hussain
KS06292611230,1056260071,gर्मी mein overloading ki wajah se baar baar trip ho raha hai transformer,2026-06-29 21:00,,PENDING,SWAROOP NAGAR,SWAROOP NAGAR SUBDIVISION,DIVISION-2,ZONE-1,CIRCLE-1,Overloading,J. Singh
KS06292612470,1072144598,"voltage bahut kam hai, sirf 180 volt aa raha hai, AC aur fridge kharab ho gaye",2026-06-29 21:13,2026-07-02 18:13,CLOSED,RING ROAD,RING ROAD SUBDIVISION,DIVISION-1,ZONE-1,CIRCLE-1,Voltage Fluctuation,M. Verma
KS06292610682,1024936286,"DT mein blast ho gaya, chingari nikal rahi hai, log dar ke maare ghar se bahar hain",2026-06-29 21:36,2026-06-30 01:36,CLOSED,RAWATPUR,RAWATPUR SUBDIVISION,DIVISION-3,ZONE-2,CIRCLE-2,DT Damaged/DT Fuse Burnt/Fire on DT,D. Yadav
KS06292610090,1020750359,"poore mohalle mein pichle 18 ghanto se supply band hai, bachche aur budhe pareshan hain",2026-06-29 21:43,2026-06-30 04:43,CLOSED,COLONELGANJ,COLONELGANJ SUBDIVISION,DIVISION-1,ZONE-1,CIRCLE-1,Supply Related (Miscellaneous),R. Kashyap
KS06292610061,1051634004,"voltage bahut kam hai, sirf 180 volt aa raha hai, AC aur fridge kharab ho gaye",2026-06-29 21:48,2026-06-30 03:48,CLOSED,DADA NAGAR,DADA NAGAR SUBDIVISION,DIVISION-5,ZONE-2,CIRCLE-3,Voltage Fluctuation,J. Singh
KS06292610619,1037836271,"transformer mein aag lag gayi aur dhuaan nikal raha hai, poori colony andhere mein hai",2026-06-29 21:59,2026-06-30 01:59,CLOSED,HARRISGANJ,HARRISGANJ SUBDIVISION,DIVISION-1,ZONE-1,CIRCLE-1,DT Damaged/DT Fuse Burnt/Fire on DT,M. Verma
KS06292611688,1057258390,"digital meter display kaam nahi kar raha, kuch bhi nahi dikh raha screen par",2026-06-29 22:04,2026-06-30 17:04,CLOSED,BARRA,BARRA SUBDIVISION,DIVISION-5,ZONE-2,CIRCLE-3,Meter Related,N. Srivastava
KS06292610543,1051210762,"DT ka fuse baar baar gir raha hai, substation wale theek nahi karte, 3 baar shikayat kar chuke hain",2026-06-29 22:15,2026-06-30 22:15,CLOSED,DADA NAGAR,DADA NAGAR SUBDIVISION,DIVISION-5,ZONE-2,CIRCLE-3,Fuse Off Call (FOC),A. Hussain
KS06292610334,1070919029,"poore mohalle mein pichle 18 ghanto se supply band hai, bachche aur budhe pareshan hain",2026-06-29 22:37,2026-07-01 02:37,CLOSED,JAJMAU,JAJMAU SUBDIVISION,DIVISION-3,ZONE-2,CIRCLE-2,Supply Related (Miscellaneous),S. Tiwari
KS06292611235,1078247221,"11KV ki taar sadak par gir gayi hai, log ke pass se guzar rahe hain, koi accident na ho jaye",2026-06-29 23:23,2026-06-30 03:23,CLOSED,KIDWAI NAGAR,KIDWAI NAGAR SUBDIVISION,DIVISION-2,ZONE-1,CIRCLE-1,Wire Snapping/Pole Fault,V. Mishra
KS06292612364,1096536651,naya meter lagne ke baad se reading galat aa rahi hai har mahine,2026-06-29 23:34,2026-07-01 00:34,CLOSED,PANKI,PANKI SUBDIVISION,DIVISION-5,ZONE-2,CIRCLE-3,Meter Related,P. Kumar
KS06302610933,1079437812,"bill time par nahi mila is baar, late fee lag gayi hai bina wajah",2026-06-30 01:33,,PENDING,SWAROOP NAGAR,SWAROOP NAGAR SUBDIVISION,DIVISION-2,ZONE-1,CIRCLE-1,Billing Related,D. Yadav
KS06302611172,1085142021,"transformer bahut garam ho raha hai aur buzzing sound aa rahi hai, overload lag raha hai",2026-06-30 01:53,2026-06-30 17:53,CLOSED,VIKAS NAGAR,VIKAS NAGAR SUBDIVISION,DIVISION-5,ZONE-2,CIRCLE-3,Overloading,J. Singh
KS06302612285,1058441680,"khuli taar se sparking ho rahi hai road ke pass, karnt lagne ka khatra hai",2026-06-30 03:37,2026-06-30 04:37,CLOSED,PANKI,PANKI SUBDIVISION,DIVISION-5,ZONE-2,CIRCLE-3,Wire Snapping/Pole Fault,V. Mishra
KS06302611524,1061409186,"pichle bill mein galat amount charge hua hai, correction chahiye",2026-06-30 04:45,,PENDING,GOVIND NAGAR,GOVIND NAGAR SUBDIVISION,DIVISION-4,ZONE-2,CIRCLE-2,Billing Related,V. Mishra
KS06302612061,1070592564,"transformer bahut garam ho raha hai aur buzzing sound aa rahi hai, overload lag raha hai",2026-06-30 05:56,2026-07-01 09:56,CLOSED,DADA NAGAR,DADA NAGAR SUBDIVISION,DIVISION-5,ZONE-2,CIRCLE-3,Overloading,D. Yadav
KS06302611391,1040540696,"pichle bill mein galat amount charge hua hai, correction chahiye",2026-06-30 06:39,,PENDING,YASHODA NAGAR,YASHODA NAGAR SUBDIVISION,DIVISION-4,ZONE-2,CIRCLE-2,Billing Related,P. Kumar
KS06302611916,1056264337,naya meter lagne ke baad se reading galat aa rahi hai har mahine,2026-06-30 06:42,2026-07-02 00:42,CLOSED,KAKADEO,KAKADEO SUBDIVISION,DIVISION-4,ZONE-2,CIRCLE-2,Meter Related,A. Hussain
KS06302610086,1041752160,"pichle bill mein galat amount charge hua hai, correction chahiye",2026-06-30 07:00,2026-07-09 17:00,CLOSED,KIDWAI NAGAR,KIDWAI NAGAR SUBDIVISION,DIVISION-2,ZONE-1,CIRCLE-1,Billing Related,B. Gupta
KS06302612008,1047778882,"24 ghante se zyada ho gaye bijli gayi hue, ghar mein pani bhi nahi aa raha pump ke bina",2026-06-30 07:28,2026-06-30 09:28,CLOSED,TATMILL,TATMILL SUBDIVISION,DIVISION-3,ZONE-2,CIRCLE-2,Supply Related (Miscellaneous),N. Srivastava
KS06302611692,1044687280,gर्मी mein overloading ki wajah se baar baar trip ho raha hai transformer,2026-06-30 07:34,2026-06-30 20:34,CLOSED,YASHODA NAGAR,YASHODA NAGAR SUBDIVISION,DIVISION-4,ZONE-2,CIRCLE-2,Overloading,N. Srivastava
KS06302610468,1040816583,"poore mohalle mein pichle 18 ghanto se supply band hai, bachche aur budhe pareshan hain",2026-06-30 07:38,2026-07-01 12:38,CLOSED,JAJMAU,JAJMAU SUBDIVISION,DIVISION-3,ZONE-2,CIRCLE-2,Supply Related (Miscellaneous),P. Kumar
KS06302610436,1049986788,"poore mohalle mein pichle 18 ghanto se supply band hai, bachche aur budhe pareshan hain",2026-06-30 07:59,2026-07-01 08:59,CLOSED,TATMILL,TATMILL SUBDIVISION,DIVISION-3,ZONE-2,CIRCLE-2,Supply Related (Miscellaneous),L. Awasthi
KS06302610344,1038769900,"bill time par nahi mila is baar, late fee lag gayi hai bina wajah",2026-06-30 08:42,2026-07-07 20:42,CLOSED,KIDWAI NAGAR,KIDWAI NAGAR SUBDIVISION,DIVISION-2,ZONE-1,CIRCLE-1,Billing Related,A. Hussain
KS06302610397,1092996209,gर्मी mein overloading ki wajah se baar baar trip ho raha hai transformer,2026-06-30 09:42,2026-07-01 09:42,CLOSED,PANKI,PANKI SUBDIVISION,DIVISION-5,ZONE-2,CIRCLE-3,Overloading,R. Kashyap
KS06302612129,1056762268,"DT mein blast ho gaya, chingari nikal rahi hai, log dar ke maare ghar se bahar hain",2026-06-30 10:16,2026-06-30 14:16,CLOSED,PANKI,PANKI SUBDIVISION,DIVISION-5,ZONE-2,CIRCLE-3,DT Damaged/DT Fuse Burnt/Fire on DT,S. Tiwari
KS06302610817,1065136515,"voltage bahut kam hai, sirf 180 volt aa raha hai, AC aur fridge kharab ho gaye",2026-06-30 10:18,,PENDING,GOVIND NAGAR,GOVIND NAGAR SUBDIVISION,DIVISION-4,ZONE-2,CIRCLE-2,Voltage Fluctuation,S. Tiwari
KS06302610181,1088034442,temporary connection ki application pending hai construction site ke liye,2026-06-30 10:20,2026-07-04 04:20,CLOSED,BARRA,BARRA SUBDIVISION,DIVISION-5,ZONE-2,CIRCLE-3,New Connection,K. Pandey
KS06302610666,1031819720,"pichle bill mein galat amount charge hua hai, correction chahiye",2026-06-30 10:20,2026-07-02 22:20,CLOSED,GOVIND NAGAR,GOVIND NAGAR SUBDIVISION,DIVISION-4,ZONE-2,CIRCLE-2,Billing Related,B. Gupta
KS06302612412,1020386771,"voltage bahut kam hai, sirf 180 volt aa raha hai, AC aur fridge kharab ho gaye",2026-06-30 10:54,2026-07-02 02:54,CLOSED,TATMILL,TATMILL SUBDIVISION,DIVISION-3,ZONE-2,CIRCLE-2,Voltage Fluctuation,N. Srivastava
KS06302610726,1056762268,"transformer bahut garam ho raha hai aur buzzing sound aa rahi hai, overload lag raha hai",2026-06-30 10:55,2026-06-30 13:55,CLOSED,TATMILL,TATMILL SUBDIVISION,DIVISION-3,ZONE-2,CIRCLE-2,Overloading,V. Mishra
KS06302610509,1093356396,"aspatal mein 20 ghante se bijli nahi hai, generator ka diesel bhi khatam hone wala hai",2026-06-30 11:10,2026-07-01 07:10,CLOSED,COLONELGANJ,COLONELGANJ SUBDIVISION,DIVISION-1,ZONE-1,CIRCLE-1,Supply Related (Miscellaneous),M. Verma
KS06302612307,1020525250,"voltage bahut kam hai, sirf 180 volt aa raha hai, AC aur fridge kharab ho gaye",2026-06-30 11:33,2026-07-02 11:33,CLOSED,JAJMAU,JAJMAU SUBDIVISION,DIVISION-3,ZONE-2,CIRCLE-2,Voltage Fluctuation,D. Yadav
KS06302610496,1094631626,low voltage ki wajah se motor start nahi ho pa rahi hai,2026-06-30 11:45,2026-07-02 15:45,CLOSED,GOVIND NAGAR,GOVIND NAGAR SUBDIVISION,DIVISION-4,ZONE-2,CIRCLE-2,Voltage Fluctuation,K. Pandey
KS06302612056,1025748005,"DT ka fuse baar baar gir raha hai, substation wale theek nahi karte, 3 baar shikayat kar chuke hain",2026-06-30 11:54,2026-07-01 02:54,CLOSED,BARRA,BARRA SUBDIVISION,DIVISION-5,ZONE-2,CIRCLE-3,Fuse Off Call (FOC),M. Verma
KS06302612288,1028709446,"24 ghante se zyada ho gaye bijli gayi hue, ghar mein pani bhi nahi aa raha pump ke bina",2026-06-30 12:10,2026-06-30 15:10,CLOSED,JAJMAU,JAJMAU SUBDIVISION,DIVISION-3,ZONE-2,CIRCLE-2,Supply Related (Miscellaneous),K. Pandey
KS06302611131,1067808566,"voltage bahut kam hai, sirf 180 volt aa raha hai, AC aur fridge kharab ho gaye",2026-06-30 12:16,2026-07-02 02:16,CLOSED,RING ROAD,RING ROAD SUBDIVISION,DIVISION-1,ZONE-1,CIRCLE-1,Voltage Fluctuation,L. Awasthi
KS06302611629,1085662654,low voltage ki wajah se motor start nahi ho pa rahi hai,2026-06-30 12:33,,PENDING,DADA NAGAR,DADA NAGAR SUBDIVISION,DIVISION-5,ZONE-2,CIRCLE-3,Voltage Fluctuation,V. Mishra
KS06302612183,1054805409,"poore mohalle mein pichle 18 ghanto se supply band hai, bachche aur budhe pareshan hain",2026-06-30 12:33,2026-07-01 06:33,CLOSED,PANKI,PANKI SUBDIVISION,DIVISION-5,ZONE-2,CIRCLE-3,Supply Related (Miscellaneous),P. Kumar
KS06302611293,1032331851,"high tension line mein kharabi hai, JE sahab abhi tak nahi aaye",2026-06-30 12:37,2026-07-01 01:37,CLOSED,COLONELGANJ,COLONELGANJ SUBDIVISION,DIVISION-1,ZONE-1,CIRCLE-1,11KV Line Fault,A. Hussain
KS06302612498,1050254811,"bill time par nahi mila is baar, late fee lag gayi hai bina wajah",2026-06-30 13:07,2026-07-02 04:07,CLOSED,ARYA NAGAR,ARYA NAGAR SUBDIVISION,DIVISION-2,ZONE-1,CIRCLE-1,Billing Related,J. Singh
KS06302611709,1089898549,"transformer bahut garam ho raha hai aur buzzing sound aa rahi hai, overload lag raha hai",2026-06-30 13:20,2026-06-30 19:20,CLOSED,VIKAS NAGAR,VIKAS NAGAR SUBDIVISION,DIVISION-5,ZONE-2,CIRCLE-3,Overloading,J. Singh
KS06302610859,1071047954,low voltage ki wajah se motor start nahi ho pa rahi hai,2026-06-30 13:28,2026-07-01 02:28,CLOSED,RAWATPUR,RAWATPUR SUBDIVISION,DIVISION-3,ZONE-2,CIRCLE-2,Voltage Fluctuation,N. Srivastava
KS06302612376,1069306696,"load enhancement ke liye request diya tha, koi update nahi mila",2026-06-30 13:51,2026-07-10 06:51,CLOSED,COLONELGANJ,COLONELGANJ SUBDIVISION,DIVISION-1,ZONE-1,CIRCLE-1,New Connection,J. Singh
KS06302611810,1089854904,"transformer bahut garam ho raha hai aur buzzing sound aa rahi hai, overload lag raha hai",2026-06-30 13:57,2026-07-01 13:57,CLOSED,SWAROOP NAGAR,SWAROOP NAGAR SUBDIVISION,DIVISION-2,ZONE-1,CIRCLE-1,Overloading,D. Yadav
KS06302610620,1032331851,"pichle bill mein galat amount charge hua hai, correction chahiye",2026-06-30 14:02,2026-07-06 06:02,CLOSED,VIKAS NAGAR,VIKAS NAGAR SUBDIVISION,DIVISION-5,ZONE-2,CIRCLE-3,Billing Related,S. Tiwari
KS06302611376,1074060385,"digital meter display kaam nahi kar raha, kuch bhi nahi dikh raha screen par",2026-06-30 14:11,2026-07-02 04:11,CLOSED,KAKADEO,KAKADEO SUBDIVISION,DIVISION-4,ZONE-2,CIRCLE-2,Meter Related,L. Awasthi
KS06302610489,1021776180,low voltage ki wajah se motor start nahi ho pa rahi hai,2026-06-30 14:26,2026-07-02 01:26,CLOSED,KIDWAI NAGAR,KIDWAI NAGAR SUBDIVISION,DIVISION-2,ZONE-1,CIRCLE-1,Voltage Fluctuation,J. Singh
KS06302610986,1010000078,"11KV line mein fault aa gaya hai, 6 ghante se bijli band hai poore ilake mein",2026-06-30 14:33,2026-07-01 14:33,CLOSED,RING ROAD,RING ROAD SUBDIVISION,DIVISION-1,ZONE-1,CIRCLE-1,11KV Line Fault,S. Tiwari
KS06302611539,1048048120,low voltage ki wajah se motor start nahi ho pa rahi hai,2026-06-30 14:39,,PENDING,TATMILL,TATMILL SUBDIVISION,DIVISION-3,ZONE-2,CIRCLE-2,Voltage Fluctuation,R. Kashyap
KS06302610714,1030389322,"pichle bill mein galat amount charge hua hai, correction chahiye",2026-06-30 15:06,2026-07-07 07:06,CLOSED,KIDWAI NAGAR,KIDWAI NAGAR SUBDIVISION,DIVISION-2,ZONE-1,CIRCLE-1,Billing Related,P. Kumar
KS06302610558,1040092330,naya meter lagne ke baad se reading galat aa rahi hai har mahine,2026-06-30 15:17,,PENDING,RING ROAD,RING ROAD SUBDIVISION,DIVISION-1,ZONE-1,CIRCLE-1,Meter Related,B. Gupta
KS06302611785,1077868149,"naye ghar ke liye connection application diye hue ek mahina ho gaya hai, abhi tak survey nahi hua",2026-06-30 15:23,2026-07-03 11:23,CLOSED,TATMILL,TATMILL SUBDIVISION,DIVISION-3,ZONE-2,CIRCLE-2,New Connection,A. Hussain
KS06302612115,1085227666,"fuse off ho gaya hai kal raat se, poori gali mein andhera hai",2026-06-30 15:27,,PENDING,BARRA,BARRA SUBDIVISION,DIVISION-5,ZONE-2,CIRCLE-3,Fuse Off Call (FOC),B. Gupta
KS06302611431,1015377488,naya meter lagne ke baad se reading galat aa rahi hai har mahine,2026-06-30 15:28,,PENDING,PANKI,PANKI SUBDIVISION,DIVISION-5,ZONE-2,CIRCLE-3,Meter Related,P. Kumar
KS06302610380,1070781001,"voltage bahut kam hai, sirf 180 volt aa raha hai, AC aur fridge kharab ho gaye",2026-06-30 15:42,2026-07-03 10:42,CLOSED,SWAROOP NAGAR,SWAROOP NAGAR SUBDIVISION,DIVISION-2,ZONE-1,CIRCLE-1,Voltage Fluctuation,J. Singh
KS06302612201,1016049633,"DT ka fuse baar baar gir raha hai, substation wale theek nahi karte, 3 baar shikayat kar chuke hain",2026-06-30 15:55,2026-07-03 00:55,CLOSED,RING ROAD,RING ROAD SUBDIVISION,DIVISION-1,ZONE-1,CIRCLE-1,Fuse Off Call (FOC),V. Mishra
KS06302612437,1024939361,meter ki reading bahut zyada aa rahi hai jabki consumption kam hua hai is mahine,2026-06-30 16:05,2026-07-01 20:05,CLOSED,HARRISGANJ,HARRISGANJ SUBDIVISION,DIVISION-1,ZONE-1,CIRCLE-1,Meter Related,K. Pandey
KS06302611621,1075792687,"voltage up-down ho raha hai lagatar, appliances damage ho rahe hain",2026-06-30 16:19,2026-07-01 10:19,CLOSED,PANKI,PANKI SUBDIVISION,DIVISION-5,ZONE-2,CIRCLE-3,Voltage Fluctuation,B. Gupta
KS06302612322,1046844295,line fault ke karan pura substation area mein supply thap ho gayi hai,2026-06-30 16:25,2026-06-30 19:25,CLOSED,TATMILL,TATMILL SUBDIVISION,DIVISION-3,ZONE-2,CIRCLE-2,11KV Line Fault,P. Kumar
KS06302610225,1099115191,"DT ka fuse baar baar gir raha hai, substation wale theek nahi karte, 3 baar shikayat kar chuke hain",2026-06-30 16:27,2026-07-01 04:27,CLOSED,VIKAS NAGAR,VIKAS NAGAR SUBDIVISION,DIVISION-5,ZONE-2,CIRCLE-3,Fuse Off Call (FOC),B. Gupta
KS06302611278,1072144598,"load enhancement ke liye request diya tha, koi update nahi mila",2026-06-30 16:56,2026-07-05 13:56,CLOSED,COLONELGANJ,COLONELGANJ SUBDIVISION,DIVISION-1,ZONE-1,CIRCLE-1,New Connection,R. Kashyap
KS06302610883,1028194349,low voltage ki wajah se motor start nahi ho pa rahi hai,2026-06-30 17:11,2026-07-02 09:11,CLOSED,KIDWAI NAGAR,KIDWAI NAGAR SUBDIVISION,DIVISION-2,ZONE-1,CIRCLE-1,Voltage Fluctuation,B. Gupta
KS06302610990,1011115749,naya meter lagne ke baad se reading galat aa rahi hai har mahine,2026-06-30 17:20,2026-07-02 00:20,CLOSED,PANKI,PANKI SUBDIVISION,DIVISION-5,ZONE-2,CIRCLE-3,Meter Related,N. Srivastava
KS06302611706,1064355019,"11KV ki taar sadak par gir gayi hai, log ke pass se guzar rahe hain, koi accident na ho jaye",2026-06-30 17:30,2026-06-30 21:30,CLOSED,RAWATPUR,RAWATPUR SUBDIVISION,DIVISION-3,ZONE-2,CIRCLE-2,Wire Snapping/Pole Fault,N. Srivastava
KS06302611173,1045645872,"bill time par nahi mila is baar, late fee lag gayi hai bina wajah",2026-06-30 17:37,,PENDING,BARRA,BARRA SUBDIVISION,DIVISION-5,ZONE-2,CIRCLE-3,Billing Related,J. Singh
KS06302610571,1039722400,"naye ghar ke liye connection application diye hue ek mahina ho gaya hai, abhi tak survey nahi hua",2026-06-30 17:51,2026-07-03 11:51,CLOSED,ARYA NAGAR,ARYA NAGAR SUBDIVISION,DIVISION-2,ZONE-1,CIRCLE-1,New Connection,K. Pandey
KS06302610993,1096192405,"transformer bahut garam ho raha hai aur buzzing sound aa rahi hai, overload lag raha hai",2026-06-30 17:54,2026-07-01 11:54,CLOSED,YASHODA NAGAR,YASHODA NAGAR SUBDIVISION,DIVISION-4,ZONE-2,CIRCLE-2,Overloading,P. Kumar
KS06302610458,1031447484,"pichle bill mein galat amount charge hua hai, correction chahiye",2026-06-30 18:10,2026-07-02 10:10,CLOSED,TATMILL,TATMILL SUBDIVISION,DIVISION-3,ZONE-2,CIRCLE-2,Billing Related,B. Gupta
KS06302610230,1084564489,"poore mohalle mein pichle 18 ghanto se supply band hai, bachche aur budhe pareshan hain",2026-06-30 18:14,2026-06-30 22:14,CLOSED,RAWATPUR,RAWATPUR SUBDIVISION,DIVISION-3,ZONE-2,CIRCLE-2,Supply Related (Miscellaneous),B. Gupta
KS06302612457,1084064228,"pole gir gaya hai bijli ki taar ke saath, bahut khatarnak sthiti hai",2026-06-30 18:16,2026-07-01 00:16,CLOSED,RAWATPUR,RAWATPUR SUBDIVISION,DIVISION-3,ZONE-2,CIRCLE-2,Wire Snapping/Pole Fault,M. Verma
KS06302611152,1083354033,"pole gir gaya hai bijli ki taar ke saath, bahut khatarnak sthiti hai",2026-06-30 18:34,2026-06-30 22:34,CLOSED,VIKAS NAGAR,VIKAS NAGAR SUBDIVISION,DIVISION-5,ZONE-2,CIRCLE-3,Wire Snapping/Pole Fault,N. Srivastava
KS06302611993,1024688601,"khuli taar se sparking ho rahi hai road ke pass, karnt lagne ka khatra hai",2026-06-30 18:40,2026-07-01 01:40,CLOSED,HARRISGANJ,HARRISGANJ SUBDIVISION,DIVISION-1,ZONE-1,CIRCLE-1,Wire Snapping/Pole Fault,M. Verma
KS06302610235,1065190570,"do mahine ka combined bill aaya hai, samajh nahi aa raha calculation",2026-06-30 18:41,,PENDING,YASHODA NAGAR,YASHODA NAGAR SUBDIVISION,DIVISION-4,ZONE-2,CIRCLE-2,Billing Related,P. Kumar
KS06302612453,1020386771,"do mahine ka combined bill aaya hai, samajh nahi aa raha calculation",2026-06-30 18:44,2026-07-07 02:44,CLOSED,YASHODA NAGAR,YASHODA NAGAR SUBDIVISION,DIVISION-4,ZONE-2,CIRCLE-2,Billing Related,K. Pandey
KS06302610245,1044264974,"naye ghar ke liye connection application diye hue ek mahina ho gaya hai, abhi tak survey nahi hua",2026-06-30 19:05,2026-07-03 18:05,CLOSED,HARRISGANJ,HARRISGANJ SUBDIVISION,DIVISION-1,ZONE-1,CIRCLE-1,New Connection,D. Yadav
KS06302612083,1084617881,"aspatal mein 20 ghante se bijli nahi hai, generator ka diesel bhi khatam hone wala hai",2026-06-30 19:24,2026-07-01 19:24,CLOSED,RING ROAD,RING ROAD SUBDIVISION,DIVISION-1,ZONE-1,CIRCLE-1,Supply Related (Miscellaneous),S. Tiwari
KS06302611838,1091224096,"bill time par nahi mila is baar, late fee lag gayi hai bina wajah",2026-06-30 19:27,2026-07-09 10:27,CLOSED,RAWATPUR,RAWATPUR SUBDIVISION,DIVISION-3,ZONE-2,CIRCLE-2,Billing Related,S. Tiwari
KS06302611369,1047778882,"11KV line mein fault aa gaya hai, 6 ghante se bijli band hai poore ilake mein",2026-06-30 19:31,2026-07-01 05:31,CLOSED,YASHODA NAGAR,YASHODA NAGAR SUBDIVISION,DIVISION-4,ZONE-2,CIRCLE-2,11KV Line Fault,N. Srivastava
KS06302610896,1064355019,"transformer bahut garam ho raha hai aur buzzing sound aa rahi hai, overload lag raha hai",2026-06-30 19:38,2026-07-01 11:38,CLOSED,JAJMAU,JAJMAU SUBDIVISION,DIVISION-3,ZONE-2,CIRCLE-2,Overloading,J. Singh
KS06302612332,1094723020,"pichle bill mein galat amount charge hua hai, correction chahiye",2026-06-30 19:59,,PENDING,VIKAS NAGAR,VIKAS NAGAR SUBDIVISION,DIVISION-5,ZONE-2,CIRCLE-3,Billing Related,N. Srivastava
KS06302610631,1045414919,"do mahine ka combined bill aaya hai, samajh nahi aa raha calculation",2026-06-30 20:19,,PENDING,TATMILL,TATMILL SUBDIVISION,DIVISION-3,ZONE-2,CIRCLE-2,Billing Related,R. Kashyap
KS06302611122,1045181372,"do mahine ka combined bill aaya hai, samajh nahi aa raha calculation",2026-06-30 20:19,2026-07-03 02:19,CLOSED,TATMILL,TATMILL SUBDIVISION,DIVISION-3,ZONE-2,CIRCLE-2,Billing Related,P. Kumar
KS06302610686,1075343807,low voltage ki wajah se motor start nahi ho pa rahi hai,2026-06-30 20:22,,PENDING,YASHODA NAGAR,YASHODA NAGAR SUBDIVISION,DIVISION-4,ZONE-2,CIRCLE-2,Voltage Fluctuation,J. Singh
KS06302610705,1076525508,low voltage ki wajah se motor start nahi ho pa rahi hai,2026-06-30 20:30,2026-07-02 19:30,CLOSED,JAJMAU,JAJMAU SUBDIVISION,DIVISION-3,ZONE-2,CIRCLE-2,Voltage Fluctuation,B. Gupta
KS06302612393,1050604503,"transformer mein aag lag gayi aur dhuaan nikal raha hai, poori colony andhere mein hai",2026-06-30 20:57,2026-06-30 21:57,CLOSED,RING ROAD,RING ROAD SUBDIVISION,DIVISION-1,ZONE-1,CIRCLE-1,DT Damaged/DT Fuse Burnt/Fire on DT,K. Pandey
KS06302610243,1041626976,low voltage ki wajah se motor start nahi ho pa rahi hai,2026-06-30 21:14,2026-07-02 00:14,CLOSED,COLONELGANJ,COLONELGANJ SUBDIVISION,DIVISION-1,ZONE-1,CIRCLE-1,Voltage Fluctuation,V. Mishra
KS06302610421,1077786938,"DT mein blast ho gaya, chingari nikal rahi hai, log dar ke maare ghar se bahar hain",2026-06-30 21:40,2026-07-01 00:40,CLOSED,KAKADEO,KAKADEO SUBDIVISION,DIVISION-4,ZONE-2,CIRCLE-2,DT Damaged/DT Fuse Burnt/Fire on DT,D. Yadav
KS06302611734,1014196263,"load enhancement ke liye request diya tha, koi update nahi mila",2026-06-30 21:43,,PENDING,KAKADEO,KAKADEO SUBDIVISION,DIVISION-4,ZONE-2,CIRCLE-2,New Connection,V. Mishra
KS06302610273,1016049633,meter ki reading bahut zyada aa rahi hai jabki consumption kam hua hai is mahine,2026-06-30 22:32,2026-07-03 11:32,CLOSED,KAKADEO,KAKADEO SUBDIVISION,DIVISION-4,ZONE-2,CIRCLE-2,Meter Related,D. Yadav
KS06302611411,1096642904,"fuse off ho gaya hai kal raat se, poori gali mein andhera hai",2026-06-30 22:54,2026-07-02 13:54,CLOSED,PANKI,PANKI SUBDIVISION,DIVISION-5,ZONE-2,CIRCLE-3,Fuse Off Call (FOC),P. Kumar
KS06302610053,1091224096,"digital meter display kaam nahi kar raha, kuch bhi nahi dikh raha screen par",2026-06-30 23:07,2026-07-03 19:07,CLOSED,COLONELGANJ,COLONELGANJ SUBDIVISION,DIVISION-1,ZONE-1,CIRCLE-1,Meter Related,A. Hussain
